Customer_ID,Monthly_Spending,Purchase_Frequency,Membership,Annual_Spending,Customer_Lifetime_Value
30,83106.04,28,Premium,1168262.73,23642920.54
1430,61419.73,48,Premium,966591.96,18122964.77
1077,68185.13,26,Premium,957075.96,17931520.9
1737,99232.49,27,Gold,1305239.88,17544500.78
1548,63513.64,51,Gold,990349.68,17396077.33
2100,67210.12,10,Premium,996007.44,17284481.49
2575,69798.71,23,Silver,1145928.27,16779662.72
222,81260.19,3,Premium,1014254.73,16751032.78
1667,69598.33,52,Premium,882860.61,16294021.85
1576,67859.2,22,Gold,1045203.3,16076975.06
