Customer_ID,Age,Gender,City,Monthly_Income,Previous_Purchases,Website_Visits,Time_On_Website,Discount_Usage,Loyalty_Years,Membership,Cart_Additions,Promotion_Clicks,Purchased
10001,56,Male,Kathmandu,172697,8,42,39.7,9,8.0,Silver,7,6,Yes
10002,46,Female,Kathmandu,148557,20,98,32.7,72,4.9,Basic,6,4,Yes
10003,32,Male,Kathmandu,47076,19,65,41.0,58,3.0,Basic,6,8,Yes
10004,60,Female,Pokhara,215877,6,31,41.3,30,6.4,Basic,11,3,Yes
10005,25,Female,Bhaktapur,64605,3,30,38.1,27,2.9,Silver,9,9,Yes
10006,38,Male,Chitwan,104565,12,18,16.7,59,2.4,Gold,13,0,Yes
10007,56,Male,Kathmandu,239581,12,17,3.3,2,7.3,Basic,9,7,Yes
10008,36,Female,Pokhara,59121,9,38,27.9,54,0.4,Silver,9,7,Yes
10009,40,Male,Pokhara,216173,17,14,53.6,13,0.9,Basic,3,6,Yes
10010,28,Female,Pokhara,51433,16,87,34.6,57,0.1,Silver,12,7,Yes
10011,28,Male,Bhaktapur,63309,19,89,50.1,88,1.5,Basic,14,1,Yes
10012,41,Male,Chitwan,87468,19,79,59.5,14,0.7,Basic,10,2,Yes
10013,53,Female,Bhaktapur,195326,12,56,10.7,1,10.0,Gold,5,8,Yes
10014,57,Male,Lalitpur,87293,16,22,41.8,23,2.9,Silver,15,0,Yes
10015,41,Female,Pokhara,116258,3,67,40.8,77,1.5,Basic,12,7,Yes
10016,20,Male,Lalitpur,188925,0,56,58.8,63,2.4,Basic,8,7,Yes
10017,39,Female,Biratnagar,58405,0,19,59.2,70,9.4,Basic,14,6,Yes
10018,19,Female,Kathmandu,217724,14,57,41.5,99,5.2,Basic,13,10,Yes
10019,41,Male,Kathmandu,63527,12,44,15.4,23,3.6,Gold,2,4,Yes
10020,61,Female,Bhaktapur,97227,16,98,48.1,26,8.7,Gold,14,3,Yes
10021,47,Male,Chitwan,151564,7,35,7.3,36,3.9,Basic,8,9,Yes
10022,55,Male,Lalitpur,244490,17,1,47.1,93,3.4,Basic,3,9,Yes
10023,19,Male,Chitwan,159883,12,52,54.7,90,2.1,Gold,4,9,Yes
10024,38,Female,Bhaktapur,113344,13,85,23.6,38,3.8,Basic,6,9,Yes
10025,50,Female,Kathmandu,175344,7,93,38.2,62,3.2,Silver,5,5,Yes
10026,29,Male,Chitwan,245007,7,70,26.4,78,6.8,Basic,9,10,Yes
10027,39,Male,Chitwan,223082,14,37,26.8,25,2.9,Silver,7,0,Yes
10028,61,Female,Kathmandu,243564,12,65,19.3,64,5.8,Silver,7,4,Yes
10029,42,Male,Lalitpur,67153,6,51,46.0,3,0.7,Gold,7,3,Yes
10030,44,Male,Kathmandu,128042,4,1,56.2,28,1.9,Silver,2,3,Yes
10031,59,Female,Chitwan,74110,16,91,56.5,0,4.1,Basic,14,6,Yes
10032,45,Male,Lalitpur,165051,15,21,11.3,49,9.4,Silver,15,8,Yes
10033,33,Female,Lalitpur,48328,1,53,52.6,85,3.8,Gold,13,7,Yes
10034,32,Male,Kathmandu,132911,17,16,44.5,10,6.6,Basic,9,10,Yes
10035,64,Female,Chitwan,32867,16,61,15.9,73,2.6,Basic,5,7,Yes
10036,61,Male,Bhaktapur,79234,6,54,5.0,58,1.3,Basic,6,4,Yes
10037,20,Male,Chitwan,45851,12,40,16.8,61,0.6,Basic,8,5,Yes
10038,54,Female,Pokhara,51279,17,26,54.8,80,3.1,Basic,9,1,Yes
10039,24,Male,Biratnagar,247135,13,80,38.4,35,1.6,Silver,9,10,Yes
10040,38,Female,Bhaktapur,93402,17,92,43.5,55,1.7,Basic,13,2,Yes
10041,26,Male,Lalitpur,35449,12,65,16.2,89,7.6,Gold,11,4,Yes
10042,56,Female,Bhaktapur,96221,10,100,43.4,20,0.2,Basic,14,1,Yes
10043,35,Female,Lalitpur,109080,20,74,2.7,12,5.6,Basic,15,2,Yes
10044,21,Female,Lalitpur,25451,20,64,23.1,8,3.8,Basic,3,3,Yes
10045,42,Female,Bhaktapur,107178,15,43,38.0,10,5.1,Basic,4,5,Yes
10046,31,Male,Lalitpur,192388,16,17,9.6,74,5.6,Basic,7,4,Yes
10047,26,Male,Lalitpur,214136,7,59,49.6,69,3.1,Basic,0,9,Yes
10048,43,Female,Pokhara,83761,18,23,14.9,0,3.0,Basic,11,3,Yes
10049,19,Female,Chitwan,58870,19,7,39.5,69,7.3,Silver,5,1,Yes
10050,37,Female,Chitwan,116566,14,44,24.9,76,8.7,Silver,14,10,Yes
10051,45,Male,Biratnagar,143749,8,53,36.2,85,1.9,Basic,3,4,Yes
10052,64,Male,Biratnagar,143765,19,71,7.3,55,1.0,Silver,4,4,Yes
10053,24,Male,Pokhara,144881,9,79,2.0,30,9.0,Silver,10,10,Yes
10054,61,Male,Biratnagar,181945,11,34,54.7,85,3.5,Basic,4,6,Yes
10055,25,Female,Bhaktapur,148389,20,46,16.9,36,5.5,Gold,1,0,Yes
10056,64,Female,Kathmandu,209699,19,68,49.4,46,3.6,Gold,7,3,Yes
10057,52,Female,Kathmandu,217227,0,78,60.0,90,1.3,Basic,14,10,Yes
10058,31,Male,Kathmandu,45372,19,78,13.5,77,5.9,Basic,1,4,Yes
10059,34,Male,Pokhara,23642,8,16,16.6,46,5.3,Basic,3,7,Yes
10060,53,Male,Pokhara,179073,14,71,40.1,68,2.0,Basic,11,7,Yes
10061,57,Female,Lalitpur,54064,0,96,58.0,57,4.5,Silver,12,0,Yes
10062,21,Female,Kathmandu,245898,11,19,55.0,35,8.0,Basic,4,4,Yes
10063,19,Male,Bhaktapur,34122,2,2,30.7,31,5.9,Silver,13,9,Yes
10064,23,Female,Biratnagar,175892,10,10,47.9,97,1.0,Silver,0,0,Yes
10065,59,Male,Bhaktapur,88431,1,50,9.0,63,5.5,Silver,5,0,Yes
10066,21,Male,Biratnagar,75745,15,81,58.7,70,7.0,Silver,1,1,Yes
10067,46,Female,Kathmandu,70081,8,12,57.9,41,7.9,Basic,13,1,Yes
10068,35,Male,Kathmandu,221974,14,70,10.7,47,6.3,Basic,4,8,Yes
10069,43,Female,Kathmandu,159783,11,22,18.7,73,1.5,Silver,14,3,Yes
10070,61,Male,Pokhara,236204,0,32,6.9,80,7.1,Basic,5,2,No
10071,51,Female,Biratnagar,169865,12,84,17.0,29,6.8,Basic,10,10,Yes
10072,27,Female,Pokhara,159271,13,1,49.1,20,0.2,Gold,7,0,Yes
10073,53,Female,Pokhara,96253,7,54,23.3,59,4.1,Silver,8,1,Yes
10074,31,Male,Chitwan,56191,7,58,6.2,12,3.3,Basic,12,5,Yes
10075,48,Male,Bhaktapur,30211,11,70,21.2,0,6.7,Silver,14,8,Yes
10076,65,Female,Bhaktapur,131086,0,83,58.9,64,2.2,Silver,11,4,Yes
10077,32,Female,Lalitpur,214141,10,18,38.2,32,5.9,Basic,15,3,Yes
10078,25,Male,Pokhara,239968,7,6,25.6,37,9.1,Basic,5,4,Yes
10079,31,Male,Biratnagar,207818,9,45,10.8,24,8.0,Gold,4,8,Yes
10080,40,Male,Chitwan,172614,18,97,59.2,25,9.2,Basic,11,6,Yes
10081,57,Female,Chitwan,182384,10,23,49.4,76,9.8,Basic,3,7,Yes
10082,38,Male,Bhaktapur,196314,6,23,17.6,58,0.1,Basic,1,3,Yes
10083,33,Male,Pokhara,121971,10,26,5.1,91,6.2,Silver,1,10,Yes
10084,62,Female,Lalitpur,113783,16,77,4.3,32,4.1,Basic,6,7,Yes
10085,35,Male,Pokhara,145681,0,7,8.1,100,8.6,Basic,4,5,Yes
10086,64,Male,Kathmandu,107893,20,79,35.3,40,2.5,Basic,15,4,Yes
10087,41,Male,Pokhara,206460,20,44,55.8,29,9.8,Gold,6,6,Yes
10088,43,Female,Kathmandu,178763,7,27,30.3,56,6.1,Basic,12,5,Yes
10089,42,Female,Kathmandu,97960,5,26,50.7,48,7.9,Silver,10,2,Yes
10090,62,Female,Lalitpur,104388,17,97,27.3,47,0.9,Gold,0,4,Yes
10091,58,Female,Biratnagar,42601,5,79,42.8,71,1.8,Basic,0,8,Yes
10092,46,Female,Bhaktapur,169092,4,36,44.2,48,7.6,Gold,15,6,Yes
10093,32,Female,Pokhara,159227,12,55,11.3,46,0.2,Gold,4,3,Yes
10094,62,Female,Kathmandu,220191,18,64,22.3,55,8.2,Gold,1,6,Yes
10095,18,Male,Pokhara,232123,7,91,38.6,64,0.1,Basic,7,4,Yes
10096,42,Male,Biratnagar,187849,8,57,5.2,11,6.6,Silver,13,10,Yes
10097,24,Female,Bhaktapur,39710,16,69,22.3,68,3.7,Silver,14,1,Yes
10098,26,Male,Biratnagar,128714,2,61,32.6,87,6.1,Gold,2,5,Yes
10099,41,Male,Bhaktapur,175604,18,2,59.8,5,7.0,Basic,0,6,Yes
10100,18,Female,Chitwan,148727,10,55,29.0,88,3.4,Silver,12,7,Yes
10101,61,Male,Bhaktapur,169673,16,97,49.1,64,1.1,Basic,1,5,Yes
10102,25,Male,Lalitpur,83227,20,80,26.5,24,0.7,Basic,9,7,Yes
10103,41,Male,Biratnagar,156039,18,87,48.0,0,5.9,Basic,9,6,Yes
10104,28,Male,Kathmandu,104289,1,38,36.1,31,5.2,Silver,6,1,Yes
10105,34,Male,Chitwan,171094,7,80,53.3,2,7.4,Basic,5,5,Yes
10106,25,Female,Lalitpur,194535,18,78,25.2,48,5.1,Silver,11,8,Yes
10107,52,Female,Pokhara,225743,6,29,36.7,18,4.2,Gold,7,5,Yes
10108,52,Female,Biratnagar,25722,16,26,38.2,59,4.0,Basic,6,3,Yes
10109,50,Male,Kathmandu,178485,5,35,25.6,28,0.3,Silver,13,6,Yes
10110,22,Female,Bhaktapur,243844,18,79,9.5,49,3.4,Basic,9,2,Yes
10111,59,Male,Kathmandu,101050,5,67,6.5,1,9.8,Basic,12,4,Yes
10112,56,Male,Pokhara,236939,1,87,2.0,72,8.7,Silver,7,0,Yes
10113,58,Male,Chitwan,103596,5,29,52.5,55,3.3,Gold,2,9,Yes
10114,45,Male,Chitwan,86732,4,34,15.0,16,5.9,Silver,5,2,Yes
10115,24,Female,Biratnagar,163369,18,97,13.5,59,8.5,Silver,12,7,Yes
10116,26,Female,Chitwan,88323,19,41,44.4,35,4.4,Basic,6,8,Yes
10117,25,Male,Biratnagar,43816,3,41,19.9,60,0.2,Basic,14,8,Yes
10118,29,Female,Biratnagar,60695,16,23,30.9,16,0.7,Silver,15,9,Yes
10119,51,Male,Biratnagar,170774,10,71,10.6,48,5.1,Basic,9,1,Yes
10120,50,Female,Bhaktapur,176314,3,3,57.6,75,9.7,Basic,10,3,Yes
10121,65,Female,Lalitpur,75841,12,58,51.2,59,6.9,Silver,0,4,Yes
10122,40,Male,Biratnagar,148498,19,32,52.0,19,0.7,Basic,0,2,Yes
10123,41,Female,Biratnagar,218784,16,31,25.0,49,1.9,Basic,6,10,Yes
10124,54,Male,Lalitpur,236735,8,82,46.0,2,7.7,Silver,12,0,Yes
10125,52,Female,Kathmandu,127096,3,43,9.5,42,8.4,Silver,10,5,Yes
10126,61,Male,Biratnagar,112764,13,7,1.5,56,6.2,Gold,12,9,Yes
10127,57,Male,Bhaktapur,204646,18,1,2.2,49,6.4,Silver,2,1,Yes
10128,39,Female,Chitwan,105744,2,61,35.6,67,0.3,Basic,2,8,Yes
10129,44,Female,Chitwan,48482,13,14,27.9,80,8.3,Gold,14,0,Yes
10130,52,Male,Pokhara,29171,7,52,31.6,49,7.9,Silver,4,10,Yes
10131,18,Female,Pokhara,120755,0,96,1.4,36,2.6,Basic,14,8,Yes
10132,52,Female,Chitwan,128125,9,6,25.9,45,7.1,Basic,15,6,Yes
10133,54,Male,Chitwan,150722,17,10,43.4,41,2.1,Silver,10,10,Yes
10134,64,Male,Bhaktapur,126082,15,71,27.1,14,0.4,Silver,5,9,Yes
10135,31,Female,Lalitpur,23696,7,90,44.2,32,2.0,Silver,1,1,Yes
10136,20,Male,Pokhara,146310,0,98,14.7,79,1.8,Silver,15,5,Yes
10137,18,Male,Lalitpur,171130,11,30,49.0,10,3.4,Silver,2,7,Yes
10138,22,Male,Bhaktapur,171385,7,100,35.7,19,4.2,Gold,5,1,Yes
10139,43,Female,Chitwan,39149,15,21,13.4,23,5.1,Silver,2,4,Yes
10140,31,Female,Biratnagar,150064,17,60,15.0,63,4.8,Basic,13,10,Yes
10141,56,Male,Lalitpur,73521,3,81,38.1,79,2.7,Gold,4,5,Yes
10142,44,Female,Chitwan,65740,5,97,50.0,93,0.3,Basic,8,2,Yes
10143,26,Male,Chitwan,126611,11,74,25.5,97,6.1,Silver,11,1,Yes
10144,32,Female,Kathmandu,156028,8,63,16.2,64,4.0,Gold,15,10,Yes
10145,32,Male,Lalitpur,226803,14,42,52.2,87,3.0,Silver,2,5,Yes
10146,43,Male,Biratnagar,233684,15,51,40.5,87,8.7,Silver,11,2,Yes
10147,59,Female,Lalitpur,86641,11,64,27.4,72,7.5,Basic,10,1,Yes
10148,30,Male,Chitwan,83811,13,76,29.8,85,8.6,Basic,12,0,Yes
10149,49,Female,Biratnagar,203232,12,56,13.1,75,4.9,Basic,12,7,Yes
10150,56,Female,Bhaktapur,202385,1,80,38.0,16,1.3,Silver,5,0,Yes
10151,49,Male,Kathmandu,83232,2,41,22.2,88,7.0,Silver,10,4,Yes
10152,21,Male,Chitwan,35417,9,32,59.7,91,2.1,Silver,4,10,Yes
10153,47,Female,Pokhara,175801,8,15,29.3,60,4.4,Basic,4,5,Yes
10154,54,Male,Pokhara,132492,19,62,29.7,14,0.7,Basic,10,10,Yes
10155,40,Male,Kathmandu,50099,7,27,34.4,93,8.3,Silver,13,2,Yes
10156,56,Male,Bhaktapur,249206,9,28,55.1,50,1.3,Basic,13,6,Yes
10157,62,Male,Chitwan,181033,18,81,48.2,26,9.0,Silver,5,1,Yes
10158,32,Male,Lalitpur,163674,2,64,27.6,85,8.6,Silver,5,6,Yes
10159,60,Female,Kathmandu,138474,4,59,43.4,73,4.6,Silver,0,1,Yes
10160,46,Female,Bhaktapur,29256,2,58,35.6,60,7.4,Basic,10,4,Yes
10161,53,Male,Lalitpur,237192,15,2,30.0,57,6.2,Gold,14,6,Yes
10162,30,Male,Pokhara,54681,16,36,12.3,30,8.0,Basic,8,10,Yes
10163,49,Male,Pokhara,111328,14,71,28.4,90,4.3,Gold,4,10,Yes
10164,24,Female,Lalitpur,238512,2,13,15.5,11,7.9,Basic,0,2,No
10165,39,Male,Kathmandu,215861,11,15,55.0,45,4.6,Basic,7,10,Yes
10166,45,Female,Pokhara,63361,8,89,20.8,30,9.4,Gold,6,3,Yes
10167,19,Female,Chitwan,215575,20,87,57.2,31,4.9,Basic,6,0,Yes
10168,59,Female,Biratnagar,54540,11,60,32.5,31,4.6,Silver,14,2,Yes
10169,62,Male,Lalitpur,177608,14,22,38.3,98,7.9,Gold,13,8,Yes
10170,23,Female,Lalitpur,104700,1,63,33.0,52,8.2,Gold,4,9,Yes
10171,45,Male,Pokhara,214115,17,90,8.6,60,5.5,Gold,0,4,Yes
10172,45,Female,Kathmandu,98532,19,97,23.2,45,1.8,Basic,8,7,Yes
10173,61,Male,Chitwan,207647,11,75,6.8,84,4.7,Silver,15,1,Yes
10174,61,Female,Kathmandu,147626,3,74,37.8,73,9.7,Basic,10,2,Yes
10175,37,Male,Bhaktapur,153943,15,25,27.4,79,7.5,Basic,8,6,Yes
10176,47,Female,Bhaktapur,66002,15,48,46.9,6,8.1,Gold,7,9,Yes
10177,28,Male,Biratnagar,69812,0,43,14.0,3,0.3,Basic,4,3,Yes
10178,45,Male,Pokhara,173698,1,38,10.7,90,4.7,Silver,13,8,Yes
10179,42,Male,Pokhara,211051,2,41,25.0,51,6.5,Silver,2,6,Yes
10180,56,Male,Pokhara,227129,20,45,55.7,88,8.3,Silver,7,10,Yes
10181,50,Female,Biratnagar,128946,19,88,42.9,30,0.5,Gold,0,0,Yes
10182,18,Female,Bhaktapur,86668,16,40,25.7,74,8.5,Basic,2,3,Yes
10183,44,Male,Kathmandu,119003,19,97,31.5,83,5.5,Silver,11,9,Yes
10184,30,Female,Biratnagar,231142,20,17,6.0,35,2.0,Gold,10,10,Yes
10185,58,Male,Biratnagar,240462,0,88,59.1,53,3.2,Basic,6,5,Yes
10186,20,Male,Kathmandu,62998,19,57,40.3,53,2.8,Basic,13,5,Yes
10187,56,Female,Pokhara,214886,5,2,17.8,16,5.3,Silver,14,9,Yes
10188,23,Male,Chitwan,124601,14,96,35.6,74,0.5,Basic,3,5,Yes
10189,25,Male,Kathmandu,196679,13,62,7.5,29,1.6,Basic,6,4,Yes
10190,44,Female,Bhaktapur,27812,19,88,58.0,98,8.1,Gold,11,2,Yes
10191,26,Male,Lalitpur,81844,14,9,11.3,21,1.3,Silver,10,1,Yes
10192,54,Male,Lalitpur,221165,13,68,39.2,42,2.3,Gold,12,2,Yes
10193,50,Male,Biratnagar,153251,20,81,15.5,26,4.5,Gold,13,8,Yes
10194,59,Male,Lalitpur,194870,4,17,43.3,36,5.2,Silver,4,2,Yes
10195,61,Female,Chitwan,94601,5,50,46.8,45,7.6,Basic,5,2,Yes
10196,41,Female,Pokhara,159347,16,94,40.7,34,4.5,Basic,15,0,Yes
10197,32,Female,Bhaktapur,201646,10,40,37.3,3,7.9,Basic,13,1,Yes
10198,49,Male,Chitwan,67857,15,58,53.7,79,6.2,Gold,6,10,Yes
10199,49,Male,Bhaktapur,145555,11,75,5.6,79,1.1,Basic,14,2,Yes
10200,41,Female,Bhaktapur,40700,14,85,20.5,84,1.6,Basic,12,1,Yes
10201,58,Male,Pokhara,190536,3,21,15.6,25,4.4,Silver,9,7,Yes
10202,29,Male,Biratnagar,193423,17,18,59.3,99,4.0,Basic,15,5,Yes
10203,56,Male,Lalitpur,113330,20,55,24.0,18,7.4,Basic,11,6,Yes
10204,19,Male,Pokhara,245391,2,29,44.2,80,5.8,Silver,6,0,Yes
10205,20,Female,Chitwan,233606,7,24,41.4,44,3.9,Basic,15,5,Yes
10206,54,Female,Biratnagar,164941,2,74,13.5,25,1.7,Basic,6,1,Yes
10207,34,Female,Chitwan,211387,7,17,15.1,21,2.3,Basic,6,5,Yes
10208,19,Male,Biratnagar,244760,17,18,17.6,57,5.8,Silver,10,2,Yes
10209,19,Female,Chitwan,172026,9,42,25.3,62,4.2,Silver,12,6,Yes
10210,45,Female,Pokhara,182627,19,84,14.8,27,5.1,Basic,12,2,Yes
10211,40,Male,Biratnagar,83353,16,45,2.2,64,1.7,Silver,6,8,Yes
10212,54,Male,Biratnagar,233262,7,82,52.9,43,6.6,Basic,2,2,Yes
10213,49,Female,Bhaktapur,196098,10,17,58.0,99,8.5,Gold,14,6,Yes
10214,50,Female,Bhaktapur,120772,4,73,21.2,42,2.6,Basic,11,3,Yes
10215,18,Female,Kathmandu,198048,12,14,21.0,36,4.9,Silver,2,7,Yes
10216,36,Female,Chitwan,231650,20,49,1.4,65,9.8,Gold,6,1,Yes
10217,19,Male,Bhaktapur,111502,4,29,41.1,16,3.3,Gold,13,7,Yes
10218,61,Female,Kathmandu,133943,12,95,49.7,39,6.0,Basic,1,8,Yes
10219,43,Female,Bhaktapur,129850,5,4,9.6,37,0.9,Basic,13,7,Yes
10220,49,Male,Chitwan,65095,4,82,10.4,84,6.1,Silver,1,5,Yes
10221,23,Female,Biratnagar,165342,8,20,47.6,60,0.9,Basic,2,9,Yes
10222,49,Male,Lalitpur,181980,15,47,37.4,8,9.6,Gold,13,0,Yes
10223,21,Male,Chitwan,35523,1,9,3.6,76,7.2,Silver,3,6,Yes
10224,28,Male,Pokhara,82433,0,77,37.7,74,7.9,Silver,15,0,Yes
10225,34,Female,Bhaktapur,198140,7,79,19.2,60,7.0,Basic,5,6,Yes
10226,55,Female,Bhaktapur,39991,18,27,22.8,79,5.9,Silver,12,1,Yes
10227,41,Male,Biratnagar,30775,10,15,46.4,15,4.5,Silver,7,7,Yes
10228,22,Female,Pokhara,228873,11,92,48.8,1,8.6,Gold,15,1,Yes
10229,51,Female,Biratnagar,104995,11,19,24.6,71,9.6,Basic,9,2,Yes
10230,23,Male,Pokhara,212322,6,90,56.9,42,5.0,Basic,9,2,Yes
10231,39,Male,Lalitpur,167745,12,52,25.0,41,9.3,Basic,6,0,Yes
10232,28,Female,Bhaktapur,142808,7,26,46.5,76,5.8,Basic,3,4,Yes
10233,65,Male,Bhaktapur,178128,8,89,29.5,56,5.4,Silver,1,4,Yes
10234,33,Female,Lalitpur,157686,6,26,54.0,80,4.5,Gold,1,9,Yes
10235,50,Female,Kathmandu,27415,20,26,54.6,87,2.1,Basic,14,4,Yes
10236,26,Female,Biratnagar,239763,14,46,6.2,66,0.0,Gold,3,8,Yes
10237,23,Female,Lalitpur,194956,1,92,56.3,29,2.4,Basic,5,5,Yes
10238,33,Male,Biratnagar,168036,19,49,49.7,12,5.1,Basic,2,5,Yes
10239,46,Male,Chitwan,188798,11,82,47.7,18,3.8,Basic,5,2,Yes
10240,20,Male,Bhaktapur,57044,0,96,12.9,6,4.5,Basic,4,4,Yes
10241,37,Male,Biratnagar,208221,7,53,48.5,8,9.8,Gold,4,9,Yes
10242,53,Female,Pokhara,188616,4,3,51.2,82,3.5,Basic,1,6,Yes
10243,36,Female,Biratnagar,69976,14,66,18.1,53,4.5,Silver,7,2,Yes
10244,43,Male,Chitwan,183324,0,97,57.2,85,1.3,Basic,4,1,Yes
10245,20,Female,Bhaktapur,23832,0,42,3.9,81,0.5,Gold,10,4,Yes
10246,36,Female,Lalitpur,241883,9,19,9.8,60,7.8,Basic,1,2,Yes
10247,37,Female,Chitwan,231509,9,17,32.7,86,5.7,Basic,6,4,Yes
10248,49,Male,Bhaktapur,54148,20,33,35.0,1,7.6,Basic,12,8,Yes
10249,24,Male,Biratnagar,212312,14,76,39.1,49,1.5,Basic,15,10,Yes
10250,58,Male,Kathmandu,239526,16,49,2.0,74,5.7,Basic,14,9,Yes
10251,50,Female,Kathmandu,132230,5,56,57.7,30,2.5,Gold,8,0,Yes
10252,57,Male,Pokhara,105076,2,63,3.6,32,2.3,Silver,8,3,Yes
10253,56,Male,Bhaktapur,228188,12,3,9.4,77,0.1,Silver,0,9,Yes
10254,35,Male,Kathmandu,204531,15,49,1.8,79,1.3,Silver,6,4,Yes
10255,57,Male,Lalitpur,58402,7,55,34.4,10,3.1,Basic,8,1,Yes
10256,18,Male,Bhaktapur,208799,14,26,56.0,32,1.2,Basic,5,1,Yes
10257,28,Male,Lalitpur,58578,16,99,40.3,6,9.9,Gold,0,0,Yes
10258,45,Female,Lalitpur,110453,16,72,49.5,30,3.1,Gold,1,7,Yes
10259,42,Female,Kathmandu,173390,12,52,1.8,47,1.3,Gold,3,1,Yes
10260,40,Male,Bhaktapur,95715,16,100,33.0,46,2.0,Gold,13,2,Yes
10261,48,Male,Biratnagar,228859,5,7,28.1,77,5.9,Basic,15,1,Yes
10262,47,Female,Chitwan,131435,16,46,30.4,91,0.6,Basic,3,3,Yes
10263,59,Female,Kathmandu,236101,15,46,5.3,52,8.6,Basic,1,0,Yes
10264,52,Male,Kathmandu,171538,13,100,41.4,79,9.6,Basic,7,2,Yes
10265,24,Male,Biratnagar,115742,12,16,30.7,18,2.5,Basic,1,4,Yes
10266,33,Male,Bhaktapur,65475,5,24,46.1,80,4.5,Basic,2,9,Yes
10267,43,Male,Bhaktapur,80142,2,61,29.6,89,0.2,Silver,15,0,Yes
10268,65,Female,Lalitpur,236232,13,54,9.8,5,6.4,Gold,13,3,Yes
10269,19,Male,Biratnagar,177636,13,62,39.2,48,4.1,Silver,3,5,Yes
10270,18,Male,Biratnagar,173484,14,1,11.2,72,2.7,Gold,8,3,Yes
10271,65,Male,Bhaktapur,113526,7,49,52.5,49,2.1,Basic,9,6,Yes
10272,29,Male,Lalitpur,71001,14,25,37.2,80,6.5,Basic,0,6,Yes
10273,22,Female,Kathmandu,77649,12,10,10.3,94,4.2,Silver,7,5,Yes
10274,54,Female,Pokhara,212029,16,80,57.8,11,1.8,Basic,11,8,Yes
10275,49,Female,Chitwan,186589,20,16,31.6,22,6.9,Basic,14,1,Yes
10276,26,Male,Kathmandu,164228,2,58,5.3,53,5.7,Basic,13,9,Yes
10277,58,Male,Bhaktapur,174136,5,72,38.0,68,8.6,Basic,4,7,Yes
10278,52,Female,Chitwan,45711,4,29,15.9,99,1.2,Silver,6,7,Yes
10279,36,Male,Pokhara,50106,16,92,48.4,58,7.9,Basic,15,10,Yes
10280,65,Male,Pokhara,85458,1,6,49.3,35,6.7,Silver,7,9,Yes
10281,33,Female,Lalitpur,167661,14,16,58.8,2,1.2,Silver,14,10,Yes
10282,20,Female,Chitwan,240344,4,20,30.6,57,6.9,Basic,4,3,Yes
10283,37,Female,Lalitpur,150429,19,80,27.8,87,4.4,Basic,15,5,Yes
10284,41,Female,Kathmandu,237583,5,71,45.5,54,9.4,Basic,7,10,Yes
10285,50,Male,Biratnagar,121754,5,78,8.8,56,1.4,Basic,9,5,Yes
10286,41,Male,Biratnagar,158286,17,43,33.3,16,6.4,Silver,10,4,Yes
10287,28,Female,Biratnagar,247189,17,26,33.2,38,3.8,Silver,7,0,Yes
10288,25,Male,Chitwan,236803,3,90,6.3,89,9.6,Silver,8,2,Yes
10289,53,Female,Biratnagar,146479,16,78,25.7,67,3.3,Basic,1,6,Yes
10290,55,Female,Kathmandu,178199,13,71,51.3,54,9.6,Silver,2,7,Yes
10291,57,Male,Lalitpur,156213,13,33,51.5,44,9.0,Silver,0,1,Yes
10292,37,Female,Chitwan,48884,12,26,6.9,75,2.7,Basic,3,2,Yes
10293,52,Male,Lalitpur,241493,6,45,6.4,0,8.0,Silver,14,3,Yes
10294,65,Male,Chitwan,22708,11,84,16.5,20,10.0,Basic,14,10,Yes
10295,42,Male,Lalitpur,38375,14,63,52.6,82,2.5,Silver,4,4,Yes
10296,52,Male,Pokhara,35088,18,67,8.6,20,4.4,Silver,10,2,Yes
10297,42,Female,Lalitpur,77615,10,52,43.5,51,5.2,Basic,0,4,Yes
10298,46,Male,Biratnagar,130138,14,68,7.0,81,2.9,Silver,7,7,Yes
10299,35,Female,Pokhara,196118,11,26,37.8,42,0.2,Basic,1,7,Yes
10300,63,Female,Lalitpur,30014,2,75,22.0,51,2.2,Basic,0,1,No
10301,35,Female,Chitwan,215497,16,2,47.5,66,2.8,Gold,1,5,Yes
10302,19,Female,Chitwan,154345,2,14,14.8,43,4.4,Gold,14,3,Yes
10303,52,Male,Chitwan,198207,18,30,38.7,31,1.7,Basic,12,8,Yes
10304,33,Male,Bhaktapur,122842,19,49,14.9,9,8.7,Basic,15,9,Yes
10305,58,Female,Kathmandu,181953,3,12,43.1,63,7.0,Basic,4,1,Yes
10306,53,Female,Chitwan,248094,2,90,52.5,78,0.9,Basic,8,7,Yes
10307,50,Male,Pokhara,98077,15,44,8.5,68,6.5,Gold,8,0,Yes
10308,21,Female,Chitwan,159784,11,33,52.1,67,6.5,Gold,1,10,Yes
10309,50,Male,Bhaktapur,225776,7,13,36.0,27,9.6,Silver,1,5,Yes
10310,31,Female,Biratnagar,72874,16,78,8.5,52,0.0,Basic,2,10,Yes
10311,38,Male,Pokhara,89087,6,88,26.2,50,2.5,Silver,6,10,Yes
10312,65,Female,Bhaktapur,32297,10,98,10.5,52,9.3,Basic,10,9,Yes
10313,37,Female,Biratnagar,47128,17,26,42.3,3,9.3,Gold,2,0,Yes
10314,25,Male,Pokhara,88368,0,21,45.8,78,7.2,Gold,0,1,Yes
10315,24,Female,Lalitpur,245091,2,28,7.2,16,7.7,Silver,13,2,Yes
10316,20,Female,Kathmandu,238671,3,48,30.9,66,0.9,Basic,13,8,Yes
10317,34,Male,Kathmandu,239571,12,100,49.1,73,5.1,Basic,13,4,Yes
10318,50,Female,Bhaktapur,98958,5,40,56.2,46,2.3,Basic,5,9,Yes
10319,65,Male,Biratnagar,52920,13,66,31.3,55,1.8,Gold,2,9,Yes
10320,29,Male,Kathmandu,162228,4,73,57.1,22,8.1,Basic,0,1,Yes
10321,39,Female,Biratnagar,162180,15,87,32.6,17,1.4,Basic,13,9,Yes
10322,39,Female,Biratnagar,182917,14,79,24.3,0,4.7,Basic,15,4,Yes
10323,63,Female,Bhaktapur,153872,14,77,51.0,34,9.4,Gold,12,4,Yes
10324,47,Female,Bhaktapur,193784,3,23,30.1,63,1.9,Basic,3,0,Yes
10325,55,Female,Bhaktapur,153682,7,81,28.8,57,9.8,Gold,12,2,Yes
10326,55,Female,Kathmandu,97603,15,48,29.9,94,9.9,Gold,0,4,Yes
10327,62,Female,Bhaktapur,53872,15,2,51.0,58,5.6,Gold,0,8,Yes
10328,25,Male,Kathmandu,30728,3,84,50.1,0,1.7,Basic,11,9,Yes
10329,44,Female,Bhaktapur,115102,12,20,24.8,2,3.2,Basic,1,0,Yes
10330,44,Male,Chitwan,246391,12,59,20.7,66,4.2,Basic,9,7,Yes
10331,51,Female,Biratnagar,142049,1,46,30.0,36,3.1,Basic,7,0,Yes
10332,38,Female,Bhaktapur,40583,2,3,34.8,82,2.8,Basic,1,8,Yes
10333,47,Male,Pokhara,105774,7,55,15.1,28,9.7,Silver,10,5,Yes
10334,50,Female,Biratnagar,158335,14,12,47.8,88,1.5,Basic,1,0,Yes
10335,45,Female,Biratnagar,146374,10,40,29.7,32,7.3,Gold,14,7,Yes
10336,64,Male,Bhaktapur,218522,8,66,20.7,99,0.0,Basic,10,4,Yes
10337,50,Female,Lalitpur,240357,6,100,7.3,60,6.0,Silver,10,6,Yes
10338,22,Female,Bhaktapur,170528,12,78,15.1,92,9.2,Silver,15,6,Yes
10339,65,Female,Biratnagar,111118,1,16,57.0,89,2.9,Silver,9,6,Yes
10340,36,Male,Pokhara,85942,7,83,19.0,3,1.9,Gold,9,5,Yes
10341,21,Female,Biratnagar,33689,6,34,11.0,13,6.5,Silver,7,10,Yes
10342,52,Female,Pokhara,184006,11,44,28.2,90,7.1,Gold,11,7,Yes
10343,34,Female,Kathmandu,53276,18,6,19.1,32,6.9,Basic,5,8,Yes
10344,61,Female,Chitwan,121968,6,77,3.1,21,3.2,Silver,15,1,Yes
10345,45,Male,Biratnagar,170945,9,64,20.1,47,2.5,Basic,11,6,Yes
10346,47,Male,Bhaktapur,33050,15,100,33.1,2,9.6,Basic,10,1,Yes
10347,46,Female,Kathmandu,86216,2,22,33.6,86,9.2,Basic,3,5,Yes
10348,63,Female,Chitwan,235516,9,18,22.0,84,4.6,Basic,2,1,Yes
10349,23,Male,Bhaktapur,104040,5,12,27.4,22,8.5,Basic,0,9,Yes
10350,52,Male,Lalitpur,41644,17,52,58.0,67,4.5,Basic,10,5,Yes
10351,58,Female,Bhaktapur,82021,17,94,23.3,20,4.2,Basic,2,1,Yes
10352,54,Male,Pokhara,188197,4,51,16.2,100,1.6,Gold,11,0,Yes
10353,41,Female,Pokhara,217971,20,71,15.4,42,4.3,Basic,13,6,Yes
10354,46,Male,Lalitpur,62291,6,96,28.0,94,5.4,Silver,8,2,Yes
10355,63,Male,Kathmandu,186132,1,48,45.8,84,0.2,Basic,4,3,Yes
10356,48,Male,Chitwan,152610,10,19,13.2,25,4.4,Gold,12,5,Yes
10357,52,Male,Bhaktapur,187248,12,6,42.8,40,7.8,Gold,5,4,Yes
10358,50,Female,Pokhara,61520,4,84,2.2,98,6.8,Silver,4,3,Yes
10359,38,Male,Kathmandu,45675,5,27,25.7,37,6.4,Silver,0,8,Yes
10360,49,Male,Lalitpur,169359,13,53,46.8,87,9.1,Basic,9,5,Yes
10361,40,Female,Biratnagar,20174,11,48,21.0,10,0.2,Gold,0,5,Yes
10362,50,Male,Pokhara,112268,3,7,34.3,28,5.6,Gold,3,1,Yes
10363,20,Male,Lalitpur,54998,5,59,13.1,59,7.9,Gold,15,5,Yes
10364,35,Female,Bhaktapur,204384,9,69,44.8,66,5.4,Silver,14,6,Yes
10365,42,Male,Chitwan,163184,17,11,4.1,64,3.2,Basic,2,7,Yes
10366,59,Female,Pokhara,125410,14,15,51.3,60,1.4,Gold,10,7,Yes
10367,48,Female,Pokhara,95225,7,64,12.7,18,8.9,Basic,7,8,Yes
10368,20,Female,Bhaktapur,64814,8,3,52.6,45,4.7,Silver,11,9,Yes
10369,57,Female,Biratnagar,105091,4,69,21.8,48,8.8,Basic,11,10,Yes
10370,63,Male,Kathmandu,70719,9,23,43.6,21,5.9,Gold,6,2,Yes
10371,41,Female,Chitwan,149887,19,53,19.8,77,6.7,Basic,14,9,Yes
10372,49,Male,Pokhara,53919,5,37,54.4,56,8.0,Basic,10,6,Yes
10373,64,Male,Chitwan,93155,15,9,8.5,13,6.6,Silver,14,6,Yes
10374,39,Male,Pokhara,91569,2,15,11.5,43,4.0,Silver,6,0,Yes
10375,40,Male,Chitwan,61328,9,3,30.1,15,5.1,Silver,14,7,Yes
10376,19,Male,Lalitpur,221554,10,93,5.8,96,8.0,Basic,7,3,Yes
10377,44,Male,Pokhara,44618,10,70,12.6,76,3.7,Basic,13,4,Yes
10378,59,Male,Chitwan,54675,16,17,56.7,11,3.9,Silver,9,5,Yes
10379,19,Male,Kathmandu,38919,3,26,58.6,54,1.0,Gold,6,2,Yes
10380,43,Male,Lalitpur,24173,3,21,23.2,50,9.1,Gold,9,4,Yes
10381,34,Male,Lalitpur,129369,16,72,55.5,38,0.9,Basic,1,9,Yes
10382,57,Female,Kathmandu,46400,8,21,33.1,32,6.5,Gold,3,4,Yes
10383,50,Female,Chitwan,201517,18,11,16.9,32,4.1,Basic,14,0,Yes
10384,26,Female,Bhaktapur,90305,4,38,42.4,28,4.1,Silver,10,2,Yes
10385,60,Male,Kathmandu,188636,5,72,39.9,68,6.8,Basic,5,2,Yes
10386,65,Female,Chitwan,196886,2,88,59.4,69,0.7,Basic,2,0,Yes
10387,56,Female,Kathmandu,230819,0,35,16.6,30,5.9,Silver,14,6,Yes
10388,46,Female,Kathmandu,108791,19,14,40.7,79,7.7,Silver,2,0,Yes
10389,59,Male,Pokhara,179034,15,14,4.1,30,8.3,Basic,14,6,Yes
10390,43,Male,Chitwan,235964,10,10,7.7,88,1.7,Basic,5,3,Yes
10391,52,Male,Bhaktapur,236914,12,12,1.2,45,9.0,Basic,0,8,Yes
10392,42,Male,Pokhara,90533,9,38,60.0,96,6.6,Silver,13,6,Yes
10393,41,Female,Kathmandu,207256,2,34,48.3,76,8.8,Basic,15,4,Yes
10394,30,Female,Biratnagar,233984,8,41,47.4,51,4.9,Basic,0,6,Yes
10395,24,Female,Kathmandu,123591,11,10,31.1,9,5.4,Silver,4,8,Yes
10396,53,Female,Kathmandu,161650,13,17,18.7,87,9.2,Silver,0,9,Yes
10397,62,Male,Chitwan,151060,0,17,9.9,73,9.0,Silver,9,5,Yes
10398,37,Male,Chitwan,169696,17,67,17.8,40,4.5,Silver,7,0,Yes
10399,18,Male,Pokhara,59194,16,62,23.2,94,2.7,Gold,1,5,Yes
10400,25,Female,Bhaktapur,129903,8,95,45.6,76,3.9,Gold,15,0,Yes
10401,63,Male,Pokhara,151461,8,1,32.8,2,3.9,Gold,5,3,Yes
10402,33,Male,Lalitpur,119303,9,12,5.6,58,2.9,Silver,9,7,Yes
10403,31,Female,Kathmandu,133903,18,4,2.1,51,2.7,Basic,9,4,Yes
10404,29,Female,Biratnagar,87391,14,42,7.0,33,8.6,Gold,4,4,Yes
10405,40,Male,Kathmandu,164866,4,13,25.2,48,0.7,Basic,9,9,Yes
10406,32,Male,Kathmandu,78002,14,98,56.1,27,6.8,Basic,11,10,Yes
10407,45,Male,Pokhara,55531,19,85,38.6,82,1.7,Basic,11,7,Yes
10408,51,Male,Biratnagar,203887,1,86,48.3,86,3.4,Basic,3,7,Yes
10409,19,Male,Biratnagar,24986,12,4,28.5,95,0.6,Gold,0,0,Yes
10410,49,Male,Biratnagar,52298,15,82,22.3,12,2.7,Silver,13,4,Yes
10411,40,Female,Pokhara,21481,14,69,7.4,96,7.7,Silver,13,4,Yes
10412,39,Female,Kathmandu,76408,9,19,52.7,97,8.9,Silver,2,7,Yes
10413,42,Female,Pokhara,220339,13,2,47.2,96,2.2,Basic,12,0,Yes
10414,39,Male,Chitwan,141950,9,12,10.9,68,4.6,Basic,11,6,Yes
10415,39,Female,Chitwan,167907,13,81,31.2,66,4.7,Silver,3,6,Yes
10416,59,Male,Pokhara,145355,8,74,29.8,60,8.7,Silver,1,8,Yes
10417,23,Male,Biratnagar,47798,13,98,37.9,59,7.6,Basic,11,1,Yes
10418,32,Female,Kathmandu,111649,2,6,56.8,70,5.1,Silver,1,2,Yes
10419,60,Male,Pokhara,84887,19,8,35.2,23,6.7,Basic,1,3,Yes
10420,54,Male,Pokhara,39477,15,51,32.9,62,8.5,Basic,10,0,Yes
10421,50,Female,Pokhara,168338,1,11,4.0,85,0.1,Basic,0,6,Yes
10422,25,Female,Lalitpur,237400,9,63,4.7,60,4.0,Basic,9,9,Yes
10423,61,Female,Chitwan,237060,2,57,12.1,22,9.1,Gold,1,2,Yes
10424,61,Male,Biratnagar,147815,10,12,2.9,29,7.4,Gold,5,2,Yes
10425,22,Female,Bhaktapur,194598,10,73,44.9,59,5.4,Basic,2,2,Yes
10426,56,Female,Biratnagar,147426,20,2,43.7,17,5.3,Silver,9,7,Yes
10427,21,Male,Bhaktapur,162961,20,8,9.0,95,3.5,Silver,4,8,Yes
10428,23,Female,Lalitpur,44335,12,11,50.3,55,5.2,Basic,0,9,Yes
10429,62,Female,Pokhara,162326,6,53,10.1,52,6.6,Basic,7,1,Yes
10430,49,Female,Lalitpur,106610,16,100,18.8,6,4.2,Gold,12,9,Yes
10431,47,Male,Lalitpur,31442,1,10,15.7,96,7.1,Silver,3,9,Yes
10432,64,Male,Kathmandu,66289,11,85,23.0,68,8.6,Gold,8,0,Yes
10433,52,Male,Chitwan,73747,9,84,16.0,91,1.5,Basic,3,8,Yes
10434,57,Male,Bhaktapur,57327,17,8,29.8,71,4.5,Silver,13,5,Yes
10435,33,Female,Pokhara,167271,10,36,25.0,78,4.1,Basic,14,8,Yes
10436,30,Male,Bhaktapur,92827,15,93,59.2,51,6.9,Basic,14,5,Yes
10437,59,Male,Biratnagar,126464,16,76,4.3,3,2.5,Silver,14,1,Yes
10438,47,Female,Bhaktapur,151184,18,14,9.4,33,6.4,Basic,1,0,Yes
10439,36,Female,Biratnagar,107051,17,54,4.1,68,8.8,Basic,2,7,Yes
10440,34,Female,Chitwan,170653,2,85,37.9,32,4.2,Basic,4,2,Yes
10441,36,Male,Biratnagar,79722,20,86,4.2,68,9.1,Basic,11,0,Yes
10442,45,Male,Bhaktapur,112036,15,21,50.3,37,9.9,Silver,9,7,Yes
10443,43,Male,Bhaktapur,248634,5,50,31.2,97,1.1,Basic,14,0,Yes
10444,54,Female,Biratnagar,167595,11,94,32.1,25,2.3,Basic,12,7,Yes
10445,43,Female,Lalitpur,86960,10,39,34.1,0,9.5,Basic,12,0,Yes
10446,40,Male,Chitwan,39552,14,20,11.1,3,9.6,Basic,13,8,Yes
10447,26,Female,Kathmandu,161880,14,88,12.7,38,1.0,Silver,5,8,Yes
10448,29,Female,Pokhara,223597,15,87,19.8,53,0.1,Basic,6,8,Yes
10449,18,Female,Bhaktapur,174692,9,7,36.0,89,1.6,Silver,3,2,Yes
10450,18,Male,Pokhara,20887,11,9,13.4,32,10.0,Basic,6,3,Yes
10451,64,Female,Kathmandu,51802,12,1,7.9,32,1.8,Basic,14,4,Yes
10452,51,Female,Pokhara,105024,3,26,58.2,71,5.0,Gold,9,5,Yes
10453,49,Male,Kathmandu,246621,6,38,2.3,19,8.5,Silver,2,8,Yes
10454,65,Male,Biratnagar,138639,1,38,48.4,15,0.2,Basic,6,10,Yes
10455,42,Female,Lalitpur,138248,14,61,47.5,20,6.0,Gold,3,3,Yes
10456,57,Female,Bhaktapur,101938,7,44,18.5,44,2.8,Basic,12,5,Yes
10457,62,Male,Kathmandu,237813,6,86,9.0,89,8.6,Gold,12,0,Yes
10458,18,Male,Pokhara,142746,14,44,9.6,86,2.8,Silver,7,1,Yes
10459,33,Female,Bhaktapur,46049,13,74,42.1,81,6.9,Silver,8,7,Yes
10460,56,Female,Lalitpur,97789,7,62,38.9,61,6.7,Gold,6,3,Yes
10461,22,Female,Biratnagar,104526,11,6,47.2,30,2.2,Basic,7,9,Yes
10462,39,Female,Bhaktapur,158918,12,17,56.3,41,0.3,Silver,7,6,Yes
10463,46,Male,Kathmandu,241635,10,51,41.8,11,4.1,Basic,1,3,Yes
10464,20,Female,Lalitpur,66220,16,38,10.2,64,2.9,Basic,8,8,Yes
10465,29,Female,Pokhara,66163,16,24,15.4,72,8.1,Basic,5,8,Yes
10466,43,Male,Lalitpur,154837,3,51,50.7,2,8.0,Basic,10,3,Yes
10467,33,Female,Lalitpur,137126,20,10,13.3,89,4.6,Silver,3,7,Yes
10468,54,Male,Chitwan,101486,7,72,5.3,8,6.1,Silver,14,5,Yes
10469,39,Female,Lalitpur,196342,4,21,42.5,50,6.0,Silver,4,0,Yes
10470,46,Female,Lalitpur,95277,15,70,24.7,15,8.3,Basic,9,6,Yes
10471,31,Male,Bhaktapur,239350,3,85,55.3,87,4.3,Basic,4,0,Yes
10472,45,Male,Pokhara,241311,14,57,39.4,77,2.8,Gold,6,2,Yes
10473,22,Female,Bhaktapur,124245,11,39,6.3,2,2.7,Basic,13,7,Yes
10474,64,Female,Bhaktapur,142332,4,88,56.9,97,5.4,Silver,8,8,Yes
10475,47,Female,Kathmandu,42931,15,33,16.3,96,4.5,Silver,6,2,Yes
10476,63,Male,Bhaktapur,109116,13,59,20.9,23,4.4,Silver,8,0,Yes
10477,22,Female,Chitwan,75633,9,18,24.7,72,0.9,Silver,3,0,Yes
10478,29,Male,Chitwan,231774,6,56,4.0,12,7.2,Gold,9,6,Yes
10479,33,Male,Kathmandu,71913,12,92,30.3,1,2.1,Basic,13,4,Yes
10480,43,Female,Biratnagar,114776,19,57,8.3,70,2.0,Gold,9,0,Yes
10481,43,Male,Pokhara,45991,4,96,24.7,20,4.1,Basic,3,5,Yes
10482,65,Female,Pokhara,205917,2,76,21.7,18,2.3,Basic,5,5,Yes
10483,38,Female,Bhaktapur,124092,14,48,46.6,88,5.8,Basic,7,3,Yes
10484,56,Female,Bhaktapur,249577,3,42,48.4,46,3.7,Silver,13,6,Yes
10485,53,Female,Biratnagar,206384,14,27,10.1,21,4.5,Basic,8,6,Yes
10486,50,Female,Bhaktapur,161633,13,74,22.6,74,5.4,Basic,0,8,Yes
10487,47,Male,Pokhara,167973,19,52,23.0,32,2.0,Basic,0,0,Yes
10488,54,Male,Lalitpur,115556,18,42,9.9,31,1.6,Gold,12,4,Yes
10489,40,Female,Chitwan,82875,12,32,48.1,63,8.8,Gold,7,9,Yes
10490,27,Female,Lalitpur,176989,9,26,42.7,84,4.3,Silver,10,2,Yes
10491,22,Male,Lalitpur,82120,20,25,12.2,38,4.1,Silver,6,6,Yes
10492,53,Male,Pokhara,153060,4,75,22.6,83,0.4,Basic,8,3,Yes
10493,51,Male,Lalitpur,130041,19,23,7.2,71,5.0,Basic,10,3,Yes
10494,48,Male,Biratnagar,148467,19,98,38.1,41,5.5,Gold,2,0,Yes
10495,27,Female,Kathmandu,165328,5,57,8.2,100,5.6,Basic,9,0,Yes
10496,36,Female,Bhaktapur,138490,3,52,59.2,8,7.1,Basic,11,9,Yes
10497,49,Male,Kathmandu,238800,1,87,47.1,24,1.8,Basic,4,1,Yes
10498,18,Female,Chitwan,146155,15,93,24.0,88,2.5,Basic,2,1,Yes
10499,22,Male,Bhaktapur,48230,17,31,35.1,96,8.1,Basic,14,0,Yes
10500,62,Female,Lalitpur,79778,4,64,54.8,1,9.5,Silver,4,7,Yes
10501,21,Male,Chitwan,65833,3,71,33.7,18,1.4,Basic,9,5,Yes
10502,33,Female,Bhaktapur,42625,12,33,11.3,19,5.0,Silver,0,5,Yes
10503,41,Male,Biratnagar,52088,18,85,23.3,92,2.1,Basic,13,9,Yes
10504,33,Male,Biratnagar,230722,1,2,50.7,69,0.6,Basic,10,9,Yes
10505,19,Female,Biratnagar,192239,12,18,39.0,16,3.3,Basic,3,8,Yes
10506,45,Male,Biratnagar,123937,10,47,39.4,88,1.4,Silver,5,4,Yes
10507,49,Female,Lalitpur,222363,3,33,52.1,67,7.1,Basic,1,3,Yes
10508,44,Female,Kathmandu,216375,19,98,53.7,93,5.3,Silver,12,10,Yes
10509,37,Male,Bhaktapur,96361,19,84,55.3,83,1.4,Silver,6,5,Yes
10510,41,Female,Lalitpur,108229,14,35,6.6,2,0.1,Silver,7,7,Yes
10511,29,Female,Biratnagar,155189,3,51,33.1,86,8.1,Basic,0,0,Yes
10512,52,Female,Kathmandu,110265,8,18,44.7,50,1.8,Basic,12,6,Yes
10513,50,Female,Chitwan,117718,6,88,45.7,81,6.1,Basic,3,7,Yes
10514,50,Female,Chitwan,80710,18,72,36.8,25,3.4,Silver,10,8,Yes
10515,60,Male,Chitwan,245498,18,30,10.8,55,5.9,Basic,3,10,Yes
10516,54,Female,Biratnagar,114876,5,44,48.0,99,3.2,Gold,12,7,Yes
10517,29,Female,Chitwan,218126,5,53,43.5,63,0.9,Gold,4,6,Yes
10518,20,Female,Pokhara,50949,19,10,6.1,7,2.2,Basic,13,2,Yes
10519,18,Female,Bhaktapur,173619,14,87,28.4,80,1.9,Basic,11,1,Yes
10520,50,Female,Bhaktapur,232954,14,52,11.3,94,4.3,Silver,11,2,Yes
10521,57,Male,Biratnagar,88136,19,49,20.9,36,6.6,Basic,3,3,Yes
10522,27,Female,Pokhara,131541,8,11,2.1,96,2.6,Basic,8,3,Yes
10523,60,Male,Lalitpur,215691,3,66,24.6,26,0.1,Gold,6,5,Yes
10524,61,Male,Lalitpur,81842,17,58,33.4,44,5.2,Basic,12,6,Yes
10525,46,Male,Chitwan,245875,17,90,37.6,3,6.1,Gold,1,3,Yes
10526,30,Male,Kathmandu,46990,4,36,40.1,85,9.6,Silver,0,9,Yes
10527,29,Female,Lalitpur,167265,19,33,50.3,89,5.9,Silver,8,5,Yes
10528,48,Male,Kathmandu,50109,10,47,13.7,95,4.7,Basic,0,8,Yes
10529,63,Male,Bhaktapur,150356,4,13,8.1,87,5.7,Basic,5,5,Yes
10530,19,Female,Kathmandu,170305,3,40,51.2,98,9.3,Silver,15,2,Yes
10531,52,Female,Bhaktapur,232802,11,89,10.2,36,8.3,Basic,14,0,Yes
10532,40,Female,Pokhara,148133,1,68,58.5,95,3.2,Basic,14,10,Yes
10533,34,Male,Pokhara,185582,12,42,50.7,70,2.4,Basic,1,9,Yes
10534,43,Female,Biratnagar,21306,9,19,30.6,32,2.6,Basic,15,9,Yes
10535,25,Female,Biratnagar,23849,8,82,58.9,30,5.0,Basic,3,4,Yes
10536,46,Male,Chitwan,32360,9,94,6.7,54,7.4,Silver,5,9,Yes
10537,43,Female,Lalitpur,131072,6,19,18.9,11,5.0,Basic,4,9,Yes
10538,27,Female,Chitwan,114767,3,58,38.7,10,0.7,Basic,15,2,Yes
10539,43,Female,Bhaktapur,196872,18,23,21.7,87,7.2,Silver,10,7,Yes
10540,51,Female,Chitwan,188035,9,54,55.8,71,8.1,Gold,5,9,Yes
10541,58,Male,Kathmandu,74330,2,80,4.9,31,2.9,Basic,2,0,Yes
10542,24,Female,Bhaktapur,71707,20,65,33.4,56,6.6,Basic,4,10,Yes
10543,21,Female,Biratnagar,38689,18,12,35.9,37,4.3,Silver,1,1,Yes
10544,62,Male,Pokhara,49084,20,24,39.5,59,8.9,Gold,6,2,Yes
10545,28,Female,Biratnagar,60387,1,34,16.1,85,8.5,Silver,2,2,Yes
10546,46,Male,Lalitpur,94816,19,53,22.5,97,5.3,Silver,0,7,Yes
10547,53,Female,Bhaktapur,22642,9,8,50.8,18,6.9,Basic,13,4,Yes
10548,42,Male,Bhaktapur,62137,1,18,12.5,83,8.8,Silver,7,7,Yes
10549,38,Male,Kathmandu,230904,1,57,49.8,55,5.0,Basic,7,10,Yes
10550,53,Male,Lalitpur,206633,16,5,34.2,13,3.1,Silver,2,10,Yes
10551,27,Male,Pokhara,82260,15,26,46.0,32,7.5,Silver,12,5,Yes
10552,54,Female,Bhaktapur,166510,15,30,43.1,9,2.2,Gold,6,1,Yes
10553,26,Male,Bhaktapur,68442,13,54,13.2,79,3.9,Basic,8,10,Yes
10554,41,Female,Kathmandu,123061,6,13,34.6,63,8.7,Basic,7,3,Yes
10555,52,Male,Chitwan,154066,20,83,52.2,63,7.2,Silver,2,8,Yes
10556,52,Male,Pokhara,145844,10,29,26.5,61,4.0,Silver,14,3,Yes
10557,65,Male,Biratnagar,119575,0,3,58.0,67,2.1,Silver,12,4,Yes
10558,53,Female,Lalitpur,21813,10,90,27.7,90,3.6,Basic,1,4,Yes
10559,35,Male,Bhaktapur,113027,20,58,9.4,91,2.8,Basic,12,9,Yes
10560,56,Female,Bhaktapur,143489,3,76,24.0,42,1.8,Silver,9,7,Yes
10561,49,Female,Biratnagar,104381,6,2,57.2,79,7.4,Basic,15,5,Yes
10562,41,Female,Pokhara,75276,14,75,19.9,58,2.5,Gold,6,9,Yes
10563,40,Female,Chitwan,61243,17,28,52.2,51,4.5,Basic,6,6,Yes
10564,49,Female,Bhaktapur,213984,11,82,53.0,96,3.9,Silver,8,5,Yes
10565,54,Female,Pokhara,80272,16,77,21.7,18,9.8,Silver,4,4,Yes
10566,29,Female,Biratnagar,193123,0,86,5.9,20,3.9,Silver,3,4,No
10567,30,Female,Kathmandu,229926,10,76,43.7,21,0.8,Basic,7,2,Yes
10568,40,Female,Chitwan,233808,0,2,19.4,8,0.9,Gold,13,6,Yes
10569,42,Male,Lalitpur,85618,14,7,47.2,8,5.9,Basic,3,9,Yes
10570,52,Male,Bhaktapur,21920,20,26,27.1,72,6.0,Silver,15,4,Yes
10571,58,Male,Pokhara,126121,9,90,29.6,26,4.2,Basic,3,6,Yes
10572,47,Male,Kathmandu,228291,6,88,46.9,16,4.3,Basic,11,1,Yes
10573,34,Male,Lalitpur,96872,1,76,23.6,43,0.5,Basic,13,8,Yes
10574,37,Female,Pokhara,101132,9,16,27.1,44,5.2,Basic,11,7,Yes
10575,65,Female,Pokhara,22093,3,23,23.2,7,5.0,Gold,1,4,Yes
10576,42,Female,Lalitpur,32905,11,40,22.7,79,1.5,Basic,12,1,Yes
10577,39,Female,Kathmandu,141759,18,60,32.0,17,1.0,Silver,14,5,Yes
10578,30,Female,Biratnagar,175423,10,73,48.7,32,1.2,Gold,0,7,Yes
10579,36,Female,Kathmandu,50981,7,32,22.3,0,1.0,Basic,3,6,Yes
10580,53,Female,Chitwan,93903,17,15,31.9,75,6.1,Silver,6,7,Yes
10581,29,Male,Bhaktapur,90821,10,13,40.6,5,2.0,Basic,11,3,Yes
10582,58,Male,Lalitpur,129200,10,5,16.9,40,2.5,Basic,15,2,Yes
10583,36,Male,Biratnagar,102289,12,75,17.4,54,1.7,Basic,8,6,Yes
10584,29,Male,Lalitpur,136506,2,74,56.1,4,9.6,Gold,15,1,Yes
10585,26,Female,Lalitpur,235093,11,52,43.7,58,8.5,Basic,8,4,Yes
10586,24,Female,Kathmandu,98513,2,77,35.1,79,2.3,Silver,11,6,Yes
10587,45,Female,Bhaktapur,170946,9,41,39.2,17,3.3,Silver,9,0,Yes
10588,31,Male,Chitwan,202003,16,53,2.7,48,2.1,Gold,14,3,Yes
10589,48,Female,Pokhara,158746,1,50,37.5,81,4.9,Basic,0,1,Yes
10590,36,Female,Pokhara,70516,16,15,31.1,64,0.2,Silver,4,5,Yes
10591,64,Female,Lalitpur,245646,15,7,33.2,82,6.7,Silver,6,0,Yes
10592,33,Male,Bhaktapur,211758,1,40,22.2,53,5.2,Silver,12,6,Yes
10593,22,Female,Biratnagar,245923,19,28,5.8,60,9.0,Gold,6,2,Yes
10594,52,Male,Kathmandu,89212,5,32,12.4,7,1.6,Gold,9,0,Yes
10595,29,Male,Bhaktapur,153498,9,99,57.1,2,8.0,Basic,15,7,Yes
10596,42,Male,Bhaktapur,150970,9,15,25.1,24,7.9,Basic,5,6,Yes
10597,38,Male,Kathmandu,110009,7,100,28.5,68,1.3,Basic,15,1,Yes
10598,53,Female,Lalitpur,219570,0,85,4.1,54,4.0,Basic,10,6,Yes
10599,40,Male,Bhaktapur,181015,12,70,3.2,39,1.7,Basic,9,2,Yes
10600,33,Male,Pokhara,217467,8,65,43.3,82,2.5,Basic,3,8,Yes
10601,56,Female,Kathmandu,64816,9,4,32.7,81,2.6,Basic,2,7,Yes
10602,62,Female,Biratnagar,24138,14,11,31.0,49,5.6,Gold,11,4,Yes
10603,59,Male,Chitwan,111176,4,26,15.3,94,4.1,Basic,12,6,Yes
10604,56,Female,Lalitpur,95945,15,61,44.9,32,9.5,Gold,8,2,Yes
10605,31,Male,Kathmandu,24017,12,37,10.9,17,1.3,Basic,14,0,Yes
10606,48,Male,Chitwan,30451,19,23,12.2,56,9.7,Silver,11,0,Yes
10607,22,Male,Chitwan,214028,17,93,28.2,15,2.3,Gold,12,10,Yes
10608,52,Male,Biratnagar,113863,10,85,17.9,79,7.7,Basic,9,1,Yes
10609,40,Female,Bhaktapur,30278,8,91,15.6,37,3.4,Basic,3,7,Yes
10610,46,Male,Biratnagar,241552,15,40,39.1,40,1.4,Basic,7,0,Yes
10611,60,Female,Bhaktapur,63764,1,77,39.4,6,8.6,Basic,12,10,Yes
10612,28,Female,Bhaktapur,143030,1,23,49.6,77,3.1,Gold,0,4,Yes
10613,35,Female,Kathmandu,152206,11,16,25.6,52,6.6,Gold,6,8,Yes
10614,64,Female,Kathmandu,82943,7,94,5.3,62,5.7,Basic,11,8,Yes
10615,29,Male,Lalitpur,115667,8,61,17.1,88,4.7,Basic,5,1,Yes
10616,26,Female,Bhaktapur,74318,11,68,58.8,31,5.0,Basic,12,6,Yes
10617,27,Male,Chitwan,123423,8,80,36.2,37,7.3,Basic,11,10,Yes
10618,61,Female,Pokhara,123998,9,31,42.9,21,0.9,Silver,0,0,Yes
10619,34,Female,Lalitpur,80128,1,53,1.4,15,6.7,Basic,14,2,Yes
10620,55,Male,Kathmandu,239128,15,25,31.6,51,9.0,Silver,3,5,Yes
10621,24,Male,Biratnagar,41869,19,44,3.2,28,0.6,Basic,11,8,Yes
10622,63,Male,Lalitpur,25039,6,12,34.6,15,1.4,Basic,14,9,Yes
10623,30,Female,Lalitpur,172353,1,90,55.3,75,7.2,Silver,13,1,Yes
10624,57,Female,Lalitpur,132935,0,97,58.1,16,4.4,Basic,4,6,Yes
10625,59,Male,Lalitpur,30442,18,92,32.9,100,4.0,Gold,10,3,Yes
10626,26,Male,Pokhara,93788,3,9,28.0,63,1.4,Gold,7,1,Yes
10627,44,Male,Biratnagar,139729,1,12,56.8,90,5.1,Basic,14,2,Yes
10628,19,Male,Biratnagar,47586,13,69,40.7,88,1.3,Basic,3,5,Yes
10629,22,Female,Biratnagar,73053,1,54,4.8,12,4.8,Gold,2,9,Yes
10630,46,Male,Bhaktapur,201561,14,54,28.5,71,7.6,Gold,1,8,Yes
10631,54,Male,Chitwan,234176,11,28,15.2,55,2.6,Gold,3,7,Yes
10632,55,Male,Biratnagar,106346,4,56,28.7,4,4.8,Basic,10,9,Yes
10633,36,Male,Lalitpur,87087,19,99,27.9,11,9.9,Gold,9,10,Yes
10634,25,Female,Lalitpur,163697,6,69,35.3,40,6.9,Basic,13,8,Yes
10635,65,Male,Biratnagar,54397,20,98,22.0,2,8.4,Silver,12,3,Yes
10636,62,Female,Biratnagar,78671,9,98,10.7,98,4.1,Gold,3,3,Yes
10637,18,Male,Lalitpur,136214,13,77,30.7,32,7.7,Basic,12,8,Yes
10638,39,Male,Bhaktapur,242857,13,58,50.0,85,0.4,Gold,9,7,Yes
10639,34,Female,Kathmandu,86897,4,78,40.2,49,1.2,Basic,4,1,Yes
10640,24,Male,Kathmandu,177221,17,75,21.0,55,2.0,Gold,12,7,Yes
10641,42,Female,Biratnagar,211102,13,42,56.2,8,4.0,Basic,6,0,Yes
10642,62,Female,Pokhara,220978,1,38,54.8,81,8.5,Gold,8,8,Yes
10643,21,Male,Biratnagar,156355,11,68,13.4,49,3.5,Basic,1,8,Yes
10644,53,Female,Biratnagar,158682,5,53,3.3,28,6.5,Silver,4,7,Yes
10645,23,Female,Kathmandu,194398,3,33,44.7,38,7.1,Silver,15,10,Yes
10646,48,Female,Lalitpur,34924,12,71,49.8,90,5.9,Basic,10,4,Yes
10647,36,Female,Biratnagar,133143,3,56,58.1,99,3.6,Basic,9,4,Yes
10648,61,Female,Lalitpur,130253,13,72,53.5,44,5.8,Silver,8,2,Yes
10649,56,Female,Lalitpur,227234,15,51,36.4,16,3.4,Basic,11,4,Yes
10650,44,Female,Pokhara,120297,3,74,32.3,55,0.8,Silver,13,3,Yes
10651,27,Female,Lalitpur,20869,0,43,2.6,97,9.9,Basic,12,0,No
10652,43,Male,Kathmandu,117088,12,15,15.6,45,1.3,Gold,2,8,Yes
10653,36,Male,Bhaktapur,21014,3,38,28.1,66,0.7,Basic,0,9,Yes
10654,56,Female,Bhaktapur,30103,19,15,38.1,68,8.8,Basic,1,3,Yes
10655,20,Male,Chitwan,233594,17,5,33.9,13,3.0,Basic,13,2,Yes
10656,62,Female,Biratnagar,130317,5,93,44.8,66,6.5,Basic,5,5,Yes
10657,30,Female,Kathmandu,247079,2,83,17.5,22,3.3,Basic,15,0,Yes
10658,45,Male,Lalitpur,184530,12,54,34.3,93,3.9,Basic,4,4,Yes
10659,37,Female,Bhaktapur,241677,15,51,6.2,60,2.6,Gold,0,6,Yes
10660,45,Female,Kathmandu,102409,4,10,25.4,22,3.4,Silver,0,1,Yes
10661,25,Female,Bhaktapur,43248,3,12,45.3,26,4.1,Silver,10,9,Yes
10662,58,Female,Lalitpur,240232,20,4,41.9,53,7.2,Basic,3,8,Yes
10663,56,Male,Bhaktapur,194588,7,95,59.4,9,5.1,Silver,11,5,Yes
10664,18,Female,Biratnagar,180133,18,18,17.4,88,9.4,Basic,14,1,Yes
10665,20,Female,Biratnagar,175242,13,80,30.4,76,0.4,Silver,3,7,Yes
10666,30,Female,Chitwan,28024,6,36,20.4,15,5.0,Basic,14,7,Yes
10667,45,Male,Chitwan,233286,13,25,27.0,40,5.8,Basic,5,0,Yes
10668,42,Female,Bhaktapur,105947,5,87,51.6,97,9.2,Basic,5,0,Yes
10669,50,Male,Kathmandu,194875,11,76,41.4,54,0.5,Gold,15,0,Yes
10670,55,Male,Biratnagar,170368,15,98,53.1,100,5.7,Basic,9,3,Yes
10671,23,Female,Kathmandu,111829,16,36,13.0,60,8.5,Silver,13,3,Yes
10672,61,Female,Kathmandu,112708,12,67,52.5,85,2.4,Basic,5,7,Yes
10673,62,Male,Bhaktapur,106664,13,9,4.5,80,8.8,Silver,0,0,Yes
10674,49,Female,Kathmandu,169329,6,61,53.4,86,0.2,Gold,9,9,Yes
10675,62,Male,Biratnagar,163927,13,53,20.4,99,7.3,Basic,8,2,Yes
10676,64,Male,Lalitpur,105178,14,18,19.6,48,9.3,Basic,10,10,Yes
10677,38,Female,Chitwan,121121,11,43,31.2,72,6.6,Gold,6,0,Yes
10678,33,Female,Lalitpur,40025,16,35,56.5,51,4.4,Silver,6,8,Yes
10679,38,Male,Kathmandu,155530,8,63,3.8,1,0.4,Basic,10,9,Yes
10680,28,Male,Lalitpur,83610,14,98,21.8,95,9.2,Silver,6,8,Yes
10681,54,Male,Biratnagar,90843,11,78,51.5,49,4.7,Silver,1,6,Yes
10682,53,Male,Biratnagar,127237,1,4,24.4,85,0.3,Basic,1,7,No
10683,52,Female,Kathmandu,235033,4,93,12.8,42,6.9,Gold,5,0,Yes
10684,36,Female,Bhaktapur,200903,12,41,26.1,76,4.8,Basic,6,4,Yes
10685,37,Female,Lalitpur,194499,19,45,23.7,7,1.2,Basic,2,1,Yes
10686,35,Female,Bhaktapur,244881,7,50,55.0,58,2.1,Silver,12,0,Yes
10687,64,Female,Bhaktapur,150299,13,79,46.0,64,0.6,Basic,3,2,Yes
10688,58,Male,Pokhara,189578,14,28,30.8,80,5.7,Basic,13,6,Yes
10689,31,Female,Kathmandu,25668,10,42,59.3,11,6.2,Silver,11,0,Yes
10690,32,Female,Chitwan,242542,0,80,28.5,3,5.1,Gold,2,10,Yes
10691,48,Female,Biratnagar,198267,20,76,4.4,76,8.2,Gold,6,1,Yes
10692,18,Female,Biratnagar,93233,2,69,16.5,94,8.6,Gold,6,1,Yes
10693,20,Female,Kathmandu,175489,16,98,26.7,40,6.2,Gold,3,3,Yes
10694,33,Male,Chitwan,101982,18,1,10.3,6,0.1,Basic,12,2,Yes
10695,40,Male,Biratnagar,126133,13,39,56.9,86,7.0,Basic,6,2,Yes
10696,28,Male,Kathmandu,30751,7,96,46.2,87,4.2,Gold,4,9,Yes
10697,29,Female,Biratnagar,66218,12,90,16.8,68,5.7,Basic,0,4,Yes
10698,27,Male,Bhaktapur,146649,19,17,35.9,68,6.5,Silver,9,2,Yes
10699,49,Male,Lalitpur,27352,2,91,43.6,80,3.5,Silver,3,10,Yes
10700,33,Female,Lalitpur,230124,4,88,56.5,29,9.2,Basic,6,6,Yes
10701,25,Female,Biratnagar,108835,8,35,53.0,72,1.3,Gold,12,4,Yes
10702,55,Female,Pokhara,117493,5,46,31.4,5,6.7,Silver,15,3,Yes
10703,29,Male,Chitwan,48927,1,42,46.7,88,0.0,Basic,15,2,Yes
10704,41,Male,Chitwan,192166,12,39,34.2,18,9.2,Gold,14,3,Yes
10705,45,Female,Chitwan,121948,4,90,33.6,79,1.1,Basic,1,1,Yes
10706,25,Female,Bhaktapur,205194,7,49,7.8,84,0.9,Basic,1,0,No
10707,45,Male,Chitwan,49493,0,62,8.4,65,3.3,Silver,0,2,Yes
10708,53,Male,Lalitpur,243319,19,38,32.2,9,3.7,Gold,1,10,Yes
10709,43,Female,Bhaktapur,224611,11,23,16.9,15,2.1,Silver,9,1,Yes
10710,25,Female,Kathmandu,51707,10,22,2.2,36,5.9,Silver,13,0,Yes
10711,45,Male,Chitwan,219886,6,4,43.6,78,4.4,Silver,7,0,Yes
10712,45,Female,Chitwan,158368,14,49,2.9,76,0.3,Basic,10,1,Yes
10713,54,Male,Kathmandu,176470,10,59,36.1,76,3.2,Gold,7,8,Yes
10714,58,Male,Chitwan,55842,15,73,32.8,31,8.1,Gold,7,4,Yes
10715,53,Male,Kathmandu,33261,2,68,58.2,46,6.9,Basic,14,8,Yes
10716,44,Male,Bhaktapur,96709,19,71,29.6,71,7.2,Basic,15,7,Yes
10717,34,Female,Lalitpur,115985,13,87,4.8,42,7.0,Gold,0,10,Yes
10718,26,Female,Kathmandu,126616,2,2,33.5,81,3.1,Gold,0,5,Yes
10719,50,Male,Pokhara,207776,0,49,50.6,35,1.0,Gold,11,0,Yes
10720,37,Male,Kathmandu,87173,20,88,59.8,25,2.7,Gold,9,9,Yes
10721,30,Male,Chitwan,51781,14,95,26.4,9,8.3,Silver,3,4,Yes
10722,45,Male,Bhaktapur,33652,0,31,19.9,30,9.8,Silver,5,0,Yes
10723,65,Male,Biratnagar,25103,16,40,54.5,96,4.9,Silver,7,6,Yes
10724,46,Female,Bhaktapur,45500,1,48,12.3,28,0.1,Basic,12,9,Yes
10725,30,Female,Biratnagar,120336,19,51,37.3,4,1.4,Silver,1,10,Yes
10726,63,Female,Kathmandu,186601,5,43,24.9,76,3.2,Silver,12,7,Yes
10727,52,Female,Lalitpur,133499,7,98,3.4,0,5.8,Silver,15,7,Yes
10728,23,Male,Pokhara,169524,15,55,21.5,86,0.8,Silver,2,6,Yes
10729,35,Male,Bhaktapur,69393,18,88,16.6,2,9.4,Basic,5,1,Yes
10730,22,Male,Chitwan,182246,0,49,41.5,66,3.7,Basic,9,4,Yes
10731,64,Male,Biratnagar,215522,2,90,57.0,70,9.1,Basic,3,3,Yes
10732,42,Male,Chitwan,186508,2,80,16.8,99,7.8,Basic,11,4,Yes
10733,19,Female,Lalitpur,67406,4,57,48.9,34,7.6,Basic,1,9,Yes
10734,27,Male,Biratnagar,83059,11,77,4.3,14,6.1,Gold,6,8,Yes
10735,47,Female,Bhaktapur,167026,11,15,32.7,66,6.3,Basic,3,3,Yes
10736,62,Female,Kathmandu,102722,19,27,5.2,92,6.4,Basic,7,7,Yes
10737,22,Female,Chitwan,32356,12,68,56.1,29,6.3,Silver,7,7,Yes
10738,50,Female,Lalitpur,148128,19,80,46.2,81,5.5,Silver,6,1,Yes
10739,18,Male,Bhaktapur,249571,8,64,39.8,74,9.9,Basic,9,5,Yes
10740,35,Female,Bhaktapur,22187,6,94,49.6,42,7.3,Silver,8,4,Yes
10741,49,Female,Bhaktapur,97243,3,30,39.2,59,7.8,Silver,3,1,Yes
10742,64,Female,Bhaktapur,55098,18,36,58.2,39,8.7,Basic,6,9,Yes
10743,28,Male,Biratnagar,243543,18,67,43.1,64,2.2,Basic,9,3,Yes
10744,38,Male,Bhaktapur,172297,5,86,55.6,28,0.8,Gold,9,6,Yes
10745,43,Male,Chitwan,154678,12,86,31.5,73,4.8,Gold,14,0,Yes
10746,42,Female,Lalitpur,77620,10,49,7.9,91,5.1,Silver,11,8,Yes
10747,39,Female,Biratnagar,183900,12,76,32.2,94,8.3,Basic,0,9,Yes
10748,44,Male,Bhaktapur,146270,12,55,8.5,18,4.4,Basic,3,0,Yes
10749,30,Female,Pokhara,177561,19,85,36.0,2,5.7,Silver,1,4,Yes
10750,50,Male,Pokhara,34387,14,56,29.5,35,5.3,Basic,8,6,Yes
10751,51,Male,Lalitpur,89463,20,68,37.7,42,0.4,Basic,15,7,Yes
10752,58,Female,Kathmandu,222904,12,95,1.6,14,6.2,Silver,4,1,Yes
10753,52,Female,Kathmandu,247052,10,44,12.5,96,8.3,Basic,2,3,Yes
10754,18,Female,Biratnagar,153663,18,31,30.0,40,1.6,Silver,3,1,Yes
10755,38,Female,Biratnagar,199588,7,58,57.1,89,5.9,Gold,5,3,Yes
10756,65,Male,Biratnagar,111683,19,87,23.6,79,5.9,Basic,9,5,Yes
10757,23,Male,Kathmandu,82061,7,53,26.0,35,1.6,Gold,0,5,Yes
10758,45,Male,Pokhara,217808,9,84,43.2,96,1.2,Basic,6,1,Yes
10759,34,Male,Kathmandu,101257,15,79,36.6,83,9.8,Gold,7,10,Yes
10760,22,Male,Chitwan,81753,18,23,18.6,76,3.9,Basic,6,3,Yes
10761,48,Female,Bhaktapur,104774,10,28,25.2,32,2.3,Basic,6,3,Yes
10762,22,Male,Biratnagar,162159,12,16,13.8,4,1.7,Silver,8,0,Yes
10763,55,Male,Pokhara,181888,8,37,58.0,100,6.7,Basic,12,1,Yes
10764,20,Male,Lalitpur,43408,19,21,8.7,77,6.1,Gold,3,2,Yes
10765,40,Female,Lalitpur,144116,18,79,22.9,90,6.4,Basic,13,10,Yes
10766,54,Female,Bhaktapur,151208,15,17,2.5,86,0.9,Basic,15,4,Yes
10767,54,Female,Pokhara,37413,6,37,14.1,13,8.9,Silver,6,10,Yes
10768,27,Female,Kathmandu,133650,18,77,47.0,67,3.9,Basic,8,7,Yes
10769,27,Male,Kathmandu,79500,11,19,12.9,82,3.1,Basic,14,5,Yes
10770,36,Male,Chitwan,104514,14,30,5.7,46,4.6,Silver,4,2,Yes
10771,34,Female,Chitwan,76358,13,45,29.0,53,3.9,Silver,1,5,Yes
10772,38,Female,Kathmandu,86197,10,18,1.6,3,8.6,Gold,14,6,Yes
10773,31,Male,Lalitpur,243861,9,78,6.0,93,9.3,Gold,4,5,Yes
10774,26,Male,Biratnagar,243492,10,62,48.6,82,3.0,Basic,3,9,Yes
10775,63,Female,Lalitpur,183926,5,36,46.5,94,8.6,Silver,7,5,Yes
10776,18,Female,Chitwan,96240,1,100,55.0,94,7.8,Basic,15,0,Yes
10777,62,Female,Bhaktapur,241135,10,84,51.4,8,9.3,Silver,14,2,Yes
10778,30,Female,Kathmandu,36322,18,52,41.3,52,2.5,Basic,4,6,Yes
10779,21,Male,Chitwan,133053,5,19,4.1,76,5.8,Gold,8,3,Yes
10780,18,Male,Chitwan,26968,13,44,47.2,77,2.7,Silver,8,3,Yes
10781,57,Male,Biratnagar,47518,19,7,50.9,59,8.2,Gold,2,6,Yes
10782,49,Female,Kathmandu,71925,5,44,48.1,45,0.1,Gold,12,8,Yes
10783,51,Female,Biratnagar,210920,16,68,31.0,53,5.6,Gold,9,10,Yes
10784,45,Male,Kathmandu,131900,9,34,14.7,73,3.4,Gold,14,1,Yes
10785,48,Male,Biratnagar,113422,0,66,50.9,94,3.2,Basic,5,8,Yes
10786,25,Male,Lalitpur,21700,2,69,43.9,36,6.4,Basic,5,2,Yes
10787,56,Male,Bhaktapur,113782,7,55,58.9,22,8.5,Basic,3,5,Yes
10788,43,Female,Bhaktapur,43199,7,10,10.2,26,6.1,Basic,10,3,Yes
10789,51,Male,Kathmandu,195661,19,96,14.3,69,8.5,Silver,12,0,Yes
10790,20,Male,Pokhara,183187,14,42,13.5,89,2.6,Silver,9,8,Yes
10791,29,Male,Chitwan,213006,6,41,47.8,65,5.2,Silver,2,10,Yes
10792,18,Male,Chitwan,205388,10,77,12.0,60,4.5,Gold,0,5,Yes
10793,61,Male,Kathmandu,25520,6,69,4.9,76,0.1,Gold,11,7,Yes
10794,22,Male,Biratnagar,129814,3,10,59.9,50,5.6,Basic,6,1,Yes
10795,47,Male,Pokhara,187527,11,10,2.5,49,6.6,Basic,14,6,Yes
10796,47,Female,Lalitpur,237537,5,91,50.3,18,5.9,Basic,14,5,Yes
10797,34,Female,Biratnagar,143364,13,60,22.6,0,7.4,Basic,4,1,Yes
10798,65,Female,Biratnagar,192677,11,51,50.7,39,5.7,Silver,13,1,Yes
10799,64,Female,Kathmandu,34955,10,21,33.7,31,0.7,Silver,9,3,Yes
10800,40,Male,Kathmandu,195121,18,8,54.2,21,1.2,Silver,14,3,Yes
10801,32,Female,Chitwan,164989,20,65,55.6,92,6.0,Gold,6,2,Yes
10802,54,Female,Kathmandu,221365,4,92,1.5,65,2.7,Gold,0,7,Yes
10803,38,Male,Kathmandu,229653,13,78,5.4,39,0.8,Basic,7,6,Yes
10804,31,Male,Kathmandu,84925,20,85,15.8,37,4.3,Silver,2,1,Yes
10805,19,Female,Chitwan,127216,15,30,40.5,47,5.5,Basic,6,2,Yes
10806,28,Female,Lalitpur,90269,12,85,53.4,54,3.3,Basic,11,9,Yes
10807,56,Male,Lalitpur,182026,19,49,28.1,74,7.2,Basic,2,8,Yes
10808,55,Female,Kathmandu,247743,3,9,36.8,80,6.4,Basic,13,4,Yes
10809,51,Male,Chitwan,223689,10,17,12.1,54,3.3,Basic,2,1,Yes
10810,55,Male,Lalitpur,61458,16,69,48.5,50,7.5,Basic,9,2,Yes
10811,51,Male,Biratnagar,109037,6,58,58.1,59,6.5,Silver,8,7,Yes
10812,35,Male,Lalitpur,172185,13,57,16.8,7,6.4,Silver,12,3,Yes
10813,47,Female,Lalitpur,119977,10,62,30.2,85,5.5,Basic,1,1,Yes
10814,32,Male,Chitwan,241298,8,95,6.1,67,0.1,Basic,13,1,Yes
10815,44,Male,Biratnagar,63939,12,52,34.0,74,7.0,Gold,3,5,Yes
10816,51,Female,Chitwan,49345,17,61,30.7,71,3.8,Basic,5,7,Yes
10817,55,Male,Kathmandu,197385,10,40,9.5,8,9.4,Gold,13,6,Yes
10818,50,Female,Bhaktapur,130107,14,38,27.1,89,8.2,Silver,2,3,Yes
10819,41,Female,Lalitpur,141866,18,43,20.7,1,5.9,Basic,11,1,Yes
10820,32,Female,Bhaktapur,243437,0,63,31.8,79,2.5,Basic,9,8,Yes
10821,47,Male,Chitwan,89166,3,19,35.6,94,2.0,Basic,13,3,Yes
10822,59,Female,Chitwan,198933,13,100,1.5,69,3.4,Basic,9,8,Yes
10823,34,Female,Chitwan,117406,13,50,45.9,84,4.8,Basic,6,4,Yes
10824,22,Male,Bhaktapur,69298,2,33,43.1,89,3.0,Silver,6,10,Yes
10825,46,Female,Chitwan,198293,16,13,22.6,58,5.1,Basic,14,10,Yes
10826,21,Female,Kathmandu,64942,2,78,4.1,18,1.7,Silver,4,6,Yes
10827,27,Female,Chitwan,23453,15,97,45.5,27,9.8,Silver,2,4,Yes
10828,34,Female,Pokhara,122811,13,62,57.4,71,1.1,Basic,1,1,Yes
10829,27,Female,Bhaktapur,74935,19,93,15.2,13,9.3,Basic,14,5,Yes
10830,34,Male,Pokhara,142439,12,43,20.1,23,9.1,Basic,14,6,Yes
10831,37,Female,Chitwan,194442,14,49,11.8,43,5.3,Basic,3,10,Yes
10832,41,Female,Kathmandu,28328,13,36,35.0,100,7.2,Silver,13,5,Yes
10833,22,Male,Lalitpur,35534,18,10,10.1,55,4.4,Basic,14,2,Yes
10834,51,Male,Biratnagar,105280,5,95,22.0,89,6.3,Silver,12,9,Yes
10835,23,Male,Biratnagar,235997,9,6,42.1,94,3.4,Basic,3,7,Yes
10836,19,Female,Chitwan,56320,14,57,34.0,50,3.0,Basic,10,2,Yes
10837,30,Male,Kathmandu,69170,20,1,23.8,31,5.8,Silver,7,4,Yes
10838,60,Female,Bhaktapur,120546,19,71,25.8,49,5.0,Silver,7,8,Yes
10839,60,Female,Pokhara,100201,5,58,34.2,40,5.8,Basic,12,10,Yes
10840,65,Male,Pokhara,28640,9,91,1.3,65,2.9,Basic,4,4,Yes
10841,28,Male,Pokhara,242129,6,21,5.6,24,3.7,Silver,12,6,Yes
10842,64,Female,Bhaktapur,181121,16,92,53.0,60,0.8,Basic,5,10,Yes
10843,40,Male,Biratnagar,156690,17,80,5.6,65,0.5,Basic,7,6,Yes
10844,33,Female,Kathmandu,207125,16,56,42.7,41,2.5,Silver,14,4,Yes
10845,48,Male,Bhaktapur,152992,8,87,55.3,64,0.7,Basic,0,1,Yes
10846,28,Male,Pokhara,63937,9,20,17.0,35,1.0,Silver,4,4,Yes
10847,33,Male,Chitwan,220796,9,54,22.9,75,8.1,Silver,3,6,Yes
10848,25,Female,Lalitpur,163279,6,25,34.6,8,0.4,Silver,15,6,Yes
10849,21,Male,Bhaktapur,216846,15,28,53.0,35,6.6,Silver,3,3,Yes
10850,57,Female,Bhaktapur,184044,17,5,56.6,91,2.7,Silver,10,0,Yes
10851,21,Female,Kathmandu,161871,5,21,44.6,37,8.7,Silver,1,5,Yes
10852,42,Female,Kathmandu,222160,19,18,6.1,32,4.8,Gold,9,2,Yes
10853,20,Female,Bhaktapur,179988,0,47,40.5,41,3.1,Basic,0,10,Yes
10854,49,Male,Pokhara,90463,0,70,25.2,60,5.2,Basic,13,4,Yes
10855,20,Female,Lalitpur,113500,11,57,28.8,45,3.8,Silver,14,3,Yes
10856,44,Female,Kathmandu,227772,20,93,3.9,85,5.6,Silver,5,1,Yes
10857,46,Male,Pokhara,57158,1,19,12.3,88,1.1,Basic,6,6,Yes
10858,49,Female,Chitwan,104607,3,97,47.6,60,10.0,Gold,4,4,Yes
10859,36,Male,Kathmandu,139639,16,65,27.8,17,4.3,Basic,15,6,Yes
10860,38,Female,Pokhara,91696,3,3,18.8,69,3.5,Silver,14,8,Yes
10861,22,Male,Pokhara,81510,10,42,23.7,81,7.1,Silver,7,3,Yes
10862,35,Female,Lalitpur,140076,3,21,51.4,79,3.6,Gold,8,4,Yes
10863,45,Male,Lalitpur,78692,0,99,45.2,14,8.3,Basic,10,8,Yes
10864,59,Female,Chitwan,150841,6,40,17.1,47,4.5,Silver,10,9,Yes
10865,39,Female,Pokhara,212816,17,67,7.9,71,7.2,Basic,1,10,Yes
10866,38,Male,Biratnagar,35810,8,25,15.9,12,1.1,Basic,10,3,Yes
10867,23,Male,Pokhara,156198,2,55,55.3,42,8.5,Basic,12,4,Yes
10868,18,Male,Lalitpur,181081,7,84,35.3,59,7.4,Silver,3,4,Yes
10869,22,Male,Biratnagar,131718,18,52,32.5,56,2.1,Basic,10,7,Yes
10870,58,Female,Kathmandu,110932,3,44,36.2,70,1.5,Basic,8,3,Yes
10871,29,Female,Kathmandu,20192,17,98,22.6,16,3.2,Silver,4,3,Yes
10872,43,Male,Bhaktapur,56413,19,85,48.6,49,9.8,Silver,2,6,Yes
10873,63,Female,Lalitpur,163888,10,56,31.9,31,2.6,Silver,5,10,Yes
10874,51,Male,Bhaktapur,59082,13,55,7.9,21,4.6,Gold,14,4,Yes
10875,31,Male,Biratnagar,85048,17,87,8.6,54,0.3,Basic,2,5,Yes
10876,43,Female,Lalitpur,143130,15,70,32.7,56,4.0,Gold,13,5,Yes
10877,62,Female,Chitwan,70940,2,77,56.3,12,5.7,Gold,4,5,Yes
10878,44,Female,Pokhara,183202,14,87,19.2,46,9.5,Basic,2,9,Yes
10879,26,Female,Chitwan,60142,3,73,52.3,86,5.2,Basic,5,4,Yes
10880,43,Female,Biratnagar,56468,4,81,46.1,61,8.2,Basic,11,4,Yes
10881,64,Female,Lalitpur,181770,16,66,15.6,53,5.5,Basic,15,8,Yes
10882,39,Female,Biratnagar,161727,6,19,3.1,28,0.4,Silver,9,7,Yes
10883,64,Male,Pokhara,198969,15,83,7.0,21,3.2,Silver,4,3,Yes
10884,47,Male,Kathmandu,181147,13,7,44.0,64,5.8,Silver,13,6,Yes
10885,60,Male,Kathmandu,160431,15,63,12.8,28,9.5,Silver,8,7,Yes
10886,65,Male,Biratnagar,149048,6,42,22.9,47,8.6,Basic,15,8,Yes
10887,34,Male,Bhaktapur,62056,8,42,30.6,4,2.3,Gold,2,4,Yes
10888,43,Female,Lalitpur,71831,3,59,43.8,34,2.2,Basic,5,2,Yes
10889,53,Male,Lalitpur,79191,10,20,7.7,73,2.0,Gold,7,3,Yes
10890,18,Male,Kathmandu,141948,1,73,25.0,82,9.2,Basic,6,9,Yes
10891,25,Male,Chitwan,184344,11,17,29.6,100,8.5,Gold,15,5,Yes
10892,52,Male,Pokhara,128117,11,27,32.9,70,7.7,Basic,5,9,Yes
10893,32,Male,Chitwan,34671,3,47,49.3,45,3.9,Basic,13,10,Yes
10894,64,Male,Chitwan,47048,17,2,11.1,34,5.0,Basic,14,4,Yes
10895,39,Male,Biratnagar,227346,20,63,48.7,44,4.6,Silver,1,8,Yes
10896,31,Female,Kathmandu,45963,6,62,41.9,12,2.5,Gold,15,10,Yes
10897,43,Female,Kathmandu,63954,0,100,33.8,9,5.1,Basic,14,10,Yes
10898,45,Male,Kathmandu,223381,12,19,42.3,65,0.3,Gold,6,2,Yes
10899,40,Female,Biratnagar,115430,5,17,25.3,69,1.3,Silver,7,1,Yes
10900,31,Female,Bhaktapur,20717,5,69,9.2,71,8.9,Silver,0,5,Yes
10901,41,Female,Chitwan,31676,11,39,40.3,99,7.5,Gold,14,6,Yes
10902,19,Female,Biratnagar,155506,7,82,32.0,24,4.2,Basic,8,4,Yes
10903,62,Male,Lalitpur,200882,18,71,38.7,43,5.2,Basic,3,0,Yes
10904,43,Female,Pokhara,138696,4,81,20.9,59,3.7,Gold,7,2,Yes
10905,31,Female,Bhaktapur,245708,17,39,54.5,46,7.4,Gold,14,2,Yes
10906,24,Female,Lalitpur,150830,4,36,35.7,39,7.8,Gold,9,3,Yes
10907,20,Male,Chitwan,24994,9,40,6.0,6,7.6,Gold,6,9,Yes
10908,64,Male,Kathmandu,24234,0,45,27.5,45,7.2,Basic,13,5,Yes
10909,40,Male,Chitwan,89300,9,4,45.6,22,2.0,Gold,12,4,Yes
10910,63,Male,Biratnagar,63949,4,25,47.9,82,3.4,Basic,9,0,Yes
10911,60,Male,Pokhara,57405,11,69,30.2,45,4.7,Gold,6,5,Yes
10912,64,Male,Biratnagar,54872,6,30,53.8,85,3.3,Basic,1,8,Yes
10913,62,Male,Bhaktapur,62215,8,76,16.8,12,7.5,Silver,15,10,Yes
10914,35,Female,Bhaktapur,43185,20,68,25.2,20,3.3,Silver,0,0,Yes
10915,55,Female,Pokhara,194514,11,88,54.0,0,1.4,Basic,3,7,Yes
10916,52,Female,Lalitpur,202831,0,29,53.9,18,4.0,Basic,11,7,Yes
10917,32,Male,Lalitpur,61153,10,73,41.5,59,9.8,Gold,15,2,Yes
10918,42,Male,Bhaktapur,97535,20,68,51.7,32,2.3,Gold,15,8,Yes
10919,54,Male,Bhaktapur,153653,14,51,6.2,3,6.1,Basic,1,10,Yes
10920,45,Male,Kathmandu,71717,1,24,52.0,2,4.3,Silver,7,10,Yes
10921,27,Male,Lalitpur,22763,19,14,19.9,90,0.7,Silver,9,7,Yes
10922,56,Female,Pokhara,112910,6,69,11.5,51,4.9,Basic,15,2,Yes
10923,34,Female,Lalitpur,75480,20,18,15.1,98,7.0,Basic,6,9,Yes
10924,56,Male,Kathmandu,189831,11,42,25.7,27,5.1,Gold,7,4,Yes
10925,39,Male,Biratnagar,227139,17,57,15.8,69,8.7,Silver,10,2,Yes
10926,43,Male,Bhaktapur,138094,2,83,19.9,69,2.9,Silver,5,4,Yes
10927,61,Male,Bhaktapur,176379,6,12,9.0,54,0.9,Silver,0,8,Yes
10928,42,Female,Kathmandu,247443,10,82,18.5,56,9.4,Basic,13,3,Yes
10929,34,Male,Pokhara,31064,17,17,34.8,86,3.8,Basic,12,5,Yes
10930,30,Male,Bhaktapur,96848,11,30,27.1,96,5.8,Basic,12,2,Yes
10931,37,Male,Chitwan,57548,5,88,21.5,15,7.9,Basic,11,2,Yes
10932,42,Male,Bhaktapur,188017,4,75,45.0,23,3.2,Silver,8,4,Yes
10933,21,Female,Chitwan,199009,0,99,53.7,68,7.2,Gold,5,7,Yes
10934,27,Male,Kathmandu,26476,11,23,45.7,40,1.4,Basic,11,7,Yes
10935,20,Male,Kathmandu,202828,10,81,20.6,76,2.9,Basic,12,2,Yes
10936,58,Female,Bhaktapur,110101,3,1,44.9,46,1.4,Silver,9,7,Yes
10937,62,Female,Lalitpur,22382,17,79,10.0,75,8.1,Gold,0,10,Yes
10938,35,Female,Chitwan,200755,3,32,8.7,68,2.2,Silver,0,7,Yes
10939,64,Male,Pokhara,239071,16,9,21.4,100,7.2,Gold,15,2,Yes
10940,53,Male,Bhaktapur,196348,1,15,48.7,30,9.4,Silver,7,9,Yes
10941,64,Female,Pokhara,184474,1,28,15.5,91,5.3,Silver,5,9,Yes
10942,39,Female,Bhaktapur,242953,11,24,4.7,91,5.4,Basic,7,1,Yes
10943,51,Female,Lalitpur,178018,5,60,8.8,29,4.6,Basic,7,9,Yes
10944,64,Female,Lalitpur,99698,9,35,51.7,17,3.3,Basic,14,1,Yes
10945,25,Female,Lalitpur,225005,20,86,38.4,43,4.8,Silver,10,8,Yes
10946,57,Female,Biratnagar,173407,15,27,15.9,26,6.0,Gold,13,6,Yes
10947,61,Male,Lalitpur,65095,13,83,33.8,98,9.9,Gold,7,5,Yes
10948,36,Male,Kathmandu,231002,6,76,32.1,25,9.4,Basic,9,6,Yes
10949,59,Male,Kathmandu,149974,18,20,39.7,59,8.6,Basic,14,7,Yes
10950,58,Female,Biratnagar,47197,16,65,14.8,17,8.9,Basic,6,0,Yes
10951,54,Female,Chitwan,147619,8,85,52.0,96,4.7,Basic,6,7,Yes
10952,23,Female,Pokhara,42010,12,49,19.3,88,6.6,Silver,9,2,Yes
10953,43,Female,Bhaktapur,175195,4,1,42.0,55,9.0,Gold,3,2,Yes
10954,51,Female,Bhaktapur,107923,4,10,2.0,30,3.9,Gold,8,5,Yes
10955,62,Female,Biratnagar,153962,9,47,23.0,100,9.6,Silver,11,3,Yes
10956,23,Male,Kathmandu,244377,20,59,21.8,58,4.2,Gold,1,3,Yes
10957,54,Male,Bhaktapur,150526,9,96,33.1,1,6.0,Silver,10,3,Yes
10958,50,Female,Kathmandu,129162,6,62,5.3,96,7.1,Basic,8,9,Yes
10959,39,Male,Chitwan,140927,14,86,47.6,38,9.5,Silver,9,8,Yes
10960,38,Female,Pokhara,28026,6,18,13.8,60,2.4,Silver,2,7,Yes
10961,23,Male,Chitwan,84925,14,46,40.9,62,7.5,Silver,13,2,Yes
10962,23,Female,Biratnagar,88842,2,32,48.4,95,5.2,Basic,12,0,Yes
10963,65,Female,Lalitpur,53665,18,27,34.2,17,2.7,Basic,14,0,Yes
10964,21,Male,Lalitpur,29277,9,92,44.7,16,7.8,Basic,15,0,Yes
10965,47,Male,Lalitpur,193311,14,18,40.0,97,5.5,Gold,1,3,Yes
10966,28,Female,Chitwan,198736,2,39,22.0,38,6.6,Basic,12,5,Yes
10967,47,Female,Bhaktapur,68008,5,49,48.7,70,3.2,Silver,3,3,Yes
10968,48,Male,Pokhara,34683,11,93,18.4,53,4.8,Silver,4,10,Yes
10969,41,Male,Lalitpur,151742,14,82,34.7,98,6.2,Basic,1,10,Yes
10970,26,Female,Biratnagar,240283,5,44,45.0,93,4.0,Silver,12,2,Yes
10971,20,Male,Biratnagar,168961,12,72,23.4,75,2.0,Gold,14,7,Yes
10972,48,Female,Lalitpur,206684,18,54,18.9,34,9.6,Basic,0,7,Yes
10973,57,Female,Lalitpur,195607,2,95,28.1,10,5.1,Gold,9,5,Yes
10974,54,Female,Pokhara,98542,7,34,49.3,60,7.3,Basic,10,8,Yes
10975,53,Female,Lalitpur,74319,7,71,55.9,43,4.1,Basic,4,9,Yes
10976,41,Male,Pokhara,112067,19,36,33.2,67,3.6,Gold,8,0,Yes
10977,48,Male,Biratnagar,172711,14,18,40.0,24,4.1,Gold,14,7,Yes
10978,23,Male,Lalitpur,215784,3,38,54.3,47,4.1,Gold,11,5,Yes
10979,19,Male,Chitwan,167705,18,59,6.8,31,5.4,Silver,11,0,Yes
10980,37,Male,Chitwan,185732,20,9,14.7,83,5.4,Gold,14,3,Yes
10981,45,Male,Biratnagar,88975,2,73,42.8,94,5.0,Gold,4,4,Yes
10982,28,Male,Pokhara,183244,12,72,49.6,3,1.3,Gold,11,6,Yes
10983,21,Female,Chitwan,210269,7,51,51.6,37,5.0,Silver,10,7,Yes
10984,32,Male,Pokhara,121158,15,35,25.5,62,1.7,Basic,9,8,Yes
10985,23,Male,Chitwan,209919,12,82,6.3,46,1.3,Gold,8,5,Yes
10986,47,Female,Chitwan,31577,2,5,26.8,0,9.3,Basic,13,9,Yes
10987,55,Male,Pokhara,97299,15,14,14.6,2,6.0,Silver,12,8,Yes
10988,19,Male,Bhaktapur,40176,8,92,18.2,100,6.6,Basic,11,3,Yes
10989,32,Female,Chitwan,195458,13,30,46.6,85,4.0,Silver,9,7,Yes
10990,28,Male,Lalitpur,83972,12,4,5.5,61,9.1,Basic,5,2,Yes
10991,25,Male,Biratnagar,140018,20,39,49.8,63,6.4,Basic,2,3,Yes
10992,43,Male,Bhaktapur,240863,6,84,26.2,16,7.7,Gold,3,9,Yes
10993,62,Female,Pokhara,192075,14,64,36.2,77,3.7,Basic,3,3,Yes
10994,61,Male,Bhaktapur,39996,6,25,6.3,61,9.6,Silver,0,5,Yes
10995,22,Male,Kathmandu,120922,5,28,20.9,34,8.2,Basic,2,8,Yes
10996,23,Female,Kathmandu,106598,1,76,6.3,12,8.5,Basic,2,5,Yes
10997,43,Male,Chitwan,55931,8,66,57.7,34,1.7,Basic,12,0,Yes
10998,21,Female,Chitwan,144168,16,78,48.6,42,2.7,Silver,13,4,Yes
10999,36,Female,Lalitpur,186782,4,22,28.1,1,2.9,Basic,0,8,Yes
11000,37,Male,Biratnagar,143099,11,31,14.2,55,2.7,Gold,12,4,Yes
11001,50,Female,Bhaktapur,54693,0,23,56.1,76,8.6,Basic,8,5,Yes
11002,37,Female,Kathmandu,186812,9,48,21.3,50,0.3,Basic,10,2,Yes
11003,29,Male,Chitwan,228313,10,20,10.5,53,0.8,Basic,0,7,Yes
11004,64,Female,Biratnagar,128944,15,38,34.2,15,2.7,Basic,8,9,Yes
11005,18,Female,Bhaktapur,244655,13,55,56.7,17,2.0,Silver,0,10,Yes
11006,43,Male,Chitwan,227574,7,68,1.2,6,2.3,Gold,15,3,Yes
11007,31,Male,Chitwan,37374,16,79,15.0,44,8.0,Silver,1,3,Yes
11008,55,Male,Kathmandu,227746,17,88,56.4,35,5.6,Basic,1,10,Yes
11009,54,Female,Kathmandu,101471,11,89,11.1,40,0.1,Basic,13,4,Yes
11010,28,Male,Chitwan,65913,16,1,7.7,93,4.3,Basic,5,9,Yes
11011,53,Female,Pokhara,143683,13,7,34.6,41,4.1,Gold,6,8,Yes
11012,30,Female,Chitwan,217097,15,57,51.8,6,1.1,Basic,10,7,Yes
11013,60,Female,Biratnagar,64516,13,95,29.1,14,6.8,Silver,0,6,Yes
11014,20,Female,Chitwan,107796,8,12,59.7,59,7.0,Basic,2,4,Yes
11015,50,Female,Lalitpur,46069,3,5,41.1,39,7.2,Basic,1,8,Yes
11016,23,Female,Lalitpur,138333,10,50,5.4,82,7.3,Basic,7,8,Yes
11017,27,Female,Lalitpur,207305,5,42,59.6,36,0.0,Basic,8,9,Yes
11018,22,Male,Pokhara,104811,14,12,25.1,65,9.5,Silver,12,9,Yes
11019,40,Male,Pokhara,210121,4,18,18.0,54,8.1,Basic,1,1,Yes
11020,27,Female,Chitwan,138028,10,66,33.9,76,9.0,Silver,1,3,Yes
11021,61,Female,Lalitpur,59178,17,74,19.0,94,0.2,Basic,9,7,Yes
11022,19,Male,Pokhara,52821,12,79,6.1,79,9.3,Gold,14,0,Yes
11023,30,Female,Kathmandu,202799,10,94,1.1,55,8.1,Basic,8,4,Yes
11024,57,Male,Chitwan,212007,13,17,27.5,43,8.4,Gold,13,7,Yes
11025,19,Male,Biratnagar,36999,17,68,50.4,56,0.9,Gold,3,1,Yes
11026,37,Male,Bhaktapur,213594,18,71,34.8,5,7.4,Gold,4,1,Yes
11027,18,Female,Chitwan,58712,14,62,60.0,91,9.6,Basic,12,7,Yes
11028,54,Female,Bhaktapur,215623,8,41,17.9,31,6.8,Silver,10,9,Yes
11029,26,Male,Lalitpur,191244,7,95,17.5,73,5.7,Basic,8,8,Yes
11030,34,Male,Bhaktapur,53722,19,34,10.4,17,9.5,Basic,5,6,Yes
11031,26,Male,Lalitpur,30625,0,70,10.7,67,4.4,Basic,9,7,Yes
11032,28,Male,Kathmandu,218237,3,45,17.8,72,6.0,Basic,11,4,Yes
11033,32,Male,Bhaktapur,227581,13,58,47.8,6,4.8,Gold,8,0,Yes
11034,41,Female,Chitwan,26859,1,51,54.4,7,9.3,Basic,8,3,Yes
11035,55,Male,Lalitpur,192681,15,34,58.5,63,0.8,Silver,6,1,Yes
11036,52,Female,Chitwan,194379,2,44,14.7,6,5.0,Silver,13,2,Yes
11037,47,Male,Pokhara,130986,7,15,53.0,40,6.9,Silver,11,2,Yes
11038,48,Female,Lalitpur,41839,5,78,20.4,39,7.9,Silver,9,8,Yes
11039,22,Female,Bhaktapur,47216,15,70,7.7,2,5.8,Basic,8,9,Yes
11040,61,Female,Lalitpur,72953,15,50,52.3,16,9.1,Silver,4,3,Yes
11041,31,Female,Chitwan,235553,6,32,38.5,65,9.4,Basic,15,1,Yes
11042,28,Female,Kathmandu,211665,12,67,10.7,78,0.6,Gold,4,2,Yes
11043,26,Female,Lalitpur,223147,12,3,26.4,92,4.0,Silver,11,2,Yes
11044,51,Male,Bhaktapur,69522,4,86,17.9,51,0.2,Gold,7,6,Yes
11045,29,Female,Pokhara,155958,19,86,44.5,21,3.3,Basic,9,7,Yes
11046,52,Male,Biratnagar,131249,17,74,27.8,3,5.4,Basic,3,10,Yes
11047,52,Female,Kathmandu,27485,14,51,59.4,5,9.1,Basic,8,5,Yes
11048,18,Female,Pokhara,182527,17,67,4.2,37,8.5,Basic,6,3,Yes
11049,57,Male,Lalitpur,167839,1,76,21.9,25,1.3,Basic,6,5,Yes
11050,39,Female,Chitwan,132701,9,93,29.4,10,0.9,Silver,12,10,Yes
11051,46,Male,Chitwan,179525,12,48,30.7,89,5.9,Basic,14,0,Yes
11052,25,Male,Bhaktapur,227352,17,17,19.6,16,5.3,Silver,2,9,Yes
11053,28,Male,Chitwan,122638,14,7,44.0,87,2.7,Gold,3,7,Yes
11054,58,Male,Kathmandu,204514,11,13,52.6,91,9.0,Silver,6,0,Yes
11055,54,Female,Chitwan,202949,14,66,56.4,98,9.3,Basic,10,4,Yes
11056,31,Female,Bhaktapur,32226,12,4,48.5,30,4.0,Basic,10,1,Yes
11057,47,Male,Biratnagar,113405,17,10,51.2,76,8.9,Basic,13,5,Yes
11058,52,Female,Lalitpur,42588,14,88,33.5,34,3.8,Basic,4,8,Yes
11059,38,Female,Lalitpur,230048,10,17,49.7,15,7.4,Silver,11,4,Yes
11060,54,Male,Chitwan,182781,18,52,18.9,78,4.8,Basic,2,3,Yes
11061,22,Female,Pokhara,198860,2,6,24.5,17,1.2,Gold,0,1,Yes
11062,36,Male,Lalitpur,239103,6,83,19.7,100,9.3,Silver,6,2,Yes
11063,31,Male,Biratnagar,57019,20,69,28.6,61,4.5,Silver,5,5,Yes
11064,43,Female,Chitwan,196020,13,96,17.8,26,7.3,Basic,9,7,Yes
11065,21,Female,Bhaktapur,85133,13,74,57.7,34,3.7,Basic,14,7,Yes
11066,42,Female,Biratnagar,134444,12,9,19.5,44,0.2,Silver,6,4,Yes
11067,62,Male,Chitwan,217530,11,91,6.8,34,1.0,Basic,14,4,Yes
11068,59,Male,Biratnagar,137603,8,77,32.1,27,5.0,Basic,13,9,Yes
11069,42,Female,Lalitpur,178598,0,83,4.4,8,6.9,Basic,1,2,Yes
11070,35,Female,Bhaktapur,224565,18,21,7.5,75,3.3,Basic,12,6,Yes
11071,57,Female,Chitwan,148585,10,24,13.9,14,7.0,Silver,11,5,Yes
11072,25,Female,Kathmandu,203270,18,4,28.4,20,7.0,Basic,3,0,Yes
11073,56,Male,Bhaktapur,63395,17,24,26.6,51,7.0,Silver,1,3,Yes
11074,57,Female,Kathmandu,175103,11,59,48.2,34,4.9,Basic,7,5,Yes
11075,31,Male,Biratnagar,226614,0,99,44.6,96,9.1,Silver,6,10,Yes
11076,49,Male,Pokhara,145814,18,3,26.2,50,4.9,Gold,0,5,Yes
11077,55,Female,Bhaktapur,188773,19,68,20.7,82,4.5,Gold,1,10,Yes
11078,50,Female,Biratnagar,132599,16,40,19.7,54,2.0,Basic,1,2,Yes
11079,40,Female,Kathmandu,45939,4,48,46.7,86,3.1,Basic,3,5,Yes
11080,32,Male,Lalitpur,200217,2,54,4.1,76,0.4,Basic,2,9,Yes
11081,50,Female,Lalitpur,171396,1,35,1.8,43,6.3,Silver,0,5,No
11082,42,Female,Pokhara,173939,2,95,47.9,64,2.5,Silver,11,8,Yes
11083,34,Male,Bhaktapur,20203,7,56,29.2,92,3.0,Silver,13,8,Yes
11084,50,Female,Bhaktapur,167616,15,89,8.7,87,7.7,Basic,1,1,Yes
11085,64,Male,Bhaktapur,166971,5,40,14.9,79,3.3,Silver,15,3,Yes
11086,19,Female,Biratnagar,49063,12,77,56.0,24,2.4,Basic,10,8,Yes
11087,31,Male,Pokhara,110880,15,68,51.7,86,1.7,Silver,8,3,Yes
11088,57,Female,Bhaktapur,23748,15,46,42.9,91,7.7,Basic,12,7,Yes
11089,57,Female,Biratnagar,137269,2,78,29.5,46,1.3,Silver,0,9,Yes
11090,56,Male,Lalitpur,217701,12,13,31.7,79,4.5,Basic,8,2,Yes
11091,23,Male,Kathmandu,100764,13,27,58.5,55,5.1,Basic,6,2,Yes
11092,23,Female,Biratnagar,171956,7,6,58.0,37,6.9,Silver,1,8,Yes
11093,20,Male,Lalitpur,176255,11,17,13.7,10,6.3,Basic,1,10,Yes
11094,24,Male,Lalitpur,232642,20,36,48.9,66,8.1,Silver,4,9,Yes
11095,25,Male,Kathmandu,222318,7,99,12.6,14,0.4,Silver,12,7,Yes
11096,59,Male,Lalitpur,128036,20,81,13.6,0,3.0,Silver,4,0,Yes
11097,32,Female,Pokhara,170331,8,2,40.9,6,2.8,Basic,3,9,Yes
11098,64,Female,Kathmandu,187031,0,77,24.9,0,1.5,Basic,11,1,Yes
11099,46,Male,Lalitpur,136525,5,52,56.0,48,2.9,Silver,9,2,Yes
11100,50,Male,Chitwan,184529,18,66,6.3,95,3.1,Basic,9,10,Yes
11101,47,Male,Biratnagar,105679,10,52,31.2,72,5.2,Silver,12,1,Yes
11102,56,Male,Lalitpur,145829,10,92,55.2,28,6.6,Basic,11,2,Yes
11103,44,Female,Pokhara,148216,12,43,54.3,25,3.8,Basic,2,7,Yes
11104,53,Female,Bhaktapur,153175,10,90,10.2,86,7.2,Basic,3,10,Yes
11105,46,Male,Lalitpur,85901,17,22,22.6,44,3.4,Basic,9,10,Yes
11106,55,Male,Bhaktapur,195607,14,55,37.5,92,2.9,Basic,3,5,Yes
11107,50,Male,Chitwan,167175,0,67,10.4,96,5.4,Silver,1,6,Yes
11108,54,Female,Lalitpur,118046,20,99,58.1,70,0.2,Silver,4,9,Yes
11109,44,Male,Kathmandu,110012,6,60,55.0,11,0.8,Basic,14,9,Yes
11110,50,Female,Bhaktapur,98278,12,58,10.9,94,4.2,Gold,4,5,Yes
11111,21,Male,Chitwan,32391,11,12,8.1,31,9.4,Silver,4,0,Yes
11112,39,Female,Kathmandu,122476,17,88,6.0,19,7.2,Gold,10,10,Yes
11113,19,Male,Kathmandu,179973,18,69,54.7,50,0.9,Silver,14,2,Yes
11114,27,Female,Kathmandu,140721,14,84,12.4,80,8.5,Silver,10,0,Yes
11115,22,Male,Kathmandu,117537,7,39,25.6,35,7.3,Basic,9,9,Yes
11116,27,Male,Lalitpur,101159,18,13,27.5,66,6.1,Basic,0,8,Yes
11117,50,Male,Biratnagar,218986,9,41,36.3,0,8.2,Basic,5,8,Yes
11118,55,Female,Lalitpur,151040,6,57,5.2,26,4.0,Silver,10,4,Yes
11119,30,Male,Lalitpur,201429,17,53,14.4,39,2.2,Basic,1,3,Yes
11120,48,Female,Chitwan,237980,15,12,56.0,96,5.1,Silver,6,8,Yes
11121,64,Female,Chitwan,189509,19,13,54.6,83,5.5,Basic,3,8,Yes
11122,53,Male,Biratnagar,55503,5,74,47.1,13,5.4,Gold,14,2,Yes
11123,62,Male,Chitwan,247354,8,97,2.1,99,5.7,Basic,4,4,Yes
11124,41,Male,Pokhara,244531,20,57,20.3,68,9.5,Basic,4,2,Yes
11125,32,Female,Biratnagar,95403,12,40,38.0,86,9.0,Basic,4,9,Yes
11126,46,Male,Chitwan,192330,20,80,17.2,78,8.8,Basic,1,1,Yes
11127,25,Female,Biratnagar,184796,7,45,54.7,5,8.0,Basic,4,0,Yes
11128,22,Female,Lalitpur,84286,15,35,38.4,32,9.4,Silver,2,9,Yes
11129,46,Male,Lalitpur,94842,12,3,5.2,54,1.0,Basic,3,1,Yes
11130,64,Male,Biratnagar,124927,12,5,54.6,18,2.7,Basic,12,7,Yes
11131,21,Male,Pokhara,34908,16,90,57.5,76,5.0,Gold,1,10,Yes
11132,29,Male,Pokhara,243689,19,11,5.6,28,8.5,Basic,3,7,Yes
11133,62,Male,Biratnagar,201698,4,71,32.4,60,5.1,Gold,12,2,Yes
11134,19,Male,Chitwan,57228,20,56,18.9,69,7.5,Gold,8,6,Yes
11135,44,Female,Bhaktapur,43386,16,10,24.2,78,1.4,Basic,7,6,Yes
11136,48,Female,Pokhara,197826,8,34,11.6,79,2.5,Basic,12,1,Yes
11137,53,Female,Kathmandu,48302,1,67,35.1,23,7.3,Basic,13,8,Yes
11138,53,Male,Lalitpur,80815,17,72,57.5,22,1.6,Silver,14,2,Yes
11139,43,Female,Biratnagar,235820,8,31,30.7,9,3.5,Silver,10,1,Yes
11140,60,Female,Kathmandu,83344,5,75,5.9,53,2.6,Silver,11,2,Yes
11141,44,Female,Biratnagar,186690,10,71,37.6,40,3.5,Silver,2,1,Yes
11142,22,Female,Lalitpur,131603,5,66,21.1,48,7.1,Basic,0,7,Yes
11143,37,Female,Lalitpur,227306,5,70,51.5,16,3.7,Gold,0,4,Yes
11144,28,Male,Pokhara,81114,12,41,26.6,55,5.6,Silver,5,2,Yes
11145,27,Male,Pokhara,221202,10,63,12.4,44,1.0,Silver,2,4,Yes
11146,57,Female,Kathmandu,45525,13,32,12.3,29,8.1,Gold,3,10,Yes
11147,55,Female,Biratnagar,99818,1,20,46.4,43,3.7,Silver,0,10,Yes
11148,23,Female,Lalitpur,134589,7,57,16.7,73,6.5,Basic,7,7,Yes
11149,25,Male,Kathmandu,165406,2,98,46.3,54,7.3,Basic,0,6,Yes
11150,40,Male,Bhaktapur,114715,20,50,13.1,18,2.1,Basic,4,5,Yes
11151,64,Female,Kathmandu,213839,2,80,20.0,28,8.8,Basic,5,0,Yes
11152,43,Male,Chitwan,26644,0,25,28.5,1,6.2,Gold,14,9,Yes
11153,63,Male,Kathmandu,121154,18,12,56.6,35,4.3,Basic,1,0,Yes
11154,60,Female,Chitwan,184005,17,71,56.0,18,1.8,Silver,6,0,Yes
11155,29,Male,Chitwan,63469,16,39,13.2,6,9.4,Silver,15,9,Yes
11156,43,Male,Chitwan,184759,19,17,22.1,25,7.6,Basic,6,7,Yes
11157,30,Female,Bhaktapur,126609,12,45,9.8,78,2.1,Gold,15,7,Yes
11158,57,Male,Kathmandu,203728,2,11,31.1,37,3.4,Gold,0,6,Yes
11159,35,Male,Kathmandu,168447,0,70,28.2,2,8.1,Silver,3,5,Yes
11160,42,Female,Bhaktapur,85206,3,23,54.1,79,7.0,Basic,11,3,Yes
11161,50,Male,Lalitpur,116462,12,91,55.9,65,7.7,Basic,12,0,Yes
11162,64,Male,Pokhara,187679,16,70,23.6,94,4.4,Basic,15,8,Yes
11163,57,Female,Kathmandu,103178,10,38,30.0,91,7.2,Basic,3,0,Yes
11164,60,Female,Pokhara,175065,1,2,53.9,70,3.9,Silver,4,3,Yes
11165,29,Female,Biratnagar,195458,15,86,48.6,93,2.1,Gold,0,2,Yes
11166,61,Male,Biratnagar,197359,1,84,1.2,42,6.3,Silver,0,6,Yes
11167,53,Female,Bhaktapur,106724,18,89,19.9,61,9.8,Gold,6,4,Yes
11168,65,Male,Biratnagar,249204,18,79,25.9,70,3.1,Silver,8,4,Yes
11169,21,Female,Biratnagar,244380,15,93,14.6,99,4.6,Basic,0,3,Yes
11170,22,Male,Lalitpur,116393,18,72,12.8,92,6.7,Gold,15,0,Yes
11171,54,Female,Lalitpur,147314,8,37,3.2,23,5.4,Basic,1,4,Yes
11172,25,Female,Lalitpur,96312,0,49,39.0,38,8.4,Gold,5,3,Yes
11173,59,Female,Biratnagar,249443,9,52,16.5,67,7.6,Basic,14,9,Yes
11174,45,Female,Bhaktapur,95324,18,33,4.1,92,0.6,Basic,14,7,Yes
11175,48,Male,Chitwan,91196,0,22,14.6,43,10.0,Gold,5,1,Yes
11176,26,Female,Chitwan,90014,1,5,48.3,4,7.5,Silver,1,7,Yes
11177,46,Female,Pokhara,159282,15,18,51.2,54,8.6,Gold,8,0,Yes
11178,31,Male,Chitwan,161994,11,38,29.5,92,6.5,Gold,3,3,Yes
11179,57,Female,Chitwan,187361,7,37,25.5,29,8.6,Basic,12,2,Yes
11180,58,Male,Lalitpur,53340,17,94,58.7,28,1.1,Silver,6,4,Yes
11181,39,Female,Lalitpur,59850,1,95,12.8,25,3.5,Basic,5,4,Yes
11182,28,Female,Biratnagar,208056,12,64,13.7,82,8.8,Silver,10,4,Yes
11183,40,Female,Pokhara,133711,5,10,18.2,25,2.0,Silver,12,3,Yes
11184,18,Male,Kathmandu,235250,20,79,11.2,36,0.8,Basic,10,7,Yes
11185,63,Female,Pokhara,31094,5,42,23.4,90,7.9,Silver,2,2,Yes
11186,54,Female,Pokhara,107959,8,48,54.7,93,8.4,Silver,7,3,Yes
11187,38,Female,Bhaktapur,184490,15,44,37.3,52,1.6,Basic,6,0,Yes
11188,43,Male,Biratnagar,25741,10,82,25.3,29,8.5,Gold,8,6,Yes
11189,63,Male,Bhaktapur,131585,6,87,56.1,2,6.9,Silver,15,0,Yes
11190,53,Female,Pokhara,223446,9,97,3.9,42,5.2,Gold,2,1,Yes
11191,40,Male,Pokhara,142564,9,16,13.4,6,8.3,Basic,0,10,Yes
11192,18,Female,Pokhara,88798,19,54,34.4,48,4.2,Basic,1,6,Yes
11193,57,Female,Chitwan,136026,17,35,37.3,72,1.9,Silver,11,0,Yes
11194,32,Female,Bhaktapur,221604,19,98,3.3,40,2.8,Basic,10,10,Yes
11195,38,Female,Pokhara,130130,8,28,24.8,76,5.1,Gold,14,2,Yes
11196,64,Female,Lalitpur,42164,14,2,39.3,78,5.3,Basic,11,5,Yes
11197,26,Female,Biratnagar,186667,3,94,42.2,53,8.1,Silver,0,5,Yes
11198,26,Female,Biratnagar,50257,7,13,38.7,68,7.9,Silver,10,5,Yes
11199,27,Male,Lalitpur,165283,8,41,19.9,92,5.8,Basic,4,10,Yes
11200,43,Male,Biratnagar,115989,12,80,6.5,98,7.8,Basic,15,1,Yes
11201,58,Male,Chitwan,156304,8,59,26.2,90,1.9,Silver,14,1,Yes
11202,52,Male,Chitwan,218825,3,69,8.6,26,0.5,Silver,9,5,Yes
11203,42,Male,Kathmandu,72691,16,92,56.9,7,8.7,Basic,13,9,Yes
11204,43,Male,Kathmandu,240837,15,53,29.0,31,0.8,Gold,1,4,Yes
11205,28,Male,Kathmandu,99768,14,45,19.7,83,2.5,Basic,15,6,Yes
11206,55,Female,Biratnagar,176685,2,20,46.2,63,7.0,Basic,2,6,Yes
11207,19,Female,Chitwan,34026,19,24,30.4,9,4.1,Silver,7,4,Yes
11208,24,Female,Chitwan,204607,4,61,19.3,12,8.8,Basic,14,7,Yes
11209,35,Female,Chitwan,245162,4,91,48.9,62,3.0,Gold,9,9,Yes
11210,44,Male,Lalitpur,50908,19,94,52.2,92,0.1,Basic,13,5,Yes
11211,51,Male,Chitwan,203185,14,58,40.7,34,3.0,Basic,4,4,Yes
11212,44,Female,Lalitpur,39610,17,27,3.8,60,5.8,Basic,3,3,Yes
11213,34,Female,Kathmandu,197718,14,26,34.4,53,3.8,Silver,15,6,Yes
11214,60,Male,Kathmandu,83185,1,7,46.0,7,5.3,Silver,4,3,Yes
11215,61,Female,Biratnagar,92567,12,42,9.1,28,8.8,Silver,9,4,Yes
11216,41,Female,Kathmandu,198646,3,47,14.5,94,9.1,Basic,5,4,Yes
11217,42,Female,Biratnagar,242123,9,53,53.1,40,2.7,Basic,11,0,Yes
11218,24,Female,Pokhara,56182,12,59,2.2,29,4.6,Gold,6,0,Yes
11219,23,Male,Pokhara,136136,9,38,45.4,85,5.5,Basic,13,2,Yes
11220,41,Female,Bhaktapur,151642,8,69,29.0,20,9.5,Gold,12,10,Yes
11221,50,Female,Biratnagar,248862,7,87,27.4,75,10.0,Basic,8,2,Yes
11222,46,Male,Bhaktapur,39288,2,92,1.4,10,2.4,Gold,0,1,Yes
11223,60,Male,Bhaktapur,98824,15,98,49.3,1,7.3,Basic,3,1,Yes
11224,39,Female,Pokhara,180949,13,53,22.2,49,3.8,Silver,15,5,Yes
11225,43,Male,Biratnagar,104425,8,15,32.9,40,0.1,Basic,11,0,Yes
11226,45,Female,Pokhara,20917,20,96,41.0,65,0.1,Basic,11,5,Yes
11227,38,Female,Bhaktapur,95602,10,26,42.5,97,4.6,Basic,8,4,Yes
11228,24,Male,Biratnagar,246112,2,48,57.4,2,4.9,Basic,4,5,Yes
11229,34,Female,Bhaktapur,84575,4,95,32.3,79,0.2,Basic,7,4,Yes
11230,37,Female,Chitwan,92518,9,19,24.6,50,6.9,Silver,11,6,Yes
11231,58,Female,Biratnagar,59104,12,9,57.3,67,2.9,Silver,0,0,Yes
11232,37,Female,Biratnagar,169134,3,64,38.9,86,5.6,Silver,3,2,Yes
11233,39,Male,Bhaktapur,36999,12,93,18.6,83,3.0,Silver,11,5,Yes
11234,45,Male,Chitwan,212917,11,54,8.5,24,1.7,Silver,15,0,Yes
11235,57,Female,Lalitpur,161013,4,51,50.7,29,4.1,Basic,15,10,Yes
11236,24,Male,Pokhara,81169,9,39,22.4,81,2.3,Basic,13,10,Yes
11237,18,Female,Bhaktapur,174542,8,4,40.0,10,5.3,Basic,11,6,Yes
11238,49,Female,Biratnagar,149744,19,3,28.8,92,2.0,Gold,8,3,Yes
11239,30,Female,Pokhara,130684,6,64,12.7,16,5.1,Basic,12,2,Yes
11240,47,Female,Pokhara,79821,1,29,36.5,25,1.6,Basic,0,9,Yes
11241,40,Female,Pokhara,237741,6,11,4.6,22,6.7,Silver,0,8,Yes
11242,36,Male,Lalitpur,195507,7,97,25.4,55,7.5,Basic,3,0,Yes
11243,49,Female,Kathmandu,155601,6,58,33.3,51,1.1,Gold,13,7,Yes
11244,47,Male,Bhaktapur,234127,20,75,26.7,47,4.7,Gold,2,0,Yes
11245,46,Male,Kathmandu,32192,13,27,45.2,19,0.7,Basic,6,4,Yes
11246,62,Female,Kathmandu,94102,18,97,49.8,1,6.0,Basic,10,9,Yes
11247,46,Female,Kathmandu,223834,4,21,46.5,87,2.6,Basic,2,7,Yes
11248,47,Female,Pokhara,134894,17,39,3.3,30,5.3,Silver,0,5,Yes
11249,33,Female,Chitwan,106795,19,95,12.5,26,5.2,Basic,11,6,Yes
11250,57,Female,Pokhara,185159,11,46,32.7,1,9.2,Silver,15,10,Yes
11251,36,Male,Pokhara,86677,16,66,56.2,77,5.5,Silver,14,7,Yes
11252,35,Female,Biratnagar,155699,12,91,50.3,3,5.8,Basic,10,5,Yes
11253,18,Female,Biratnagar,207613,1,36,50.7,12,4.0,Basic,9,10,Yes
11254,31,Male,Kathmandu,219298,12,75,18.9,99,9.5,Silver,1,5,Yes
11255,64,Male,Pokhara,154327,6,82,26.3,34,7.8,Basic,9,10,Yes
11256,19,Female,Kathmandu,208505,9,65,28.8,71,2.9,Gold,12,5,Yes
11257,45,Male,Biratnagar,156285,5,63,10.3,65,8.4,Basic,3,4,Yes
11258,47,Female,Chitwan,122412,2,99,2.8,5,4.3,Silver,0,7,Yes
11259,55,Male,Bhaktapur,39404,2,35,56.9,30,8.3,Gold,0,1,Yes
11260,21,Male,Kathmandu,136545,17,31,15.2,9,8.2,Gold,11,6,Yes
11261,18,Female,Chitwan,176452,10,28,15.2,20,1.9,Basic,13,3,Yes
11262,25,Male,Bhaktapur,242128,19,1,5.9,73,7.0,Basic,7,0,Yes
11263,46,Male,Lalitpur,170245,4,25,55.8,22,2.9,Silver,6,4,Yes
11264,56,Male,Kathmandu,204099,18,43,35.2,2,3.0,Basic,13,2,Yes
11265,20,Male,Kathmandu,43989,18,84,40.4,31,3.0,Basic,7,3,Yes
11266,49,Male,Lalitpur,128106,14,67,54.8,19,7.3,Gold,12,6,Yes
11267,27,Male,Lalitpur,44519,15,63,21.4,73,2.3,Basic,3,4,Yes
11268,27,Female,Kathmandu,42439,8,51,37.7,28,0.0,Basic,5,3,Yes
11269,36,Female,Lalitpur,138570,3,2,3.3,51,7.2,Basic,14,0,Yes
11270,63,Male,Pokhara,228021,14,82,12.0,45,1.7,Silver,12,5,Yes
11271,51,Female,Bhaktapur,34995,11,64,50.0,33,1.0,Silver,2,10,Yes
11272,50,Female,Bhaktapur,43559,2,74,46.2,100,2.4,Basic,10,9,Yes
11273,40,Female,Bhaktapur,109049,13,69,21.7,83,3.8,Basic,12,5,Yes
11274,45,Male,Pokhara,156093,16,9,23.2,60,4.8,Basic,7,6,Yes
11275,49,Female,Lalitpur,118000,18,2,32.5,71,0.4,Silver,3,0,Yes
11276,24,Male,Chitwan,172191,5,34,1.0,70,9.7,Basic,2,3,Yes
11277,46,Female,Lalitpur,202611,3,60,15.2,69,7.2,Gold,3,8,Yes
11278,25,Male,Kathmandu,245907,6,61,13.3,10,3.2,Basic,5,9,Yes
11279,18,Male,Biratnagar,59350,18,31,15.8,81,3.2,Gold,10,5,Yes
11280,20,Female,Bhaktapur,197295,16,10,48.5,92,4.5,Basic,6,1,Yes
11281,41,Female,Lalitpur,45517,15,76,17.5,88,6.3,Silver,6,3,Yes
11282,40,Male,Chitwan,229725,14,36,12.3,62,1.5,Basic,13,5,Yes
11283,25,Female,Kathmandu,173322,7,85,30.8,20,1.9,Basic,14,3,Yes
11284,64,Female,Pokhara,235558,18,49,52.1,2,8.6,Gold,11,9,Yes
11285,54,Female,Pokhara,233967,7,70,15.2,81,2.6,Gold,15,6,Yes
11286,20,Male,Chitwan,109132,17,49,5.6,87,3.8,Basic,3,2,Yes
11287,50,Male,Kathmandu,242138,15,3,22.0,9,8.7,Silver,7,5,Yes
11288,45,Female,Bhaktapur,217870,19,74,45.1,26,6.6,Silver,6,3,Yes
11289,64,Female,Lalitpur,205271,18,5,33.5,11,3.4,Gold,1,2,Yes
11290,25,Female,Kathmandu,79546,9,90,49.2,6,6.8,Basic,12,2,Yes
11291,51,Male,Pokhara,125686,16,61,57.6,16,0.2,Silver,7,1,Yes
11292,52,Male,Chitwan,108151,12,85,47.8,64,7.4,Basic,8,10,Yes
11293,49,Female,Chitwan,23327,12,90,36.6,63,4.9,Basic,4,2,Yes
11294,41,Female,Lalitpur,140318,6,26,30.1,25,8.1,Gold,14,9,Yes
11295,31,Female,Chitwan,180840,9,72,3.4,14,9.5,Basic,3,0,Yes
11296,49,Female,Chitwan,215490,1,5,59.1,32,9.3,Basic,15,2,Yes
11297,63,Female,Kathmandu,245458,3,15,23.6,61,9.1,Silver,3,8,Yes
11298,60,Female,Bhaktapur,193860,5,16,10.0,100,5.1,Silver,12,3,Yes
11299,33,Male,Lalitpur,135945,17,1,40.3,46,3.6,Basic,15,2,Yes
11300,21,Female,Kathmandu,233456,5,16,17.8,94,4.7,Basic,3,7,Yes
11301,54,Male,Bhaktapur,66830,16,37,35.6,34,6.9,Gold,5,0,Yes
11302,38,Female,Kathmandu,72446,13,3,35.6,64,8.8,Basic,10,4,Yes
11303,31,Female,Biratnagar,166232,10,52,27.3,71,2.1,Silver,3,0,Yes
11304,48,Male,Kathmandu,207655,18,47,50.3,75,9.2,Silver,15,6,Yes
11305,65,Male,Chitwan,185070,1,95,16.6,82,8.2,Basic,6,4,Yes
11306,35,Male,Bhaktapur,178302,2,13,27.5,24,9.8,Gold,6,1,Yes
11307,24,Male,Lalitpur,160148,10,80,32.7,56,8.8,Silver,4,0,Yes
11308,27,Female,Lalitpur,89341,5,55,40.2,31,2.8,Basic,12,10,Yes
11309,24,Male,Bhaktapur,51085,13,21,47.3,62,1.1,Silver,4,6,Yes
11310,50,Female,Chitwan,75571,18,66,24.3,11,1.1,Silver,14,0,Yes
11311,40,Male,Pokhara,165787,15,54,39.1,62,2.9,Silver,9,2,Yes
11312,38,Female,Kathmandu,148308,20,27,9.9,76,6.1,Gold,7,10,Yes
11313,36,Female,Chitwan,25750,6,38,56.0,91,8.0,Basic,6,5,Yes
11314,65,Female,Biratnagar,133931,7,90,23.6,0,9.0,Basic,13,5,Yes
11315,36,Female,Bhaktapur,98768,18,58,44.0,50,6.2,Basic,6,6,Yes
11316,53,Female,Kathmandu,55903,19,62,2.2,69,0.1,Basic,5,10,Yes
11317,46,Female,Lalitpur,223561,15,46,13.1,7,1.9,Basic,6,10,Yes
11318,35,Male,Pokhara,183165,6,89,29.7,67,1.0,Gold,6,0,Yes
11319,19,Female,Biratnagar,111036,8,11,52.8,4,3.6,Silver,9,6,Yes
11320,18,Male,Lalitpur,107954,12,72,32.1,88,5.0,Silver,13,1,Yes
11321,64,Male,Bhaktapur,185386,0,8,55.9,85,0.4,Silver,1,5,Yes
11322,22,Female,Kathmandu,199297,7,97,29.5,91,3.5,Gold,13,7,Yes
11323,37,Male,Bhaktapur,239057,3,71,29.9,38,1.8,Basic,9,4,Yes
11324,28,Female,Kathmandu,103014,2,64,8.1,22,6.5,Gold,1,9,Yes
11325,59,Male,Chitwan,186251,2,21,48.4,67,4.6,Basic,13,2,Yes
11326,19,Female,Pokhara,137305,12,72,15.6,51,5.0,Gold,9,10,Yes
11327,20,Male,Chitwan,176410,7,63,54.1,3,4.3,Silver,6,7,Yes
11328,40,Female,Chitwan,243507,6,85,54.7,46,9.6,Basic,13,7,Yes
11329,29,Female,Bhaktapur,220753,0,64,56.7,20,2.1,Silver,9,3,Yes
11330,37,Female,Pokhara,52101,15,20,31.7,100,5.2,Silver,6,7,Yes
11331,22,Female,Kathmandu,22775,5,8,40.9,55,7.4,Basic,6,4,Yes
11332,54,Male,Kathmandu,131497,6,58,46.9,65,5.6,Silver,4,10,Yes
11333,55,Female,Biratnagar,248255,11,46,8.7,58,9.3,Basic,0,4,Yes
11334,47,Male,Lalitpur,65619,8,31,36.5,6,3.8,Basic,13,2,Yes
11335,26,Male,Biratnagar,196910,10,93,3.0,48,4.6,Gold,1,6,Yes
11336,51,Male,Biratnagar,170611,9,9,30.4,15,0.9,Silver,12,10,Yes
11337,61,Female,Kathmandu,77124,20,15,10.1,16,6.1,Gold,8,10,Yes
11338,52,Male,Bhaktapur,85149,0,94,11.8,83,2.9,Silver,7,8,Yes
11339,39,Male,Chitwan,46616,17,26,22.5,86,1.6,Basic,7,8,Yes
11340,61,Male,Chitwan,230727,3,10,26.5,97,5.4,Silver,9,0,Yes
11341,41,Female,Chitwan,241767,4,29,37.8,74,5.3,Silver,15,0,Yes
11342,34,Female,Pokhara,205639,8,80,5.4,33,0.8,Gold,0,9,Yes
11343,27,Male,Kathmandu,188171,16,36,30.7,32,7.0,Basic,5,10,Yes
11344,47,Female,Bhaktapur,226903,2,84,11.8,25,6.2,Gold,14,4,Yes
11345,63,Female,Pokhara,81799,15,37,34.9,65,1.9,Gold,14,0,Yes
11346,40,Male,Lalitpur,110221,4,86,38.6,62,4.7,Silver,8,3,Yes
11347,49,Male,Bhaktapur,134879,15,71,33.8,86,7.2,Gold,15,0,Yes
11348,34,Female,Biratnagar,45479,2,23,44.6,40,5.3,Basic,14,1,Yes
11349,34,Male,Bhaktapur,197244,19,41,20.8,85,4.0,Gold,7,1,Yes
11350,31,Female,Bhaktapur,119165,14,93,46.1,57,3.2,Silver,2,3,Yes
11351,26,Female,Chitwan,75863,2,80,26.5,97,6.1,Basic,3,7,Yes
11352,57,Female,Bhaktapur,193115,19,28,29.6,78,9.4,Gold,14,1,Yes
11353,19,Female,Biratnagar,102569,13,48,39.2,9,6.7,Basic,2,8,Yes
11354,62,Female,Biratnagar,166480,15,38,2.1,14,0.7,Basic,5,8,Yes
11355,42,Female,Kathmandu,209052,16,31,39.6,41,4.6,Silver,13,1,Yes
11356,56,Male,Bhaktapur,234028,19,14,37.5,92,8.9,Basic,8,0,Yes
11357,26,Male,Chitwan,36351,17,97,19.3,56,0.9,Basic,14,9,Yes
11358,39,Female,Bhaktapur,155203,17,73,6.1,86,9.9,Gold,7,9,Yes
11359,60,Female,Lalitpur,64825,13,91,6.4,16,9.5,Basic,14,8,Yes
11360,63,Female,Lalitpur,31349,17,88,55.5,59,0.8,Basic,15,1,Yes
11361,21,Male,Chitwan,212003,14,77,41.7,8,9.3,Basic,15,7,Yes
11362,43,Female,Kathmandu,64254,14,90,8.5,35,3.6,Basic,14,2,Yes
11363,46,Male,Kathmandu,58225,5,29,22.0,72,8.4,Silver,15,0,Yes
11364,62,Female,Biratnagar,32453,14,51,36.0,79,4.2,Silver,12,10,Yes
11365,51,Female,Biratnagar,169886,17,49,50.3,35,4.4,Gold,9,0,Yes
11366,40,Male,Pokhara,169335,3,43,3.6,47,6.3,Silver,3,9,Yes
11367,54,Male,Chitwan,97694,7,92,15.0,50,7.7,Basic,14,1,Yes
11368,28,Female,Bhaktapur,35735,14,92,53.5,96,0.3,Gold,1,6,Yes
11369,23,Female,Chitwan,166902,2,72,1.5,94,5.9,Silver,12,5,Yes
11370,35,Female,Pokhara,67893,14,87,12.9,69,1.9,Silver,7,10,Yes
11371,38,Male,Biratnagar,195745,12,93,57.6,73,3.5,Silver,7,1,Yes
11372,59,Male,Chitwan,147006,8,5,37.2,79,3.5,Gold,13,3,Yes
11373,53,Male,Chitwan,240534,1,42,16.4,67,4.7,Silver,11,1,Yes
11374,58,Male,Biratnagar,65066,7,7,5.0,21,3.3,Basic,10,0,Yes
11375,55,Male,Pokhara,154445,19,42,2.7,76,1.1,Silver,5,2,Yes
11376,51,Male,Biratnagar,161407,16,36,15.4,79,1.5,Basic,13,3,Yes
11377,34,Female,Kathmandu,174813,12,27,53.0,92,0.3,Basic,7,9,Yes
11378,54,Female,Bhaktapur,30692,0,58,25.5,5,4.7,Basic,8,4,Yes
11379,42,Male,Biratnagar,198367,1,46,43.5,25,9.5,Basic,12,4,Yes
11380,55,Female,Pokhara,65541,14,66,55.2,74,1.2,Basic,0,6,Yes
11381,29,Female,Lalitpur,185129,11,25,25.1,87,9.5,Basic,8,9,Yes
11382,40,Male,Kathmandu,86983,13,73,12.3,92,7.3,Silver,1,7,Yes
11383,59,Female,Lalitpur,170655,1,27,31.5,2,6.4,Gold,13,8,Yes
11384,39,Male,Biratnagar,173837,17,1,54.6,51,6.5,Gold,15,6,Yes
11385,38,Male,Kathmandu,210359,6,87,48.5,73,8.3,Basic,12,4,Yes
11386,44,Female,Bhaktapur,174978,5,74,4.9,59,1.1,Silver,0,8,Yes
11387,48,Male,Biratnagar,140747,13,42,41.9,62,5.0,Gold,15,7,Yes
11388,23,Male,Bhaktapur,105103,7,52,34.7,64,7.0,Basic,7,9,Yes
11389,44,Male,Chitwan,230747,1,25,54.5,51,5.9,Silver,7,8,Yes
11390,57,Male,Lalitpur,197597,16,54,8.2,89,8.3,Silver,10,9,Yes
11391,51,Male,Kathmandu,189302,4,67,32.5,75,0.7,Basic,3,7,Yes
11392,29,Male,Bhaktapur,170592,13,6,52.9,13,6.9,Gold,7,5,Yes
11393,62,Male,Pokhara,236310,19,58,25.2,88,5.3,Gold,6,3,Yes
11394,24,Male,Bhaktapur,203006,20,70,29.4,71,3.8,Basic,12,8,Yes
11395,27,Female,Pokhara,45566,20,53,5.2,67,3.4,Basic,1,8,Yes
11396,62,Female,Biratnagar,93193,2,66,17.4,27,6.2,Basic,4,9,Yes
11397,34,Female,Kathmandu,181206,4,58,20.1,70,8.9,Basic,13,9,Yes
11398,43,Male,Bhaktapur,161417,15,82,56.8,9,5.0,Silver,9,8,Yes
11399,38,Male,Bhaktapur,141015,17,87,17.7,56,8.2,Silver,3,9,Yes
11400,45,Female,Kathmandu,192257,16,2,28.2,99,4.0,Basic,15,2,Yes
11401,63,Female,Bhaktapur,244021,10,76,40.6,65,1.0,Gold,2,10,Yes
11402,19,Female,Pokhara,150956,16,22,10.6,89,0.6,Basic,0,2,Yes
11403,60,Male,Bhaktapur,90744,15,37,29.7,49,0.5,Basic,4,10,Yes
11404,18,Female,Lalitpur,53455,1,20,44.6,13,3.8,Basic,9,5,Yes
11405,53,Female,Biratnagar,179090,3,24,52.1,15,3.4,Silver,7,5,Yes
11406,43,Male,Chitwan,74219,20,84,37.9,53,7.2,Basic,11,5,Yes
11407,46,Female,Pokhara,65991,6,65,40.5,42,7.4,Basic,8,4,Yes
11408,38,Male,Lalitpur,93616,1,65,8.5,41,0.5,Basic,6,4,No
11409,28,Male,Biratnagar,107438,5,81,56.8,80,2.2,Gold,11,1,Yes
11410,57,Male,Kathmandu,136841,16,1,8.8,21,2.7,Gold,10,6,Yes
11411,28,Female,Pokhara,160558,6,94,46.7,67,5.5,Basic,0,3,Yes
11412,53,Female,Chitwan,189934,4,3,16.6,18,1.4,Basic,0,2,No
11413,56,Male,Biratnagar,78870,4,46,56.1,65,1.3,Silver,14,7,Yes
11414,57,Female,Chitwan,106694,19,55,43.5,38,9.4,Silver,15,3,Yes
11415,52,Female,Kathmandu,63856,15,75,45.5,72,8.0,Basic,0,10,Yes
11416,51,Female,Kathmandu,121407,18,88,13.9,18,1.8,Gold,1,3,Yes
11417,64,Female,Pokhara,237127,8,86,27.1,15,4.1,Silver,0,7,Yes
11418,41,Male,Bhaktapur,51379,4,64,37.5,53,3.6,Basic,3,0,Yes
11419,39,Female,Kathmandu,84729,7,45,46.4,24,7.9,Silver,9,8,Yes
11420,22,Male,Biratnagar,179450,8,26,7.1,17,5.1,Gold,8,6,Yes
11421,50,Male,Bhaktapur,74353,4,77,57.8,22,1.3,Silver,11,1,Yes
11422,53,Female,Lalitpur,201068,9,65,53.5,84,7.4,Basic,3,10,Yes
11423,64,Male,Chitwan,34031,1,24,17.0,10,4.0,Basic,12,5,Yes
11424,37,Female,Bhaktapur,231144,8,74,49.5,38,2.6,Basic,3,7,Yes
11425,36,Female,Chitwan,85982,10,35,31.6,67,3.8,Basic,6,10,Yes
11426,52,Male,Bhaktapur,56683,3,24,28.2,24,5.0,Silver,13,4,Yes
11427,60,Male,Lalitpur,134091,1,28,19.6,62,3.4,Gold,10,5,Yes
11428,34,Male,Kathmandu,137797,5,100,35.3,95,2.4,Silver,8,9,Yes
11429,62,Male,Lalitpur,168690,13,80,44.1,29,4.0,Gold,6,7,Yes
11430,60,Female,Kathmandu,26587,0,16,25.2,44,0.2,Basic,0,5,No
11431,51,Female,Kathmandu,82790,17,59,38.1,89,7.7,Gold,0,8,Yes
11432,26,Female,Chitwan,51480,6,81,42.3,60,1.7,Silver,3,8,Yes
11433,43,Male,Biratnagar,249602,0,54,43.0,99,0.4,Basic,3,8,Yes
11434,19,Male,Lalitpur,171599,0,79,4.1,50,6.5,Silver,0,5,Yes
11435,26,Male,Bhaktapur,43569,0,16,51.7,97,7.7,Basic,5,8,Yes
11436,26,Female,Lalitpur,31151,3,15,28.0,8,8.1,Silver,9,2,Yes
11437,57,Male,Chitwan,222166,3,98,16.5,75,4.9,Silver,1,4,Yes
11438,34,Female,Kathmandu,210246,17,11,15.3,1,2.1,Basic,10,1,Yes
11439,18,Male,Chitwan,64739,10,65,29.5,4,7.4,Silver,4,7,Yes
11440,42,Female,Pokhara,52954,0,79,53.3,61,7.0,Silver,7,10,Yes
11441,60,Female,Pokhara,129373,9,90,23.3,68,2.5,Basic,14,3,Yes
11442,57,Male,Bhaktapur,186375,8,68,45.2,51,9.0,Basic,2,5,Yes
11443,59,Male,Chitwan,54700,3,43,6.7,85,1.0,Basic,15,5,Yes
11444,42,Female,Bhaktapur,244108,5,69,29.1,4,9.8,Silver,8,4,Yes
11445,56,Female,Bhaktapur,143728,15,99,59.5,58,8.6,Gold,6,0,Yes
11446,52,Male,Pokhara,218640,1,13,46.5,67,6.9,Gold,8,10,Yes
11447,20,Male,Bhaktapur,86788,17,10,13.4,8,9.4,Silver,0,6,Yes
11448,54,Female,Pokhara,91045,9,75,30.6,92,7.2,Silver,4,9,Yes
11449,61,Male,Kathmandu,188914,16,82,14.8,21,1.9,Basic,11,7,Yes
11450,61,Female,Chitwan,164972,12,98,25.2,26,4.4,Silver,12,0,Yes
11451,47,Female,Bhaktapur,147992,17,41,47.0,9,0.7,Basic,2,9,Yes
11452,55,Male,Pokhara,100059,12,50,46.5,79,3.9,Basic,3,6,Yes
11453,51,Male,Lalitpur,21881,16,87,14.5,60,7.4,Silver,3,3,Yes
11454,29,Male,Bhaktapur,184109,4,71,55.4,50,3.9,Basic,10,5,Yes
11455,36,Male,Biratnagar,152702,10,59,36.0,9,3.3,Silver,11,8,Yes
11456,54,Male,Kathmandu,40789,6,39,23.4,5,6.0,Gold,6,4,Yes
11457,61,Female,Kathmandu,146083,9,3,30.6,61,8.7,Basic,9,7,Yes
11458,34,Female,Lalitpur,108059,16,76,36.7,4,0.5,Basic,10,4,Yes
11459,27,Male,Pokhara,234566,14,7,34.0,69,3.9,Gold,7,1,Yes
11460,64,Male,Bhaktapur,66151,17,49,29.7,62,1.6,Silver,10,3,Yes
11461,29,Male,Pokhara,199992,18,26,30.8,55,7.0,Basic,9,1,Yes
11462,33,Female,Kathmandu,129388,1,33,11.4,58,1.1,Basic,4,6,Yes
11463,41,Male,Pokhara,218303,3,48,49.0,62,6.6,Silver,12,6,Yes
11464,36,Male,Kathmandu,231429,2,79,33.0,88,2.9,Silver,12,2,Yes
11465,25,Female,Pokhara,23262,6,2,8.7,58,2.0,Basic,11,6,Yes
11466,48,Female,Lalitpur,86981,17,71,46.2,50,9.4,Basic,9,0,Yes
11467,38,Male,Chitwan,140951,9,32,56.0,49,0.2,Gold,6,0,Yes
11468,34,Male,Lalitpur,143099,6,4,56.9,3,4.4,Silver,2,8,Yes
11469,40,Male,Lalitpur,101972,7,20,22.8,47,0.2,Gold,2,5,Yes
11470,54,Female,Chitwan,95485,5,36,9.0,31,4.8,Silver,2,4,Yes
11471,33,Male,Chitwan,74722,0,32,31.6,50,5.0,Gold,11,5,Yes
11472,23,Male,Bhaktapur,109499,3,28,7.6,51,3.2,Basic,3,5,Yes
11473,25,Male,Bhaktapur,201890,13,77,56.1,98,1.3,Silver,5,0,Yes
11474,42,Female,Lalitpur,181004,16,1,11.8,73,3.8,Basic,14,4,Yes
11475,35,Female,Lalitpur,26901,19,60,15.9,33,6.7,Silver,4,8,Yes
11476,42,Male,Kathmandu,137473,17,56,25.0,35,7.8,Basic,7,3,Yes
11477,29,Male,Kathmandu,28597,10,35,23.6,69,5.3,Basic,13,2,Yes
11478,32,Female,Bhaktapur,149631,20,30,47.9,42,5.9,Gold,13,0,Yes
11479,43,Female,Biratnagar,83909,13,54,27.9,15,2.0,Gold,11,1,Yes
11480,58,Female,Biratnagar,92391,8,36,11.1,58,2.9,Basic,12,2,Yes
11481,62,Female,Bhaktapur,235286,14,55,16.8,52,1.6,Silver,4,3,Yes
11482,43,Female,Kathmandu,159335,11,89,31.0,18,2.5,Basic,10,6,Yes
11483,64,Female,Kathmandu,83293,9,80,9.7,97,2.2,Basic,11,5,Yes
11484,49,Female,Biratnagar,176877,18,58,37.1,88,5.2,Gold,4,10,Yes
11485,27,Female,Pokhara,242751,18,83,34.4,94,5.6,Basic,15,7,Yes
11486,33,Female,Pokhara,31874,5,65,43.2,40,9.4,Gold,13,8,Yes
11487,24,Male,Kathmandu,244137,19,69,56.3,80,2.0,Basic,9,5,Yes
11488,34,Male,Pokhara,106402,5,51,54.8,46,6.4,Silver,1,6,Yes
11489,40,Male,Chitwan,34079,7,22,56.8,93,8.2,Silver,11,3,Yes
11490,43,Female,Bhaktapur,200922,0,88,15.4,53,5.6,Basic,10,1,Yes
11491,38,Male,Bhaktapur,92779,16,53,8.8,54,2.6,Basic,10,8,Yes
11492,39,Female,Kathmandu,115408,16,100,18.8,94,2.6,Gold,4,8,Yes
11493,24,Female,Lalitpur,160090,14,36,53.8,18,0.4,Silver,15,3,Yes
11494,31,Male,Biratnagar,140606,6,68,58.4,61,3.1,Basic,14,2,Yes
11495,32,Female,Kathmandu,200572,18,36,51.7,98,7.4,Silver,11,9,Yes
11496,24,Male,Pokhara,140062,2,52,7.5,92,0.5,Basic,6,10,Yes
11497,26,Male,Biratnagar,32100,10,53,56.9,58,2.2,Basic,1,5,Yes
11498,65,Male,Lalitpur,77021,19,82,26.0,64,7.1,Basic,13,2,Yes
11499,25,Female,Pokhara,170872,18,50,1.5,67,7.8,Basic,12,0,Yes
11500,40,Male,Chitwan,148126,8,80,27.1,27,4.6,Gold,5,3,Yes
