Date,Product,Price,Promotion_Percentage,Website_Visits,Customers,Demand
2022-01-01,Keyboard,84807,39,727,174,275
2022-01-02,Mouse,116953,22,3897,584,443
2022-01-03,Headphones,139563,8,2144,638,349
2022-01-04,Mouse,124797,33,3652,376,414
2022-01-05,Mouse,64888,13,2441,666,389
2022-01-06,Mobile,74609,3,3314,462,272
2022-01-07,Headphones,10077,29,349,88,272
2022-01-08,Headphones,21953,30,3025,542,390
2022-01-09,Headphones,115682,37,1074,162,361
2022-01-10,Mouse,68889,10,1425,211,295
2022-01-11,Keyboard,116374,34,1083,406,322
2022-01-12,Headphones,25860,7,988,397,286
2022-01-13,Mouse,78475,2,3037,600,348
2022-01-14,Mobile,88266,13,2217,554,274
2022-01-15,Keyboard,101732,12,2772,712,337
2022-01-16,Mobile,28083,31,1426,312,268
2022-01-17,Keyboard,58372,33,570,28,205
2022-01-18,Mouse,124786,18,2087,290,316
2022-01-19,Laptop,8813,37,190,406,156
2022-01-20,Keyboard,32598,15,629,112,178
2022-01-21,Mobile,94106,1,4856,548,268
2022-01-22,Mouse,28082,39,4159,173,389
2022-01-23,Keyboard,30241,16,4934,424,335
2022-01-24,Laptop,12745,33,2873,168,184
2022-01-25,Laptop,27029,15,1786,286,161
2022-01-26,Headphones,145097,37,291,441,289
2022-01-27,Headphones,124395,1,2086,637,320
2022-01-28,Mobile,146360,1,3723,491,259
2022-01-29,Keyboard,90186,25,2285,566,330
2022-01-30,Keyboard,138612,12,4540,650,355
2022-01-31,Headphones,98768,30,1108,545,323
2022-02-01,Keyboard,42846,33,3883,522,359
2022-02-02,Keyboard,76932,38,4398,33,325
2022-02-03,Laptop,149554,2,4768,797,305
2022-02-04,Headphones,24411,7,4387,671,398
2022-02-05,Mouse,79797,22,2152,383,413
2022-02-06,Headphones,53307,13,3408,138,348
2022-02-07,Mouse,135165,26,1816,257,371
2022-02-08,Laptop,23042,28,410,565,195
2022-02-09,Mobile,53930,38,4638,188,341
2022-02-10,Keyboard,98883,38,1360,541,331
2022-02-11,Laptop,34756,0,4032,653,284
2022-02-12,Keyboard,54268,16,3368,676,366
2022-02-13,Mobile,49901,29,684,754,338
2022-02-14,Mobile,100986,12,2899,788,334
2022-02-15,Laptop,129386,20,459,799,238
2022-02-16,Mobile,6626,18,2966,535,272
2022-02-17,Mouse,139496,18,2111,416,334
2022-02-18,Mobile,13857,24,4106,125,229
2022-02-19,Keyboard,134052,21,1725,104,232
2022-02-20,Keyboard,27431,30,2864,233,304
2022-02-21,Keyboard,85976,16,990,140,203
2022-02-22,Keyboard,83711,22,831,151,196
2022-02-23,Mouse,27385,31,4061,216,328
2022-02-24,Headphones,19639,9,4801,38,283
2022-02-25,Laptop,86530,9,2604,661,234
2022-02-26,Keyboard,22563,35,714,31,193
2022-02-27,Mobile,116672,7,3906,100,251
2022-02-28,Keyboard,137848,19,1819,349,258
2022-03-01,Mobile,140783,31,4869,793,400
2022-03-02,Mobile,83970,13,1687,411,226
2022-03-03,Keyboard,86553,27,1711,656,284
2022-03-04,Mouse,83879,23,996,326,343
2022-03-05,Mobile,137727,14,377,286,241
2022-03-06,Mobile,45859,21,4747,466,342
2022-03-07,Keyboard,53098,29,1736,460,311
2022-03-08,Mobile,147323,3,2258,671,341
2022-03-09,Mobile,123413,12,2532,21,218
2022-03-10,Keyboard,1526,22,4004,539,386
2022-03-11,Keyboard,69760,7,4956,781,394
2022-03-12,Laptop,48837,17,3362,670,269
2022-03-13,Mouse,12536,11,1549,655,422
2022-03-14,Mouse,29541,30,4600,328,431
2022-03-15,Mobile,80083,13,1332,759,292
2022-03-16,Mouse,35531,33,4217,541,449
2022-03-17,Mobile,9712,17,777,488,247
2022-03-18,Laptop,105101,33,2758,231,201
2022-03-19,Keyboard,66455,10,2128,131,226
2022-03-20,Keyboard,75744,11,3858,27,267
2022-03-21,Keyboard,130749,14,4724,496,295
2022-03-22,Mouse,6109,30,2137,479,320
2022-03-23,Laptop,50268,28,2749,272,203
2022-03-24,Mouse,55615,25,756,545,326
2022-03-25,Mouse,83503,17,265,771,328
2022-03-26,Laptop,86708,31,4691,457,255
2022-03-27,Laptop,103471,21,689,773,226
2022-03-28,Laptop,84309,37,4624,680,298
2022-03-29,Laptop,127446,16,2921,255,166
2022-03-30,Keyboard,107661,22,4358,325,301
2022-03-31,Headphones,7154,23,1362,497,334
2022-04-01,Headphones,65288,7,171,698,330
2022-04-02,Laptop,52195,5,3616,39,181
2022-04-03,Headphones,21581,4,4850,235,381
2022-04-04,Headphones,31087,28,3680,154,328
2022-04-05,Laptop,70298,27,368,148,164
2022-04-06,Headphones,47167,10,1876,429,322
2022-04-07,Mouse,40499,0,2562,441,361
2022-04-08,Mobile,126816,18,1368,313,250
2022-04-09,Mobile,97347,8,1115,265,270
2022-04-10,Laptop,49787,26,2822,720,297
2022-04-11,Keyboard,36488,33,1183,575,351
2022-04-12,Laptop,75441,3,4201,105,196
2022-04-13,Keyboard,23431,35,506,575,320
2022-04-14,Mobile,62681,17,3176,394,283
2022-04-15,Laptop,123720,14,1085,465,182
2022-04-16,Mouse,50153,12,3703,397,402
2022-04-17,Headphones,7368,18,4585,409,397
2022-04-18,Keyboard,113360,5,809,676,273
2022-04-19,Headphones,113755,11,2718,70,255
2022-04-20,Headphones,57985,36,4949,261,375
2022-04-21,Laptop,51069,16,1511,313,179
2022-04-22,Headphones,53326,22,4721,582,361
2022-04-23,Mouse,109737,25,1585,285,342
2022-04-24,Headphones,51861,28,3050,139,297
2022-04-25,Laptop,76897,32,4751,731,312
2022-04-26,Mouse,128118,26,3034,267,337
2022-04-27,Mobile,69577,24,4214,89,213
2022-04-28,Headphones,10078,9,4770,76,292
2022-04-29,Laptop,63768,22,1103,401,175
2022-04-30,Mobile,52047,20,2566,58,223
2022-05-01,Mobile,72626,20,2566,462,321
2022-05-02,Keyboard,58660,12,2038,37,212
2022-05-03,Mouse,133997,36,2039,751,439
2022-05-04,Headphones,118832,32,1735,775,417
2022-05-05,Laptop,131406,23,1798,371,221
2022-05-06,Keyboard,126150,10,4627,317,327
2022-05-07,Mouse,34320,16,2191,302,420
2022-05-08,Keyboard,65881,3,1995,605,345
2022-05-09,Mouse,91827,24,4340,129,366
2022-05-10,Mouse,103215,29,3498,199,394
2022-05-11,Headphones,135461,8,1173,563,323
2022-05-12,Mouse,145701,20,2502,765,445
2022-05-13,Keyboard,62550,19,4995,44,262
2022-05-14,Mouse,25826,18,3312,757,512
2022-05-15,Headphones,101734,18,4137,76,358
2022-05-16,Headphones,99511,11,1251,199,260
2022-05-17,Keyboard,12653,36,2545,251,304
2022-05-18,Mobile,82941,16,2056,362,271
2022-05-19,Mobile,34662,36,4658,496,340
2022-05-20,Mouse,99818,38,4007,595,432
2022-05-21,Laptop,96081,27,907,474,200
2022-05-22,Mouse,37877,34,286,251,309
2022-05-23,Keyboard,112562,17,4927,308,286
2022-05-24,Keyboard,147385,13,4624,232,258
2022-05-25,Keyboard,73715,34,1407,277,230
2022-05-26,Keyboard,142398,6,2384,549,247
2022-05-27,Keyboard,111091,12,4966,706,352
2022-05-28,Headphones,133632,17,857,248,250
2022-05-29,Mobile,80148,36,4331,245,312
2022-05-30,Keyboard,84186,12,4987,615,352
2022-05-31,Laptop,124629,35,3954,454,263
2022-06-01,Laptop,71316,30,4366,777,309
2022-06-02,Laptop,29380,1,2306,421,245
2022-06-03,Laptop,111198,15,3658,641,295
2022-06-04,Headphones,3356,8,1680,785,378
2022-06-05,Laptop,71326,8,1061,107,158
2022-06-06,Keyboard,93447,37,3947,603,389
2022-06-07,Mouse,115994,10,3675,561,393
2022-06-08,Laptop,21049,21,975,703,221
2022-06-09,Headphones,106361,32,2518,328,373
2022-06-10,Headphones,17082,35,4298,362,399
2022-06-11,Laptop,1661,22,1101,455,234
2022-06-12,Mouse,3920,33,3484,196,441
2022-06-13,Laptop,80561,8,4166,158,222
2022-06-14,Headphones,9946,23,2945,213,300
2022-06-15,Mobile,17309,7,1581,205,202
2022-06-16,Keyboard,56230,6,3401,237,261
2022-06-17,Headphones,112822,35,757,183,257
2022-06-18,Laptop,113340,17,2880,180,174
2022-06-19,Keyboard,60321,2,522,544,265
2022-06-20,Laptop,133028,27,3781,620,262
2022-06-21,Laptop,75131,5,4366,61,179
2022-06-22,Mobile,26963,20,2810,229,203
2022-06-23,Keyboard,102757,27,552,760,260
2022-06-24,Keyboard,100259,39,2497,294,255
2022-06-25,Mobile,40063,0,2075,298,206
2022-06-26,Headphones,115225,35,1757,270,297
2022-06-27,Laptop,117400,20,2641,329,190
2022-06-28,Mouse,81818,34,3175,739,390
2022-06-29,Laptop,5703,12,3264,159,160
2022-06-30,Laptop,73099,9,3066,565,244
2022-07-01,Headphones,32585,9,2153,549,326
2022-07-02,Laptop,44585,12,387,76,123
2022-07-03,Mobile,27958,36,3317,131,275
2022-07-04,Mobile,27017,37,3954,24,250
2022-07-05,Keyboard,125677,23,1547,429,283
2022-07-06,Mouse,144273,1,707,433,307
2022-07-07,Laptop,30426,21,4652,201,247
2022-07-08,Laptop,18778,16,1864,32,140
2022-07-09,Headphones,43229,35,1325,358,361
2022-07-10,Mobile,87652,13,1335,278,246
2022-07-11,Mouse,129267,9,1129,109,253
2022-07-12,Keyboard,127503,34,2771,635,344
2022-07-13,Mobile,85878,24,4062,717,364
2022-07-14,Keyboard,58056,2,4642,269,290
2022-07-15,Headphones,20975,37,3277,274,337
2022-07-16,Headphones,143633,16,3822,607,363
2022-07-17,Laptop,89397,11,1575,127,147
2022-07-18,Mouse,34142,23,2996,687,386
2022-07-19,Keyboard,27916,28,908,613,259
2022-07-20,Mobile,65324,24,1078,608,259
2022-07-21,Headphones,126932,35,2563,504,337
2022-07-22,Laptop,136720,25,825,277,165
2022-07-23,Laptop,97059,37,2601,658,259
2022-07-24,Keyboard,99317,0,3462,301,256
2022-07-25,Headphones,36046,19,1316,107,233
2022-07-26,Mouse,102459,27,4151,223,329
2022-07-27,Headphones,46893,15,2297,35,215
2022-07-28,Keyboard,102520,16,2906,170,223
2022-07-29,Keyboard,126818,39,878,273,242
2022-07-30,Headphones,62272,27,1072,207,270
2022-07-31,Keyboard,68649,11,2910,348,284
2022-08-01,Headphones,65674,26,2223,563,362
2022-08-02,Mobile,145832,29,698,416,203
2022-08-03,Headphones,87475,33,3441,536,411
2022-08-04,Headphones,62367,36,324,478,342
2022-08-05,Keyboard,144660,5,940,349,223
2022-08-06,Keyboard,122750,6,1914,188,260
2022-08-07,Laptop,119154,31,4909,712,336
2022-08-08,Laptop,45738,31,1206,385,213
2022-08-09,Mobile,34397,24,224,197,207
2022-08-10,Laptop,83189,32,3346,674,257
2022-08-11,Headphones,77367,6,3031,381,310
2022-08-12,Keyboard,121585,11,4225,779,353
2022-08-13,Laptop,77619,15,3071,658,263
2022-08-14,Laptop,112453,15,2117,794,249
2022-08-15,Mobile,20816,35,2515,59,232
2022-08-16,Mobile,138348,12,4690,435,292
2022-08-17,Headphones,80530,6,3196,374,262
2022-08-18,Keyboard,109856,35,1709,274,211
2022-08-19,Mobile,72635,8,817,162,139
2022-08-20,Laptop,108803,31,3661,771,291
2022-08-21,Keyboard,36946,10,1116,759,279
2022-08-22,Keyboard,56204,7,3665,729,319
2022-08-23,Laptop,16563,32,4801,596,281
2022-08-24,Mobile,93324,22,4570,30,228
2022-08-25,Laptop,10847,24,2060,639,223
2022-08-26,Keyboard,27155,7,1148,45,134
2022-08-27,Mouse,80671,21,1457,440,320
2022-08-28,Mouse,117891,3,3526,682,389
2022-08-29,Headphones,84310,39,215,240,256
2022-08-30,Laptop,132691,2,2195,515,206
2022-08-31,Laptop,35707,28,1901,256,171
2022-09-01,Headphones,82537,28,2246,256,284
2022-09-02,Headphones,92155,33,1720,238,298
2022-09-03,Headphones,1281,33,4880,506,446
2022-09-04,Keyboard,133130,27,3050,480,336
2022-09-05,Laptop,77260,12,3892,682,270
2022-09-06,Keyboard,141272,14,3041,654,312
2022-09-07,Headphones,65178,22,1077,163,278
2022-09-08,Laptop,34997,25,3166,208,193
2022-09-09,Keyboard,120273,3,883,274,226
2022-09-10,Keyboard,133311,25,340,87,241
2022-09-11,Headphones,127945,39,1653,635,388
2022-09-12,Laptop,46272,8,4678,355,212
2022-09-13,Headphones,90393,4,1112,690,254
2022-09-14,Laptop,62212,31,286,428,140
2022-09-15,Mouse,147470,19,1981,319,259
2022-09-16,Mobile,121030,10,4686,621,316
2022-09-17,Mobile,57503,14,530,376,195
2022-09-18,Mobile,138710,31,338,275,196
2022-09-19,Headphones,7570,27,2445,372,238
2022-09-20,Mouse,69785,21,175,751,275
2022-09-21,Laptop,10110,16,1456,540,195
2022-09-22,Keyboard,80141,25,2430,543,270
2022-09-23,Laptop,13115,6,4786,775,276
2022-09-24,Keyboard,40062,25,2002,713,317
2022-09-25,Laptop,23911,24,4113,303,246
2022-09-26,Mouse,105061,9,4770,331,317
2022-09-27,Keyboard,33556,18,2159,118,206
2022-09-28,Headphones,129335,10,240,216,208
2022-09-29,Laptop,2969,12,1889,501,232
2022-09-30,Laptop,44753,7,3726,245,162
2022-10-01,Keyboard,136542,39,116,634,327
2022-10-02,Headphones,122863,3,4448,637,384
2022-10-03,Headphones,11225,30,564,384,302
2022-10-04,Mouse,124008,27,4571,387,388
2022-10-05,Headphones,106823,10,1927,589,320
2022-10-06,Headphones,14669,0,3128,609,340
2022-10-07,Headphones,125398,37,619,94,313
2022-10-08,Mobile,111677,23,189,61,198
2022-10-09,Mouse,49320,30,4915,441,436
2022-10-10,Laptop,147649,25,2951,200,181
2022-10-11,Keyboard,126354,4,2943,564,276
2022-10-12,Laptop,89009,19,4825,90,172
2022-10-13,Mouse,29625,10,1984,587,311
2022-10-14,Keyboard,25089,32,4271,124,277
2022-10-15,Mouse,37487,37,1025,219,288
2022-10-16,Headphones,111448,26,3834,120,313
2022-10-17,Keyboard,51138,33,1069,787,296
2022-10-18,Headphones,55061,14,1194,326,214
2022-10-19,Laptop,102376,31,3295,605,236
2022-10-20,Laptop,80134,20,1504,702,233
2022-10-21,Keyboard,48055,4,3464,396,252
2022-10-22,Keyboard,20508,5,4390,674,320
2022-10-23,Mouse,111169,37,4082,697,419
2022-10-24,Mouse,9125,21,4423,418,338
2022-10-25,Headphones,37059,17,4113,792,358
2022-10-26,Keyboard,104409,13,4656,240,233
2022-10-27,Laptop,149159,9,4813,614,296
2022-10-28,Mouse,6704,12,3192,201,290
2022-10-29,Mouse,112279,30,4259,326,407
2022-10-30,Laptop,119516,29,2174,541,239
2022-10-31,Mouse,115044,2,384,415,251
2022-11-01,Headphones,30165,29,1287,23,249
2022-11-02,Keyboard,68203,5,4069,300,254
2022-11-03,Laptop,5114,28,3065,234,238
2022-11-04,Keyboard,37321,7,4419,629,322
2022-11-05,Mouse,74297,32,883,439,372
2022-11-06,Mouse,97652,16,1049,120,298
2022-11-07,Laptop,100304,10,4039,540,272
2022-11-08,Headphones,18772,12,144,592,287
2022-11-09,Mobile,104754,10,1910,328,201
2022-11-10,Laptop,4712,30,4666,677,315
2022-11-11,Mobile,133439,27,2181,529,279
2022-11-12,Mobile,116142,5,3598,82,226
2022-11-13,Headphones,92736,15,929,652,329
2022-11-14,Mobile,52924,3,2009,245,220
2022-11-15,Mobile,4726,34,2681,124,241
2022-11-16,Headphones,90152,25,791,791,300
2022-11-17,Mobile,28723,11,4119,444,281
2022-11-18,Mobile,127969,10,1031,274,173
2022-11-19,Mobile,101494,36,3506,448,294
2022-11-20,Laptop,141180,24,247,453,138
2022-11-21,Laptop,36643,17,1132,226,129
2022-11-22,Laptop,104896,18,1411,47,100
2022-11-23,Headphones,140999,22,487,701,300
2022-11-24,Mouse,94680,37,3221,355,357
2022-11-25,Mobile,97546,17,1973,607,223
2022-11-26,Mobile,80973,25,3688,647,328
2022-11-27,Headphones,64449,5,1015,88,244
2022-11-28,Mobile,110834,3,1978,765,272
2022-11-29,Laptop,26537,28,3848,532,270
2022-11-30,Mouse,78576,33,377,186,301
2022-12-01,Keyboard,108522,16,2077,749,330
2022-12-02,Mobile,23612,15,1959,387,241
2022-12-03,Laptop,7471,1,3136,270,186
2022-12-04,Keyboard,32348,33,3471,705,393
2022-12-05,Mouse,2177,7,4813,189,358
2022-12-06,Keyboard,136832,12,2282,777,334
2022-12-07,Laptop,33779,7,4775,109,202
2022-12-08,Keyboard,22636,29,1270,580,299
2022-12-09,Headphones,82889,31,589,465,310
2022-12-10,Keyboard,54551,35,2625,313,337
2022-12-11,Mobile,143628,29,1282,169,223
2022-12-12,Mobile,143635,0,4579,151,210
2022-12-13,Headphones,47819,38,4358,452,386
2022-12-14,Laptop,74770,16,2588,78,145
2022-12-15,Mobile,79714,19,1976,218,199
2022-12-16,Mouse,25596,23,2562,234,312
2022-12-17,Mobile,65106,21,1730,580,263
2022-12-18,Mobile,60182,28,387,491,234
2022-12-19,Laptop,88163,21,4382,763,265
2022-12-20,Keyboard,40310,8,2007,266,203
2022-12-21,Mobile,57088,36,1261,401,232
2022-12-22,Headphones,129803,9,229,258,178
2022-12-23,Keyboard,140978,35,2463,386,276
2022-12-24,Mouse,37914,36,243,187,302
2022-12-25,Laptop,111350,27,115,579,198
2022-12-26,Mouse,46379,27,344,70,264
2022-12-27,Keyboard,47413,20,1026,629,286
2022-12-28,Keyboard,138084,23,3278,747,376
2022-12-29,Keyboard,8151,39,2276,708,342
2022-12-30,Mouse,58716,1,986,399,290
2022-12-31,Keyboard,94747,7,440,493,275
2023-01-01,Mouse,145539,26,2151,99,353
2023-01-02,Keyboard,122999,21,3498,716,386
2023-01-03,Headphones,115793,36,4050,386,440
2023-01-04,Keyboard,109177,26,405,480,284
2023-01-05,Mouse,13289,28,1007,558,391
2023-01-06,Mobile,87365,2,2754,471,266
2023-01-07,Keyboard,115014,12,3892,483,342
2023-01-08,Mobile,73588,9,4142,497,296
2023-01-09,Headphones,64646,35,1471,439,332
2023-01-10,Laptop,4654,8,420,726,187
2023-01-11,Headphones,19743,26,4754,233,373
2023-01-12,Keyboard,49368,33,4159,388,323
2023-01-13,Mobile,138513,0,1231,133,154
2023-01-14,Mobile,120735,31,2678,773,351
2023-01-15,Mouse,120891,24,4142,522,391
2023-01-16,Mobile,108971,28,3467,655,293
2023-01-17,Mouse,13149,6,917,607,288
2023-01-18,Laptop,101102,2,111,330,139
2023-01-19,Keyboard,60189,19,294,488,233
2023-01-20,Mouse,72031,19,2637,727,366
2023-01-21,Laptop,43668,29,2942,63,176
2023-01-22,Mobile,145745,34,2329,434,288
2023-01-23,Mobile,89204,34,3109,717,325
2023-01-24,Laptop,141507,38,4851,265,229
2023-01-25,Mobile,38384,26,2177,103,212
2023-01-26,Laptop,82929,25,3967,226,201
2023-01-27,Mouse,128959,13,4973,170,357
2023-01-28,Mouse,77153,16,543,687,388
2023-01-29,Laptop,76388,17,397,547,251
2023-01-30,Mouse,32401,28,944,184,329
2023-01-31,Mouse,120503,19,1115,164,294
2023-02-01,Mouse,128834,26,1484,56,324
2023-02-02,Headphones,35084,17,1497,352,331
2023-02-03,Keyboard,111641,3,653,422,276
2023-02-04,Mobile,106111,0,2450,433,272
2023-02-05,Headphones,139299,0,4616,64,312
2023-02-06,Mouse,37041,25,1369,421,382
2023-02-07,Laptop,89920,19,1360,225,150
2023-02-08,Mouse,66681,22,284,81,272
2023-02-09,Keyboard,82571,9,4663,439,322
2023-02-10,Mouse,128556,10,2510,487,344
2023-02-11,Laptop,27160,4,4531,38,205
2023-02-12,Keyboard,18633,0,2309,384,255
2023-02-13,Mouse,18014,16,3772,319,334
2023-02-14,Keyboard,81532,21,4783,26,260
2023-02-15,Mobile,50104,33,1981,780,307
2023-02-16,Mobile,78231,28,4396,447,297
2023-02-17,Mouse,69388,3,621,136,218
2023-02-18,Keyboard,17014,4,1987,599,295
2023-02-19,Laptop,93578,10,2652,526,231
2023-02-20,Mouse,41390,20,3909,565,383
2023-02-21,Mobile,24711,34,4983,725,339
2023-02-22,Mobile,92658,11,4255,344,268
2023-02-23,Mouse,58993,25,4773,74,354
2023-02-24,Keyboard,8421,18,4516,797,394
2023-02-25,Mobile,18727,6,3579,61,228
2023-02-26,Keyboard,113418,6,1509,316,258
2023-02-27,Mobile,5358,25,1794,250,237
2023-02-28,Mobile,66108,39,4764,472,371
2023-03-01,Headphones,95018,4,626,413,303
2023-03-02,Mobile,125457,20,2760,541,307
2023-03-03,Laptop,32910,13,2272,377,228
2023-03-04,Mouse,127888,3,379,463,360
2023-03-05,Mouse,56754,22,3064,147,415
2023-03-06,Keyboard,110847,19,4077,710,392
2023-03-07,Mobile,39467,14,2769,424,299
2023-03-08,Laptop,149697,28,2993,411,251
2023-03-09,Keyboard,34893,7,1851,212,281
2023-03-10,Headphones,77329,18,4081,623,395
2023-03-11,Keyboard,32007,38,4869,762,470
2023-03-12,Keyboard,55253,27,2461,97,279
2023-03-13,Mobile,13323,26,4527,104,253
2023-03-14,Headphones,112335,3,4231,49,272
2023-03-15,Keyboard,113356,14,1808,744,309
2023-03-16,Laptop,111944,34,2786,68,214
2023-03-17,Laptop,146282,36,2995,796,280
2023-03-18,Mouse,17456,0,4635,164,306
2023-03-19,Headphones,32367,2,2876,88,261
2023-03-20,Headphones,55624,23,1219,77,200
2023-03-21,Mouse,142178,26,3088,716,393
2023-03-22,Keyboard,69008,39,4359,593,362
2023-03-23,Headphones,126926,35,4343,498,397
2023-03-24,Laptop,116395,33,294,464,197
2023-03-25,Laptop,117492,28,762,315,176
2023-03-26,Mobile,73240,23,579,697,295
2023-03-27,Headphones,65315,23,4318,190,333
2023-03-28,Keyboard,11756,3,1523,594,266
2023-03-29,Mouse,37378,2,2808,166,312
2023-03-30,Mouse,136327,33,3275,503,424
2023-03-31,Keyboard,146556,22,3914,325,330
2023-04-01,Mobile,126703,22,2114,692,340
2023-04-02,Mouse,57549,4,3889,672,472
2023-04-03,Headphones,74794,30,4905,628,499
2023-04-04,Mobile,46113,5,2543,465,260
2023-04-05,Headphones,75069,36,1011,240,319
2023-04-06,Laptop,137321,9,3313,574,259
2023-04-07,Mobile,126541,39,2464,397,313
2023-04-08,Mouse,10686,6,3729,639,451
2023-04-09,Mobile,54363,38,3572,285,330
2023-04-10,Mobile,98543,37,780,114,216
2023-04-11,Mobile,132733,20,4751,281,301
2023-04-12,Mobile,96673,19,709,90,195
2023-04-13,Headphones,43828,2,2256,238,230
2023-04-14,Laptop,49604,21,3966,552,253
2023-04-15,Keyboard,11526,3,471,111,191
2023-04-16,Mobile,69910,27,715,146,190
2023-04-17,Mouse,26592,11,2353,99,286
2023-04-18,Mobile,29982,37,4238,257,267
2023-04-19,Mouse,1207,35,964,391,316
2023-04-20,Headphones,89733,4,1368,505,277
2023-04-21,Mouse,125982,12,884,713,318
2023-04-22,Keyboard,69619,22,4671,44,263
2023-04-23,Laptop,47479,29,4278,175,224
2023-04-24,Mouse,142826,36,2337,536,408
2023-04-25,Mouse,82437,24,4154,651,425
2023-04-26,Laptop,99540,26,4995,549,280
2023-04-27,Keyboard,73982,13,1035,729,322
2023-04-28,Mobile,103747,35,4080,76,275
2023-04-29,Mouse,49231,38,2438,624,492
2023-04-30,Laptop,30301,15,425,38,144
2023-05-01,Headphones,19752,21,1634,403,358
2023-05-02,Laptop,99452,20,3580,212,258
2023-05-03,Headphones,145467,20,3961,256,385
2023-05-04,Keyboard,122237,7,2085,406,307
2023-05-05,Mobile,57273,15,4703,445,324
2023-05-06,Laptop,92878,30,2878,296,233
2023-05-07,Mouse,5895,9,1370,246,352
2023-05-08,Keyboard,120968,31,740,764,347
2023-05-09,Laptop,116700,33,4803,571,288
2023-05-10,Mouse,77559,8,4178,342,361
2023-05-11,Laptop,11699,16,4761,172,227
2023-05-12,Headphones,10715,10,1467,658,329
2023-05-13,Laptop,20169,31,4142,256,251
2023-05-14,Laptop,119413,9,2675,74,167
2023-05-15,Laptop,148235,21,3703,455,227
2023-05-16,Keyboard,120264,16,1681,703,283
2023-05-17,Laptop,6782,3,2086,128,119
2023-05-18,Mouse,125481,24,2340,203,319
2023-05-19,Headphones,36585,20,4066,387,325
2023-05-20,Headphones,31682,36,2205,217,317
2023-05-21,Laptop,130992,37,228,390,166
2023-05-22,Keyboard,85416,0,4901,392,333
2023-05-23,Keyboard,128810,24,4096,516,312
2023-05-24,Mouse,39067,35,951,618,361
2023-05-25,Laptop,19073,16,4203,220,219
2023-05-26,Headphones,37035,23,2176,528,353
2023-05-27,Keyboard,91373,1,3094,341,305
2023-05-28,Laptop,84362,39,3844,294,292
2023-05-29,Keyboard,91517,14,2856,230,283
2023-05-30,Keyboard,66450,31,1744,523,312
2023-05-31,Headphones,11382,38,4471,137,385
2023-06-01,Mobile,136509,5,3244,722,329
2023-06-02,Mouse,62929,0,342,573,353
2023-06-03,Mouse,99864,22,4185,61,393
2023-06-04,Headphones,144401,38,270,334,396
2023-06-05,Keyboard,26169,16,752,348,262
2023-06-06,Laptop,88468,33,3612,36,214
2023-06-07,Keyboard,35594,28,1599,302,279
2023-06-08,Headphones,46033,8,2199,277,276
2023-06-09,Mouse,64133,12,2258,594,374
2023-06-10,Keyboard,74861,5,2072,593,316
2023-06-11,Mouse,32750,5,4025,631,420
2023-06-12,Laptop,41461,19,2358,38,145
2023-06-13,Mouse,79222,2,4139,548,339
2023-06-14,Mouse,113020,16,2135,442,288
2023-06-15,Mobile,25226,11,3371,485,272
2023-06-16,Mobile,7721,0,957,392,190
2023-06-17,Mobile,21609,16,3923,777,320
2023-06-18,Mouse,131513,2,1149,782,327
2023-06-19,Headphones,105211,25,4090,100,276
2023-06-20,Mouse,137728,14,398,570,264
2023-06-21,Headphones,125865,35,1023,567,301
2023-06-22,Headphones,75520,31,4332,443,343
2023-06-23,Mobile,65309,31,4406,448,299
2023-06-24,Keyboard,30984,3,2899,407,271
2023-06-25,Laptop,119947,17,4975,728,293
2023-06-26,Mobile,6901,18,4162,689,365
2023-06-27,Mobile,32055,34,4145,223,307
2023-06-28,Keyboard,146788,39,1902,215,272
2023-06-29,Laptop,115099,13,2813,747,273
2023-06-30,Mouse,12138,32,4606,304,429
2023-07-01,Mouse,24429,13,2953,215,392
2023-07-02,Mobile,51200,33,2757,326,303
2023-07-03,Laptop,102268,3,4622,683,306
2023-07-04,Mobile,18347,23,3446,33,234
2023-07-05,Headphones,148992,28,1571,165,281
2023-07-06,Mobile,32822,18,3049,76,240
2023-07-07,Mobile,41108,5,1041,742,288
2023-07-08,Mouse,129955,32,2007,799,502
2023-07-09,Mouse,8967,39,4937,229,425
2023-07-10,Mouse,111719,18,1343,548,341
2023-07-11,Headphones,12871,0,4523,363,301
2023-07-12,Mouse,29179,4,1566,734,336
2023-07-13,Laptop,56099,26,4057,630,244
2023-07-14,Keyboard,36262,15,2066,298,207
2023-07-15,Laptop,79213,5,475,228,114
2023-07-16,Laptop,118407,39,362,660,215
2023-07-17,Mouse,87269,12,4462,354,309
2023-07-18,Keyboard,61545,34,3488,307,281
2023-07-19,Keyboard,40922,18,3495,271,264
2023-07-20,Keyboard,43913,11,2044,284,224
2023-07-21,Headphones,98033,15,1993,290,276
2023-07-22,Mouse,105792,9,3734,719,399
2023-07-23,Keyboard,120863,24,1752,438,263
2023-07-24,Headphones,45936,19,4241,745,406
2023-07-25,Mobile,29141,30,3992,230,255
2023-07-26,Mobile,141146,3,699,384,208
2023-07-27,Headphones,138478,22,4915,95,347
2023-07-28,Headphones,98359,1,2012,679,328
2023-07-29,Mouse,124279,21,1392,340,337
2023-07-30,Mouse,42568,36,700,744,432
2023-07-31,Mobile,98539,7,480,452,237
2023-08-01,Keyboard,47851,6,4313,128,265
2023-08-02,Mobile,55823,13,3737,660,323
2023-08-03,Keyboard,24312,2,2263,541,293
2023-08-04,Keyboard,99723,15,4455,66,282
2023-08-05,Mouse,13411,18,1198,398,359
2023-08-06,Laptop,58009,17,465,115,134
2023-08-07,Laptop,147494,15,2670,122,159
2023-08-08,Headphones,33371,7,3519,165,285
2023-08-09,Mouse,58022,32,2576,46,302
2023-08-10,Keyboard,72229,11,890,751,268
2023-08-11,Laptop,100071,10,3669,549,249
2023-08-12,Keyboard,97774,4,846,698,263
2023-08-13,Laptop,27715,26,412,101,107
2023-08-14,Laptop,28605,11,4733,447,222
2023-08-15,Laptop,100853,16,1020,603,170
2023-08-16,Mouse,32174,5,1177,498,252
2023-08-17,Mobile,142028,32,2929,785,320
2023-08-18,Keyboard,77373,4,2481,181,181
2023-08-19,Mouse,70252,27,3718,421,364
2023-08-20,Mouse,71017,13,897,527,290
2023-08-21,Mouse,64037,4,4543,57,262
2023-08-22,Mouse,90818,32,372,530,282
2023-08-23,Mouse,7548,18,3110,412,321
2023-08-24,Headphones,117981,21,4915,732,395
2023-08-25,Keyboard,25022,4,1873,513,261
2023-08-26,Mouse,107297,1,2647,219,304
2023-08-27,Keyboard,137614,29,3264,274,296
2023-08-28,Headphones,61428,38,4880,198,383
2023-08-29,Headphones,60353,3,4817,566,366
2023-08-30,Keyboard,114132,32,1046,613,309
2023-08-31,Laptop,17052,12,2765,408,211
2023-09-01,Mobile,101689,19,606,417,217
2023-09-02,Laptop,132743,6,343,751,224
2023-09-03,Laptop,1163,14,605,177,154
2023-09-04,Laptop,42424,22,4617,23,168
2023-09-05,Mouse,142706,13,3258,186,298
2023-09-06,Headphones,136870,22,3690,487,343
2023-09-07,Laptop,23420,18,1972,428,196
2023-09-08,Headphones,121575,28,3893,431,358
2023-09-09,Keyboard,30300,19,1292,223,216
2023-09-10,Mobile,90881,28,4525,213,265
2023-09-11,Keyboard,11749,23,4845,254,270
2023-09-12,Keyboard,105131,17,1564,737,262
2023-09-13,Mouse,129563,9,490,169,193
2023-09-14,Mobile,38487,7,4576,178,229
2023-09-15,Keyboard,22223,25,3477,298,233
2023-09-16,Keyboard,73930,28,4937,423,327
2023-09-17,Mobile,146128,9,772,697,211
2023-09-18,Mobile,29380,16,2660,330,204
2023-09-19,Keyboard,27035,1,1311,87,148
2023-09-20,Mobile,31620,5,1029,482,222
2023-09-21,Keyboard,118360,4,1639,107,168
2023-09-22,Keyboard,54352,27,1012,236,178
2023-09-23,Mouse,4191,4,743,20,193
2023-09-24,Laptop,91536,17,4622,154,216
2023-09-25,Keyboard,105576,25,601,716,296
2023-09-26,Headphones,4631,19,829,370,276
2023-09-27,Laptop,138244,26,1383,159,155
2023-09-28,Laptop,43080,11,2218,637,248
2023-09-29,Laptop,91353,6,4652,152,195
2023-09-30,Mouse,29671,2,4486,639,430
2023-10-01,Keyboard,123811,9,3936,197,265
2023-10-02,Mouse,128734,33,1019,377,323
2023-10-03,Keyboard,52399,24,4150,399,292
2023-10-04,Mouse,8099,34,2439,677,401
2023-10-05,Mouse,57492,15,855,469,301
2023-10-06,Headphones,97722,1,1969,605,296
2023-10-07,Mouse,31111,23,4572,482,414
2023-10-08,Mobile,64936,9,607,127,153
2023-10-09,Headphones,61920,37,1536,141,252
2023-10-10,Mouse,64530,21,2675,36,231
2023-10-11,Laptop,8788,25,3526,215,205
2023-10-12,Mobile,29082,38,658,346,193
2023-10-13,Mobile,124287,26,3202,337,226
2023-10-14,Mobile,90570,28,4616,498,327
2023-10-15,Headphones,102015,37,3722,271,302
2023-10-16,Mouse,84588,19,4499,522,325
2023-10-17,Mouse,148603,26,4157,138,273
2023-10-18,Laptop,89340,19,3815,693,254
2023-10-19,Laptop,95439,18,1401,729,220
2023-10-20,Mobile,142214,19,2255,517,252
2023-10-21,Laptop,116053,34,792,505,235
2023-10-22,Headphones,49355,1,4450,64,238
2023-10-23,Mouse,141938,29,1578,333,313
2023-10-24,Mobile,126426,33,356,198,178
2023-10-25,Laptop,65027,21,2530,437,201
2023-10-26,Headphones,93601,2,541,575,259
2023-10-27,Headphones,30956,5,1981,97,221
2023-10-28,Laptop,105797,14,2746,345,240
2023-10-29,Mouse,125917,26,3920,709,484
2023-10-30,Laptop,127303,9,4777,376,244
2023-10-31,Mobile,137511,8,1835,435,258
2023-11-01,Laptop,43533,32,3835,534,244
2023-11-02,Headphones,79815,31,2745,233,300
2023-11-03,Laptop,40279,5,118,93,69
2023-11-04,Mouse,110787,35,1224,582,395
2023-11-05,Keyboard,149702,1,4085,598,332
2023-11-06,Laptop,62063,28,2754,528,233
2023-11-07,Mouse,128896,3,2180,351,278
2023-11-08,Mouse,98661,0,1647,112,198
2023-11-09,Headphones,139051,18,961,707,311
2023-11-10,Mouse,124257,25,254,676,310
2023-11-11,Mouse,87205,24,3594,538,386
2023-11-12,Mouse,7910,9,1004,288,226
2023-11-13,Mouse,47857,14,1369,395,263
2023-11-14,Mobile,35964,21,504,23,110
2023-11-15,Mobile,138050,20,943,157,150
2023-11-16,Headphones,18153,21,1882,250,247
2023-11-17,Laptop,60765,35,1664,619,215
2023-11-18,Mouse,109212,33,1284,548,336
2023-11-19,Laptop,40071,29,846,71,129
2023-11-20,Laptop,113990,24,1825,665,200
2023-11-21,Headphones,70519,27,3288,742,390
2023-11-22,Mouse,10503,0,370,344,234
2023-11-23,Mouse,96457,3,4965,750,418
2023-11-24,Keyboard,148977,6,4056,736,331
2023-11-25,Laptop,46838,8,271,742,211
2023-11-26,Laptop,126200,35,373,296,170
2023-11-27,Mobile,90489,18,2406,555,295
2023-11-28,Keyboard,27806,0,1258,505,241
2023-11-29,Mobile,71119,9,1806,535,268
2023-11-30,Mobile,39714,35,1871,171,234
2023-12-01,Mobile,56419,8,521,502,197
2023-12-02,Headphones,106432,31,1309,278,334
2023-12-03,Headphones,93949,31,4775,343,400
2023-12-04,Mobile,134533,5,990,187,179
2023-12-05,Keyboard,146363,37,4917,707,381
2023-12-06,Laptop,77971,16,3367,329,222
2023-12-07,Keyboard,94471,9,1573,498,251
2023-12-08,Mouse,65946,26,3343,75,298
2023-12-09,Headphones,99989,34,4578,639,434
2023-12-10,Laptop,85080,20,2281,492,231
2023-12-11,Laptop,78794,24,1549,315,163
2023-12-12,Mouse,31841,27,3196,480,327
2023-12-13,Mouse,125447,14,3356,343,272
2023-12-14,Mobile,121029,3,3256,160,181
2023-12-15,Headphones,77272,28,1690,686,307
2023-12-16,Headphones,38643,8,4339,281,307
2023-12-17,Keyboard,44950,26,4081,439,314
2023-12-18,Mobile,101500,25,1535,763,286
2023-12-19,Mobile,126588,18,323,260,163
2023-12-20,Mobile,16997,27,319,374,202
2023-12-21,Mobile,80751,16,4374,789,356
2023-12-22,Headphones,99605,19,1754,780,356
2023-12-23,Headphones,56533,39,4628,608,459
2023-12-24,Mobile,83566,38,364,199,227
2023-12-25,Keyboard,146643,22,1053,85,208
2023-12-26,Laptop,109255,31,4624,367,250
2023-12-27,Laptop,59005,32,3833,190,215
2023-12-28,Keyboard,44541,4,2874,493,308
2023-12-29,Mobile,24387,33,3224,553,327
2023-12-30,Headphones,94980,39,579,386,360
2023-12-31,Laptop,86457,10,3614,126,233
2024-01-01,Mouse,145129,2,1453,458,322
2024-01-02,Mouse,65028,32,3422,246,363
2024-01-03,Keyboard,120246,10,3978,463,311
2024-01-04,Mobile,56731,15,989,461,238
2024-01-05,Laptop,45638,17,3954,415,264
2024-01-06,Mobile,21567,29,1024,747,295
2024-01-07,Laptop,58804,9,2270,600,248
2024-01-08,Keyboard,109821,17,2002,103,232
2024-01-09,Keyboard,4754,37,4973,634,362
2024-01-10,Mouse,28044,18,2495,570,334
2024-01-11,Mobile,68260,35,128,32,135
2024-01-12,Mouse,67912,12,134,712,292
2024-01-13,Mobile,9706,2,3689,512,272
2024-01-14,Mouse,9894,9,2770,287,315
2024-01-15,Headphones,84986,37,3465,544,372
2024-01-16,Headphones,82942,0,688,139,175
2024-01-17,Headphones,30725,26,3318,372,288
2024-01-18,Headphones,137998,7,3238,76,246
2024-01-19,Laptop,105555,16,1003,59,123
2024-01-20,Headphones,10496,8,4186,355,352
2024-01-21,Keyboard,57447,5,2269,659,314
2024-01-22,Keyboard,102604,24,439,192,225
2024-01-23,Laptop,89199,38,4370,566,316
2024-01-24,Headphones,42321,27,1814,278,328
2024-01-25,Headphones,56147,32,4792,536,430
2024-01-26,Headphones,92396,36,4646,749,470
2024-01-27,Mouse,39787,8,656,542,373
2024-01-28,Mobile,22727,17,3187,136,303
2024-01-29,Mouse,96081,20,3366,203,369
2024-01-30,Mobile,123721,1,3667,135,238
2024-01-31,Headphones,69056,37,2156,181,339
2024-02-01,Headphones,135153,39,3999,598,462
2024-02-02,Mouse,81102,35,1116,731,455
2024-02-03,Mouse,77865,36,2162,562,467
2024-02-04,Mobile,68695,14,938,606,282
2024-02-05,Keyboard,118235,27,1737,256,262
2024-02-06,Mobile,109777,17,4421,85,209
2024-02-07,Mouse,20033,33,3596,89,348
2024-02-08,Mouse,142877,21,1913,466,333
2024-02-09,Laptop,27832,10,3579,435,226
2024-02-10,Mouse,116725,12,1551,551,329
2024-02-11,Laptop,146016,3,2413,460,198
2024-02-12,Keyboard,20873,21,1614,757,293
2024-02-13,Mobile,41372,6,1331,483,230
2024-02-14,Mobile,90464,23,1745,415,227
2024-02-15,Laptop,147451,3,3099,730,279
2024-02-16,Mobile,118322,27,3540,570,308
2024-02-17,Mouse,101082,14,4156,676,409
2024-02-18,Headphones,6110,0,405,576,290
2024-02-19,Laptop,13087,2,3636,414,210
2024-02-20,Mobile,83617,13,1823,345,201
2024-02-21,Laptop,101483,37,1789,110,198
2024-02-22,Laptop,10596,0,1617,769,250
2024-02-23,Headphones,108539,37,4017,89,375
2024-02-24,Mouse,19313,37,519,185,400
2024-02-25,Laptop,114175,20,3036,661,274
2024-02-26,Mobile,115914,28,3962,233,297
2024-02-27,Keyboard,24705,4,4329,620,373
2024-02-28,Laptop,74445,9,1550,354,177
2024-02-29,Laptop,104892,27,3196,783,269
2024-03-01,Headphones,3023,20,3361,388,372
2024-03-02,Mouse,120654,6,1264,603,393
2024-03-03,Keyboard,81073,2,1969,696,340
2024-03-04,Mobile,93197,19,1919,68,224
2024-03-05,Keyboard,65429,18,2805,71,262
2024-03-06,Mobile,105195,34,3615,308,298
2024-03-07,Mouse,34848,3,1442,645,350
2024-03-08,Mobile,147451,4,2326,258,190
2024-03-09,Headphones,28766,0,1179,152,249
2024-03-10,Headphones,69099,3,4306,185,319
2024-03-11,Headphones,70122,11,4663,393,313
2024-03-12,Headphones,148159,26,2879,392,295
2024-03-13,Keyboard,49868,22,2628,497,275
2024-03-14,Mouse,120119,24,913,774,344
2024-03-15,Mobile,96286,20,2131,498,264
2024-03-16,Mobile,7643,23,422,669,261
2024-03-17,Headphones,37727,24,3069,610,376
2024-03-18,Headphones,143077,31,1003,701,339
2024-03-19,Laptop,110079,31,1641,654,256
2024-03-20,Mouse,66697,4,3603,707,388
2024-03-21,Keyboard,17029,35,2753,319,308
2024-03-22,Mobile,146298,38,2576,101,253
2024-03-23,Laptop,110458,15,3440,106,227
2024-03-24,Laptop,111384,32,4343,244,257
2024-03-25,Mobile,69926,20,1241,35,226
2024-03-26,Keyboard,138069,8,949,377,267
2024-03-27,Laptop,56506,5,466,182,140
2024-03-28,Laptop,79229,34,2997,629,327
2024-03-29,Mouse,43092,38,1189,687,442
2024-03-30,Keyboard,63539,21,4141,533,402
2024-03-31,Laptop,14428,4,2138,369,199
2024-04-01,Keyboard,142330,22,2960,700,387
2024-04-02,Mobile,58775,16,4370,483,352
2024-04-03,Headphones,6469,11,1954,394,343
2024-04-04,Laptop,29854,22,4783,111,241
2024-04-05,Mouse,138328,15,594,200,279
2024-04-06,Mobile,77256,2,3282,762,324
2024-04-07,Keyboard,100134,29,1884,320,275
2024-04-08,Mobile,133723,21,3610,679,350
2024-04-09,Laptop,85730,8,3886,208,200
2024-04-10,Keyboard,28386,28,4230,333,299
2024-04-11,Headphones,148256,36,1098,512,336
2024-04-12,Mobile,34787,22,4569,147,236
2024-04-13,Laptop,22621,12,1551,538,214
2024-04-14,Mouse,78984,31,1851,445,371
2024-04-15,Keyboard,35051,22,2380,578,307
2024-04-16,Mobile,50811,16,4900,584,320
2024-04-17,Mobile,31447,39,4758,206,271
2024-04-18,Headphones,129046,20,3034,569,357
2024-04-19,Headphones,85045,1,3834,472,345
2024-04-20,Mouse,117859,36,3446,490,467
2024-04-21,Mouse,146544,5,1973,757,424
2024-04-22,Laptop,4471,17,4634,584,273
2024-04-23,Laptop,121312,29,3903,243,237
2024-04-24,Mouse,140401,21,2079,173,337
2024-04-25,Mouse,47850,32,798,579,423
2024-04-26,Keyboard,55220,29,1412,370,309
2024-04-27,Headphones,94808,16,3062,166,381
2024-04-28,Laptop,138469,31,3038,595,317
2024-04-29,Headphones,54072,13,4887,368,402
2024-04-30,Headphones,84820,9,2400,201,310
2024-05-01,Mouse,24284,35,3297,656,459
2024-05-02,Keyboard,84369,33,226,198,254
2024-05-03,Mobile,26122,8,1291,58,176
2024-05-04,Keyboard,131349,27,2739,791,397
2024-05-05,Keyboard,71553,10,4489,22,279
2024-05-06,Headphones,95788,13,4016,83,280
2024-05-07,Keyboard,63812,38,1466,48,203
2024-05-08,Laptop,8999,18,1119,391,164
2024-05-09,Headphones,23436,14,4179,542,354
2024-05-10,Laptop,43963,27,4614,116,185
2024-05-11,Mobile,134168,23,4639,461,319
2024-05-12,Headphones,109899,7,784,222,269
2024-05-13,Mobile,27201,8,3729,430,273
2024-05-14,Headphones,147150,32,2987,40,297
2024-05-15,Mouse,6105,32,1562,570,357
2024-05-16,Keyboard,118666,18,4186,754,372
2024-05-17,Mouse,95848,2,2361,121,244
2024-05-18,Mobile,3839,9,4280,65,237
2024-05-19,Keyboard,69920,39,2941,85,262
2024-05-20,Headphones,44619,0,1867,622,330
2024-05-21,Keyboard,43821,28,4280,183,333
2024-05-22,Laptop,126736,33,3660,130,205
2024-05-23,Keyboard,145565,12,2212,357,275
2024-05-24,Laptop,18069,0,4858,142,202
2024-05-25,Keyboard,8531,33,726,724,385
2024-05-26,Laptop,139808,28,4259,466,314
2024-05-27,Mobile,139782,12,3514,630,302
2024-05-28,Mouse,68155,28,1475,310,377
2024-05-29,Headphones,146047,38,1281,690,408
2024-05-30,Keyboard,63424,23,590,431,283
2024-05-31,Mouse,46603,25,3829,634,456
2024-06-01,Headphones,133503,16,3634,300,374
2024-06-02,Headphones,93573,6,3396,62,306
2024-06-03,Laptop,141629,12,2040,505,210
2024-06-04,Mobile,104302,4,4508,615,327
2024-06-05,Mobile,132234,25,1982,722,306
2024-06-06,Mouse,20675,2,3087,70,265
2024-06-07,Mobile,74997,6,3259,229,201
2024-06-08,Keyboard,149087,38,4875,145,319
2024-06-09,Mobile,141905,0,4630,511,307
2024-06-10,Mouse,8896,16,781,528,291
2024-06-11,Mobile,50733,24,1173,600,254
2024-06-12,Keyboard,42800,2,2487,796,321
2024-06-13,Laptop,97044,14,2494,277,188
2024-06-14,Mouse,6347,28,2793,207,306
2024-06-15,Laptop,134715,31,1470,249,169
2024-06-16,Laptop,41785,25,4844,208,197
2024-06-17,Laptop,19681,15,4440,434,240
2024-06-18,Headphones,104864,24,2256,29,254
2024-06-19,Headphones,147964,27,2680,133,300
2024-06-20,Laptop,48299,8,4491,95,193
2024-06-21,Mouse,18073,0,2259,695,350
2024-06-22,Keyboard,103304,28,3348,521,346
2024-06-23,Keyboard,31682,21,3831,104,298
2024-06-24,Mobile,125302,15,3929,68,254
2024-06-25,Mouse,146361,6,1727,514,370
2024-06-26,Headphones,116359,13,3572,708,399
2024-06-27,Laptop,139999,28,127,406,187
2024-06-28,Mobile,67707,18,2085,408,280
2024-06-29,Keyboard,66428,18,4253,237,324
2024-06-30,Headphones,51601,1,1621,720,366
2024-07-01,Headphones,134611,14,396,365,263
2024-07-02,Laptop,112487,2,2281,249,182
2024-07-03,Keyboard,29228,10,3502,274,272
2024-07-04,Mouse,123788,29,2396,255,335
2024-07-05,Headphones,98239,39,2697,45,277
2024-07-06,Laptop,27928,17,1001,603,221
2024-07-07,Mouse,19322,1,1198,280,297
2024-07-08,Keyboard,88896,31,1777,785,299
2024-07-09,Headphones,63292,7,2981,290,254
2024-07-10,Mouse,30055,21,4966,142,318
2024-07-11,Mouse,43891,5,1478,675,310
2024-07-12,Mouse,82912,11,1348,276,236
2024-07-13,Headphones,138660,39,3835,675,364
2024-07-14,Headphones,91536,35,4341,440,398
2024-07-15,Mobile,7304,14,1364,278,199
2024-07-16,Keyboard,8345,27,2007,66,182
2024-07-17,Laptop,92006,17,1158,544,181
2024-07-18,Mouse,147424,1,2849,227,295
2024-07-19,Mobile,130350,12,2148,330,245
2024-07-20,Laptop,20446,14,4348,766,321
2024-07-21,Mobile,3336,19,2576,168,243
2024-07-22,Headphones,63032,28,4116,457,381
2024-07-23,Mouse,98852,28,4703,174,379
2024-07-24,Laptop,139593,2,3297,697,276
2024-07-25,Laptop,19474,18,4686,109,201
2024-07-26,Laptop,56718,2,3653,717,258
2024-07-27,Laptop,45629,13,4540,377,277
2024-07-28,Laptop,46232,39,1861,193,205
2024-07-29,Mobile,87544,3,320,236,196
2024-07-30,Mouse,51669,10,4918,475,381
2024-07-31,Headphones,70184,30,4723,795,442
2024-08-01,Headphones,14140,31,2988,628,365
2024-08-02,Headphones,127468,26,1764,648,342
2024-08-03,Headphones,84457,29,4086,218,331
2024-08-04,Mobile,15357,1,4676,505,290
2024-08-05,Keyboard,112672,8,3077,552,257
2024-08-06,Mouse,69673,27,1971,219,290
2024-08-07,Laptop,122673,30,1562,390,187
2024-08-08,Keyboard,66633,33,444,467,205
2024-08-09,Headphones,97111,14,144,267,219
2024-08-10,Keyboard,79258,24,2168,283,282
2024-08-11,Mouse,144996,35,1614,77,279
2024-08-12,Laptop,70286,7,2698,321,161
2024-08-13,Laptop,94269,8,1101,50,142
2024-08-14,Mouse,75071,36,1133,517,294
2024-08-15,Mouse,31651,38,2140,268,306
2024-08-16,Headphones,71202,31,373,624,298
2024-08-17,Laptop,49777,16,2747,796,290
2024-08-18,Keyboard,149066,34,1879,290,286
2024-08-19,Mobile,68263,36,4576,625,334
2024-08-20,Mobile,101158,18,578,685,239
2024-08-21,Mouse,11800,28,615,413,314
2024-08-22,Headphones,38823,6,4386,521,336
2024-08-23,Mobile,64878,27,1291,611,277
2024-08-24,Laptop,19708,8,2768,103,167
2024-08-25,Mouse,144891,27,1511,384,359
2024-08-26,Keyboard,64870,5,3380,568,327
2024-08-27,Mouse,10283,28,371,361,309
2024-08-28,Keyboard,79707,16,242,426,218
2024-08-29,Mouse,6774,15,3432,444,355
2024-08-30,Mouse,143055,22,887,763,364
2024-08-31,Mouse,97468,30,1781,112,302
2024-09-01,Keyboard,97334,2,722,633,269
2024-09-02,Keyboard,19133,20,3941,431,281
2024-09-03,Mouse,147011,25,3776,451,378
2024-09-04,Mobile,1781,35,2672,697,304
2024-09-05,Headphones,115586,36,3360,178,280
2024-09-06,Headphones,28624,21,4812,33,256
2024-09-07,Headphones,7823,11,166,392,232
2024-09-08,Keyboard,19489,12,4386,244,274
2024-09-09,Keyboard,30118,10,4716,524,291
2024-09-10,Mobile,101417,15,1240,92,142
2024-09-11,Headphones,82816,7,2414,268,231
2024-09-12,Headphones,14565,39,2632,530,309
2024-09-13,Mouse,92179,39,3680,622,374
2024-09-14,Keyboard,24648,1,1287,235,164
2024-09-15,Headphones,42971,29,4571,621,413
2024-09-16,Mobile,19658,29,4848,560,321
2024-09-17,Mobile,22253,11,3439,239,213
2024-09-18,Headphones,89664,9,648,746,326
2024-09-19,Keyboard,104850,10,4187,240,268
2024-09-20,Mobile,138924,14,172,408,183
2024-09-21,Mouse,134623,15,298,573,357
2024-09-22,Mobile,72947,16,3301,666,335
2024-09-23,Laptop,62001,25,1881,61,156
2024-09-24,Laptop,123775,1,671,695,195
2024-09-25,Keyboard,34243,11,890,302,231
2024-09-26,Headphones,76939,25,1738,77,261
2024-09-27,Keyboard,58828,22,1931,556,304
2024-09-28,Keyboard,139311,17,1955,92,213
2024-09-29,Keyboard,7710,31,1274,148,248
2024-09-30,Keyboard,38991,37,3840,618,378
2024-10-01,Mouse,139043,2,3377,445,303
2024-10-02,Mouse,86445,37,278,684,333
2024-10-03,Mobile,81257,2,2344,713,254
2024-10-04,Laptop,38711,29,4186,144,174
2024-10-05,Keyboard,7530,0,834,86,129
2024-10-06,Mobile,12116,29,898,25,161
2024-10-07,Laptop,66794,31,887,656,200
2024-10-08,Headphones,132354,27,2895,333,274
2024-10-09,Mouse,133970,20,4404,345,312
2024-10-10,Laptop,5135,12,4688,584,251
2024-10-11,Headphones,138701,26,3184,597,334
2024-10-12,Laptop,110472,35,3018,525,234
2024-10-13,Mouse,126147,6,831,101,209
2024-10-14,Mouse,90087,21,1229,618,302
2024-10-15,Mobile,34380,9,3546,21,194
2024-10-16,Keyboard,130951,38,1705,223,258
2024-10-17,Laptop,18071,14,3878,681,253
2024-10-18,Laptop,21074,14,2845,423,207
2024-10-19,Headphones,68843,3,3270,122,282
2024-10-20,Mouse,40901,31,4789,555,446
2024-10-21,Laptop,12205,22,3033,387,217
2024-10-22,Mouse,125661,5,1315,231,243
2024-10-23,Laptop,6906,23,424,596,173
2024-10-24,Mobile,134663,19,1950,228,228
2024-10-25,Keyboard,126576,36,1590,782,342
2024-10-26,Laptop,63987,19,993,136,157
2024-10-27,Mouse,81685,11,1490,647,376
2024-10-28,Mobile,111454,32,3489,768,331
2024-10-29,Laptop,106487,27,4339,497,261
2024-10-30,Headphones,55400,7,4579,124,268
2024-10-31,Keyboard,32852,0,2363,514,277
2024-11-01,Laptop,53756,36,3532,790,268
2024-11-02,Mobile,116357,21,2471,65,204
2024-11-03,Headphones,120052,5,3186,350,277
2024-11-04,Mobile,57481,20,4412,235,252
2024-11-05,Mobile,2283,31,1615,511,232
2024-11-06,Headphones,34691,34,3017,468,305
2024-11-07,Mobile,133197,14,2452,555,253
2024-11-08,Headphones,27170,4,1267,530,244
2024-11-09,Laptop,9438,5,210,477,159
2024-11-10,Headphones,21095,24,4427,566,351
2024-11-11,Headphones,148226,39,3755,555,327
2024-11-12,Keyboard,140076,28,3893,559,311
2024-11-13,Headphones,10752,6,1855,503,260
2024-11-14,Headphones,56426,39,1677,35,254
2024-11-15,Laptop,27819,12,1396,590,196
2024-11-16,Keyboard,93051,37,3874,262,325
2024-11-17,Mouse,33994,17,2320,226,301
2024-11-18,Laptop,147108,1,1072,290,173
2024-11-19,Laptop,98756,7,1130,780,224
2024-11-20,Mouse,141659,10,2693,798,401
2024-11-21,Headphones,96665,32,4092,724,415
2024-11-22,Mobile,132717,37,4713,749,387
2024-11-23,Keyboard,82835,26,1013,134,240
2024-11-24,Mobile,123232,19,2281,599,320
2024-11-25,Mouse,44732,11,3297,318,335
2024-11-26,Laptop,47305,30,1562,502,218
2024-11-27,Laptop,10346,26,2478,416,228
2024-11-28,Keyboard,1587,31,3554,413,303
2024-11-29,Laptop,13763,9,3653,94,165
2024-11-30,Laptop,70615,2,1407,501,202
2024-12-01,Keyboard,121987,26,1289,122,268
2024-12-02,Keyboard,92353,34,787,316,234
2024-12-03,Mouse,96648,30,4761,197,355
2024-12-04,Laptop,26556,14,1307,234,139
2024-12-05,Laptop,60042,15,1994,334,197
2024-12-06,Mouse,19099,12,1911,58,198
2024-12-07,Headphones,110089,34,3283,278,324
2024-12-08,Headphones,145302,10,3897,735,340
2024-12-09,Headphones,34866,20,1744,26,168
2024-12-10,Mouse,106400,10,4068,68,269
2024-12-11,Laptop,85246,29,2816,557,229
2024-12-12,Mouse,77975,34,290,180,247
2024-12-13,Mouse,82557,21,1435,195,260
2024-12-14,Headphones,138488,37,4903,610,480
2024-12-15,Mobile,73516,30,3206,21,232
2024-12-16,Laptop,33602,13,478,474,176
2024-12-17,Headphones,130295,23,4582,663,392
2024-12-18,Mobile,88969,31,3929,295,290
2024-12-19,Mobile,133161,35,715,517,261
2024-12-20,Keyboard,142559,31,2430,648,340
2024-12-21,Laptop,1155,14,1854,695,285
2024-12-22,Mobile,124950,34,563,47,244
2024-12-23,Headphones,68494,2,1066,352,273
2024-12-24,Keyboard,77229,15,4367,20,239
2024-12-25,Laptop,105648,4,3258,207,185
2024-12-26,Mouse,39547,20,3724,75,382
2024-12-27,Headphones,29795,9,789,566,302
2024-12-28,Mobile,22447,18,2722,131,267
2024-12-29,Mobile,88960,24,2312,329,298
2024-12-30,Headphones,64278,3,482,55,201
2024-12-31,Mobile,56077,28,2356,458,257
2025-01-01,Keyboard,113782,18,3910,748,314
2025-01-02,Laptop,103932,1,3603,611,250
2025-01-03,Keyboard,141600,9,1512,614,250
2025-01-04,Mobile,110869,24,1683,596,279
2025-01-05,Mouse,140251,19,471,344,270
2025-01-06,Laptop,49781,18,710,659,191
2025-01-07,Laptop,54798,22,215,326,138
2025-01-08,Headphones,99696,23,546,553,278
2025-01-09,Headphones,51939,10,1491,747,288
2025-01-10,Mouse,30516,33,3424,638,406
2025-01-11,Laptop,142521,27,1440,128,145
2025-01-12,Mouse,51290,4,4610,391,337
2025-01-13,Headphones,127688,4,3039,376,285
2025-01-14,Headphones,87661,20,3799,200,309
2025-01-15,Laptop,73954,11,1173,375,173
2025-01-16,Keyboard,23746,3,4913,695,376
2025-01-17,Mobile,68990,19,3669,87,239
2025-01-18,Headphones,59810,37,3250,311,410
2025-01-19,Headphones,119362,24,1705,711,402
2025-01-20,Keyboard,147295,13,4757,200,322
2025-01-21,Keyboard,134669,10,2394,485,306
2025-01-22,Mouse,3659,31,3762,453,433
2025-01-23,Mouse,87516,10,4582,483,385
2025-01-24,Mobile,75567,17,4897,700,391
2025-01-25,Mobile,16037,26,1083,553,291
2025-01-26,Laptop,127498,17,451,85,138
2025-01-27,Mouse,13109,22,1824,40,311
2025-01-28,Headphones,23010,10,2051,631,325
2025-01-29,Mouse,9787,20,1379,403,312
2025-01-30,Headphones,140544,4,2007,634,289
2025-01-31,Keyboard,62709,22,4948,578,370
2025-02-01,Mouse,35518,24,1124,58,291
2025-02-02,Keyboard,54909,9,645,304,271
2025-02-03,Mobile,19351,21,4274,621,300
2025-02-04,Mobile,16282,18,2481,616,258
2025-02-05,Laptop,6075,0,988,355,137
2025-02-06,Mouse,29365,6,1205,207,240
2025-02-07,Keyboard,12002,3,2649,690,280
2025-02-08,Headphones,14947,0,2090,262,268
2025-02-09,Mobile,95840,14,4098,92,227
2025-02-10,Mobile,117219,39,3875,498,289
2025-02-11,Headphones,79610,11,2912,580,302
2025-02-12,Keyboard,53142,21,1020,120,175
2025-02-13,Keyboard,57307,21,4745,533,342
2025-02-14,Mouse,136565,16,2161,775,391
2025-02-15,Mouse,51085,28,4587,195,420
2025-02-16,Laptop,35228,13,3739,257,250
2025-02-17,Mobile,44472,19,3265,78,262
2025-02-18,Mouse,50437,32,4535,118,403
2025-02-19,Keyboard,60711,14,2744,514,299
2025-02-20,Headphones,138888,11,4952,533,403
2025-02-21,Keyboard,78175,39,1145,774,371
2025-02-22,Mobile,65307,19,3656,316,314
2025-02-23,Keyboard,47733,29,2781,230,336
2025-02-24,Laptop,129202,37,3299,142,211
2025-02-25,Mobile,96028,2,1038,248,199
2025-02-26,Headphones,143312,27,541,613,348
2025-02-27,Laptop,93493,25,2650,675,272
2025-02-28,Mobile,126149,29,4325,407,326
2025-03-01,Headphones,9259,12,696,159,262
2025-03-02,Laptop,129775,12,1605,560,244
2025-03-03,Laptop,15849,1,961,410,149
2025-03-04,Mobile,82768,36,2740,289,236
2025-03-05,Mouse,107108,37,3831,778,451
2025-03-06,Laptop,90709,1,1651,31,102
2025-03-07,Laptop,55869,35,3336,408,234
2025-03-08,Headphones,127888,25,1836,356,281
2025-03-09,Keyboard,64095,10,1549,525,295
2025-03-10,Mobile,118886,7,364,125,156
2025-03-11,Mobile,71910,39,2759,51,199
2025-03-12,Mouse,24567,21,2821,93,272
2025-03-13,Mouse,36292,19,1562,190,310
2025-03-14,Mobile,75813,7,4352,88,221
2025-03-15,Mouse,98136,28,1545,381,372
2025-03-16,Headphones,52631,39,2398,668,412
2025-03-17,Mobile,10885,25,3025,452,293
2025-03-18,Mouse,67314,29,1732,119,334
2025-03-19,Mobile,66087,16,2474,677,328
2025-03-20,Keyboard,96998,19,612,28,199
2025-03-21,Laptop,50812,15,315,593,187
2025-03-22,Mobile,59643,6,3431,716,366
2025-03-23,Laptop,45900,15,2272,48,201
2025-03-24,Mouse,139923,26,3253,133,364
2025-03-25,Laptop,17288,22,1806,481,247
2025-03-26,Mobile,73692,23,2206,162,252
2025-03-27,Keyboard,139440,8,1667,409,296
2025-03-28,Mouse,86436,34,2308,651,447
2025-03-29,Mobile,47403,19,2431,701,308
2025-03-30,Mouse,92170,36,2253,176,406
2025-03-31,Headphones,10168,16,1228,354,310
2025-04-01,Laptop,50879,30,3610,279,211
2025-04-02,Headphones,60871,7,4423,101,286
2025-04-03,Mobile,33174,14,3753,773,326
2025-04-04,Keyboard,138653,30,2465,460,253
2025-04-05,Mouse,111155,29,4997,191,423
2025-04-06,Laptop,72853,19,3021,250,188
2025-04-07,Mouse,65046,38,4667,739,457
2025-04-08,Mobile,50678,11,1179,94,161
2025-04-09,Mouse,27649,16,3611,289,342
2025-04-10,Laptop,128795,29,2841,645,258
2025-04-11,Mobile,89668,28,3120,81,221
2025-04-12,Mouse,146639,18,328,339,302
2025-04-13,Keyboard,90906,10,270,121,218
2025-04-14,Mobile,97019,33,394,448,217
2025-04-15,Mobile,79002,6,4384,741,348
2025-04-16,Keyboard,29803,33,525,274,246
2025-04-17,Headphones,149934,19,1018,551,357
2025-04-18,Laptop,31795,37,3353,589,289
2025-04-19,Headphones,9770,23,598,131,334
2025-04-20,Mouse,12093,9,2909,332,404
2025-04-21,Keyboard,132265,31,925,480,294
2025-04-22,Headphones,101311,14,3879,727,417
2025-04-23,Mobile,18569,36,1958,481,326
2025-04-24,Mouse,12190,19,2218,111,346
2025-04-25,Mouse,63824,2,245,71,272
2025-04-26,Headphones,43070,36,4665,539,503
2025-04-27,Headphones,41197,39,3677,117,399
2025-04-28,Keyboard,3261,7,292,255,205
2025-04-29,Laptop,138788,39,3988,393,265
2025-04-30,Headphones,87795,22,151,600,284
2025-05-01,Headphones,29933,39,2510,576,411
2025-05-02,Mobile,136450,10,1920,668,280
2025-05-03,Mouse,41583,7,3064,253,349
2025-05-04,Laptop,113082,28,2621,51,150
2025-05-05,Mobile,86371,29,1969,308,250
2025-05-06,Keyboard,112032,9,2668,657,327
2025-05-07,Keyboard,43604,38,1967,598,287
2025-05-08,Headphones,96074,27,2838,561,351
2025-05-09,Headphones,74869,35,3369,133,300
2025-05-10,Keyboard,6410,12,3299,223,245
2025-05-11,Headphones,84375,31,2679,48,313
2025-05-12,Laptop,97055,35,4105,662,300
2025-05-13,Headphones,138868,36,340,493,305
2025-05-14,Mouse,87716,25,3540,716,443
2025-05-15,Headphones,55245,21,4731,272,331
2025-05-16,Mobile,44056,3,1507,405,205
2025-05-17,Laptop,149781,30,3602,81,222
2025-05-18,Mobile,59557,17,4138,534,351
2025-05-19,Mobile,18543,37,182,449,255
2025-05-20,Mouse,97038,23,3868,599,461
2025-05-21,Laptop,148796,22,1050,556,231
2025-05-22,Laptop,4828,21,710,710,252
2025-05-23,Laptop,117656,1,4769,160,216
2025-05-24,Laptop,18087,30,3705,762,343
2025-05-25,Laptop,144677,10,4654,319,255
2025-05-26,Mouse,32337,27,3383,694,487
2025-05-27,Headphones,137554,31,2273,330,339
2025-05-28,Mobile,66333,4,3584,490,317
2025-05-29,Laptop,137535,37,1622,412,214
2025-05-30,Headphones,71448,9,2701,661,328
2025-05-31,Headphones,5648,39,2757,464,422
2025-06-01,Mobile,131576,23,2259,777,331
2025-06-02,Mouse,34623,34,2549,191,336
2025-06-03,Keyboard,36634,22,3930,595,345
2025-06-04,Keyboard,115598,16,221,50,165
2025-06-05,Headphones,50334,0,4468,66,243
2025-06-06,Mobile,69648,30,1417,149,204
2025-06-07,Keyboard,23054,30,4593,371,333
2025-06-08,Headphones,71028,33,2618,641,390
2025-06-09,Mouse,23207,8,1330,600,270
2025-06-10,Keyboard,82554,21,1233,77,199
2025-06-11,Headphones,84276,12,1401,125,217
2025-06-12,Headphones,53781,24,4134,349,364
2025-06-13,Laptop,62035,17,2010,787,261
2025-06-14,Mouse,9210,11,1605,702,391
2025-06-15,Laptop,45363,39,3285,402,269
2025-06-16,Mobile,79279,16,2016,181,204
2025-06-17,Laptop,135393,14,3648,305,245
2025-06-18,Laptop,82348,14,2857,90,204
2025-06-19,Keyboard,114816,14,2056,786,349
2025-06-20,Headphones,124053,38,278,473,374
2025-06-21,Mouse,67262,12,996,586,386
2025-06-22,Laptop,135832,16,1651,416,208
2025-06-23,Mouse,68411,31,591,534,381
2025-06-24,Laptop,24377,8,160,45,115
2025-06-25,Mobile,39211,39,1177,332,255
2025-06-26,Laptop,4744,19,2995,145,194
2025-06-27,Keyboard,25995,25,4260,427,341
2025-06-28,Headphones,149049,26,3783,584,404
2025-06-29,Mobile,35542,20,685,217,220
2025-06-30,Laptop,11651,17,4060,207,216
2025-07-01,Mouse,100239,12,3870,717,388
2025-07-02,Mobile,79931,15,634,735,266
2025-07-03,Mobile,103112,8,3562,503,243
2025-07-04,Laptop,17715,11,4111,469,237
2025-07-05,Mobile,146448,37,3498,542,295
2025-07-06,Mouse,62350,18,2255,373,302
2025-07-07,Mobile,72425,6,1104,677,221
2025-07-08,Mouse,87120,34,2599,616,346
2025-07-09,Laptop,115889,17,426,119,99
2025-07-10,Headphones,142130,15,4803,635,359
2025-07-11,Mobile,75637,38,2806,577,304
2025-07-12,Headphones,71194,3,101,575,269
2025-07-13,Mouse,77917,24,1133,297,301
2025-07-14,Mobile,65200,31,2581,712,329
2025-07-15,Keyboard,106848,39,224,718,296
2025-07-16,Headphones,107022,12,1204,645,317
2025-07-17,Mobile,149226,16,2799,510,287
2025-07-18,Headphones,61058,36,1961,274,333
2025-07-19,Mobile,63068,5,3020,400,296
2025-07-20,Laptop,100932,18,228,561,216
2025-07-21,Headphones,138103,12,537,283,252
2025-07-22,Keyboard,23785,25,4946,629,420
2025-07-23,Keyboard,95475,13,2648,348,282
2025-07-24,Mouse,3282,30,3229,134,351
2025-07-25,Mobile,68534,3,1321,295,217
2025-07-26,Headphones,75964,38,1001,507,381
2025-07-27,Mouse,120006,7,3268,300,354
2025-07-28,Headphones,51583,24,4586,294,381
2025-07-29,Mobile,39392,12,4018,792,323
2025-07-30,Keyboard,8461,31,1167,738,299
2025-07-31,Laptop,101123,37,126,347,154
2025-08-01,Keyboard,11516,37,647,230,230
2025-08-02,Mouse,149586,27,2768,746,378
2025-08-03,Laptop,122251,29,666,571,167
2025-08-04,Mouse,63493,2,803,45,171
2025-08-05,Mobile,37027,27,4380,46,192
2025-08-06,Laptop,94547,2,3240,721,232
2025-08-07,Mouse,101127,33,1690,102,261
2025-08-08,Mobile,149930,15,4794,701,301
2025-08-09,Keyboard,80003,21,905,432,224
2025-08-10,Mobile,40758,31,3891,186,261
2025-08-11,Headphones,55312,37,1457,719,355
2025-08-12,Mobile,69670,7,3325,188,186
2025-08-13,Mobile,83279,7,3718,248,244
2025-08-14,Headphones,16434,5,2226,628,323
2025-08-15,Mouse,76769,13,2560,386,335
2025-08-16,Mouse,67677,31,645,547,403
2025-08-17,Mobile,84555,34,2828,666,380
2025-08-18,Headphones,129379,9,3834,557,349
2025-08-19,Headphones,102665,2,2662,543,320
2025-08-20,Keyboard,69803,11,2179,91,216
2025-08-21,Mouse,92703,30,2741,664,417
2025-08-22,Laptop,22312,28,3214,125,214
2025-08-23,Mouse,118961,4,2026,751,370
2025-08-24,Mouse,41379,24,716,708,385
2025-08-25,Keyboard,18297,30,3744,301,323
2025-08-26,Laptop,3011,20,1303,152,158
2025-08-27,Keyboard,121234,19,1859,553,272
2025-08-28,Laptop,45014,38,2665,288,210
2025-08-29,Mobile,143810,21,3274,431,264
2025-08-30,Laptop,95333,3,3181,692,271
2025-08-31,Keyboard,12120,12,2730,638,302
2025-09-01,Mouse,140839,19,3261,766,379
2025-09-02,Laptop,23852,12,4421,37,205
2025-09-03,Laptop,80239,16,769,773,213
2025-09-04,Headphones,133001,35,3268,136,264
2025-09-05,Mouse,92575,32,2221,163,274
2025-09-06,Mobile,96040,0,4178,736,296
2025-09-07,Keyboard,149510,14,4251,570,351
2025-09-08,Mobile,6744,12,819,685,230
2025-09-09,Mouse,139141,16,2700,707,338
2025-09-10,Laptop,43359,23,3698,772,261
2025-09-11,Laptop,99746,7,4769,441,253
2025-09-12,Mouse,121906,26,766,388,303
2025-09-13,Laptop,8597,22,383,665,205
2025-09-14,Laptop,48093,7,4003,577,270
2025-09-15,Laptop,115650,7,3665,69,145
2025-09-16,Keyboard,121956,25,2334,697,330
2025-09-17,Keyboard,116598,12,4693,125,279
2025-09-18,Headphones,134241,38,1565,235,334
2025-09-19,Mobile,9036,36,229,677,264
2025-09-20,Mouse,32778,27,4834,444,432
2025-09-21,Mouse,138416,24,2160,91,322
2025-09-22,Mouse,19800,15,3772,778,395
2025-09-23,Headphones,26372,1,2594,465,314
2025-09-24,Keyboard,62516,17,1092,205,236
2025-09-25,Headphones,21538,16,2221,89,251
2025-09-26,Mouse,64918,29,2684,169,325
2025-09-27,Mobile,147045,38,4296,265,299
2025-09-28,Laptop,72155,12,2323,793,254
2025-09-29,Keyboard,60500,31,4622,557,326
2025-09-30,Keyboard,111659,28,3288,671,309
2025-10-01,Headphones,28716,29,3337,118,237
2025-10-02,Keyboard,135308,17,4236,297,262
2025-10-03,Mouse,147920,12,4624,582,343
2025-10-04,Mouse,3352,20,443,682,323
2025-10-05,Headphones,134004,29,4561,474,357
2025-10-06,Mouse,77449,20,4804,123,288
2025-10-07,Mobile,9556,16,4923,620,287
2025-10-08,Headphones,87836,39,2376,672,339
2025-10-09,Mobile,137570,18,3301,744,305
2025-10-10,Laptop,51098,14,988,252,118
2025-10-11,Mobile,113169,8,2143,413,236
2025-10-12,Laptop,141641,9,1441,520,201
2025-10-13,Laptop,127060,30,3820,714,269
2025-10-14,Mobile,131544,22,2983,270,232
2025-10-15,Headphones,1340,29,4312,540,386
2025-10-16,Mouse,83302,32,2515,98,300
2025-10-17,Mouse,1138,8,1217,71,250
2025-10-18,Laptop,132430,0,4363,245,206
2025-10-19,Laptop,120619,34,3101,70,217
2025-10-20,Headphones,86376,10,1838,205,297
2025-10-21,Keyboard,100931,33,1464,53,217
2025-10-22,Mobile,82532,15,2808,761,320
2025-10-23,Laptop,56778,8,4890,150,197
2025-10-24,Mouse,38772,31,1024,651,380
2025-10-25,Headphones,59478,14,251,462,270
2025-10-26,Mobile,27762,11,685,778,281
2025-10-27,Headphones,145355,32,1012,451,279
2025-10-28,Mobile,56568,13,2421,723,273
2025-10-29,Mobile,86090,7,595,516,184
2025-10-30,Laptop,21219,7,3895,422,225
2025-10-31,Headphones,58169,26,2248,342,258
2025-11-01,Headphones,75965,11,656,229,228
2025-11-02,Mouse,85754,0,1652,634,294
2025-11-03,Mouse,78988,39,2220,348,301
2025-11-04,Laptop,133379,10,3185,391,193
2025-11-05,Laptop,81388,38,3604,479,219
2025-11-06,Keyboard,91768,30,256,152,177
2025-11-07,Mouse,36428,16,834,670,320
2025-11-08,Mobile,93021,32,4754,140,257
2025-11-09,Headphones,119418,31,3376,625,401
2025-11-10,Laptop,133212,28,254,471,190
2025-11-11,Headphones,27421,20,1096,148,220
2025-11-12,Headphones,2708,20,2394,110,237
2025-11-13,Keyboard,135702,39,4726,623,384
2025-11-14,Mouse,77021,22,3005,594,375
2025-11-15,Laptop,45789,5,4924,48,233
2025-11-16,Headphones,27086,21,1277,741,386
2025-11-17,Laptop,17859,37,253,543,191
2025-11-18,Mobile,8684,36,4287,352,296
2025-11-19,Keyboard,92088,7,1816,316,261
2025-11-20,Mobile,133279,34,3302,149,252
2025-11-21,Laptop,47099,10,2957,312,200
2025-11-22,Laptop,67093,23,886,192,179
2025-11-23,Mouse,49651,20,4468,739,461
2025-11-24,Headphones,14893,1,4372,43,265
2025-11-25,Headphones,67418,39,3867,118,324
2025-11-26,Mobile,126074,18,2978,425,267
2025-11-27,Keyboard,104065,38,742,375,257
2025-11-28,Headphones,131351,27,4762,158,307
2025-11-29,Mouse,39635,16,765,522,314
2025-11-30,Mobile,96071,5,3526,193,216
2025-12-01,Mobile,79518,18,3883,48,180
2025-12-02,Mouse,107233,37,3801,515,370
2025-12-03,Keyboard,104651,27,1169,674,297
2025-12-04,Mouse,73805,1,2449,370,247
2025-12-05,Keyboard,123813,37,4603,573,324
2025-12-06,Mouse,80063,36,1312,318,309
2025-12-07,Mouse,3454,3,1252,739,339
2025-12-08,Laptop,21878,21,2611,211,175
2025-12-09,Mobile,145063,25,243,691,242
2025-12-10,Mouse,69344,35,2589,83,290
2025-12-11,Mouse,105946,12,3328,774,390
2025-12-12,Headphones,37593,31,4682,789,411
2025-12-13,Mobile,37304,16,3305,683,335
2025-12-14,Headphones,114613,35,4343,234,414
2025-12-15,Mobile,19354,18,3242,185,227
2025-12-16,Headphones,23190,34,3404,562,380
2025-12-17,Mouse,7142,39,1457,251,385
2025-12-18,Mouse,42862,27,2813,560,402
2025-12-19,Laptop,126438,0,4285,214,225
2025-12-20,Headphones,49456,17,1457,525,362
2025-12-21,Keyboard,101167,39,4394,353,387
2025-12-22,Laptop,83035,32,4733,787,335
2025-12-23,Headphones,9016,11,3292,323,304
2025-12-24,Headphones,3384,7,400,456,269
2025-12-25,Laptop,147144,23,823,342,162
2025-12-26,Mouse,103239,15,3110,521,337
2025-12-27,Headphones,112431,3,167,412,264
2025-12-28,Mouse,81018,37,3936,618,447
2025-12-29,Laptop,41510,26,4093,168,196
2025-12-30,Mouse,22826,8,2606,780,333
2025-12-31,Mobile,69026,15,1637,424,240
2026-01-01,Keyboard,122668,11,497,302,202
2026-01-02,Headphones,25045,30,4815,381,357
2026-01-03,Keyboard,91102,23,3457,398,294
2026-01-04,Mouse,52919,13,1263,217,245
2026-01-05,Headphones,100441,24,4925,575,399
2026-01-06,Mouse,137917,33,655,375,295
2026-01-07,Mobile,119325,2,3761,559,261
2026-01-08,Laptop,20337,23,1851,448,204
2026-01-09,Headphones,78949,8,3041,36,264
2026-01-10,Mobile,1276,25,2757,658,329
2026-01-11,Mobile,52151,19,2895,398,309
2026-01-12,Headphones,149683,39,2429,699,426
2026-01-13,Mouse,144016,9,2059,525,334
2026-01-14,Mobile,53887,18,1701,775,301
2026-01-15,Keyboard,82442,2,2893,95,252
2026-01-16,Mobile,50847,23,1580,250,202
2026-01-17,Mouse,59653,4,1202,735,401
2026-01-18,Mouse,57622,2,3376,267,350
2026-01-19,Keyboard,28810,26,1399,321,277
2026-01-20,Mobile,78842,15,3979,745,348
2026-01-21,Mouse,123225,14,1635,234,312
2026-01-22,Headphones,11503,34,177,177,279
2026-01-23,Laptop,85761,11,2931,88,153
2026-01-24,Laptop,127439,25,3510,412,290
2026-01-25,Laptop,12590,33,2821,104,227
2026-01-26,Mobile,142958,22,3727,286,248
2026-01-27,Keyboard,144938,30,1632,88,248
2026-01-28,Mouse,67624,19,337,630,311
2026-01-29,Headphones,141836,11,2096,366,274
2026-01-30,Headphones,121356,22,3527,747,371
2026-01-31,Mobile,43727,3,377,692,230
2026-02-01,Laptop,79471,22,3189,442,245
2026-02-02,Mobile,9068,0,623,625,216
2026-02-03,Keyboard,117923,24,4375,193,266
2026-02-04,Keyboard,139367,1,4318,696,301
2026-02-05,Mouse,12390,29,3222,134,302
2026-02-06,Mouse,107752,2,4675,239,292
2026-02-07,Keyboard,95754,20,1897,50,238
2026-02-08,Keyboard,76969,24,2231,542,313
