Date,Forecasted_Demand
2026-02-09,300.14
2026-02-10,299.57
2026-02-11,301.8
2026-02-12,299.96
2026-02-13,295.8
2026-02-14,319.64
2026-02-15,315.56
2026-02-16,304.76
2026-02-17,300.17
2026-02-18,295.66
2026-02-19,299.48
2026-02-20,299.39
2026-02-21,314.48
2026-02-22,306.01
2026-02-23,292.12
2026-02-24,289.67
2026-02-25,291.25
2026-02-26,291.86
2026-02-27,295.46
2026-02-28,307.87
2026-03-01,313.3
2026-03-02,287.89
2026-03-03,289.27
2026-03-04,288.98
2026-03-05,291.86
2026-03-06,294.18
2026-03-07,308.98
2026-03-08,309.7
2026-03-09,288.44
2026-03-10,292.32
