Mobile_ID,Battery_Power_mAh,Internal_Memory_GB,RAM_GB,Mobile_Weight_g,Screen_Width_px,Screen_Height_px,Front_Camera_MP,Rear_Camera_MP,Bluetooth,WiFi,Four_G,Touch_Screen,Dual_SIM,Price_Range
10001,1560,128,2,163,1238,1457,21,37,0,1,1,0,0,High
10002,4472,128,2,246,810,2125,15,66,1,0,1,1,1,Very High
10003,3792,512,16,187,632,2084,16,105,0,0,1,1,1,Very High
10004,1166,128,6,230,934,537,27,51,0,1,0,1,1,Very High
10005,4144,64,4,218,1238,1609,6,99,0,1,1,0,1,Very High
10006,3871,256,8,182,1132,1833,27,39,1,1,1,1,0,Very High
10007,3619,128,3,137,1259,1247,5,69,1,0,1,1,0,Very High
10008,830,32,6,153,1431,1162,3,76,0,1,0,1,1,Very High
10009,2385,512,3,150,999,2488,8,80,1,1,1,1,1,Very High
10010,1469,32,6,246,754,2270,11,87,0,0,1,1,1,Very High
10011,3091,16,4,128,1001,1957,17,29,0,1,1,0,1,High
10012,3133,256,4,217,1393,1365,11,61,1,1,1,0,0,Very High
10013,1884,128,16,177,659,876,19,36,1,1,1,1,1,Very High
10014,4085,32,16,115,666,2018,18,67,1,1,0,0,0,Very High
10015,4817,256,4,106,965,2553,31,16,1,0,0,1,1,Very High
10016,3604,16,12,160,968,792,22,67,0,1,1,1,1,Very High
10017,1174,64,4,102,564,2068,29,81,0,1,0,1,1,Very High
10018,1782,512,2,158,428,1701,14,96,1,1,1,0,1,Very High
10019,3258,256,2,115,852,1290,2,5,1,1,1,1,1,Very High
10020,2747,256,12,138,1433,2512,2,55,0,1,1,1,1,Very High
10021,3447,64,8,96,615,1987,16,74,0,1,0,0,1,Very High
10022,1675,256,3,147,431,929,2,12,0,0,0,0,0,Medium
10023,2506,16,6,138,662,2374,7,72,0,0,0,1,1,Very High
10024,889,16,6,192,420,1857,26,9,1,0,0,0,1,Medium
10025,3434,64,12,142,948,1076,27,93,1,1,1,1,1,Very High
10026,3705,512,2,151,347,1095,14,90,1,1,0,0,1,Very High
10027,2599,128,16,106,1256,1427,28,96,0,1,1,1,1,Very High
10028,1967,32,6,114,377,2061,29,43,0,0,1,1,0,Very High
10029,2228,128,2,220,616,1035,2,27,1,1,1,1,1,High
10030,3902,256,8,118,453,757,6,72,1,0,0,1,1,Very High
10031,4256,32,3,206,568,2493,32,56,1,1,0,1,1,Very High
10032,4590,64,8,249,1340,970,10,8,0,1,0,0,1,High
10033,1346,64,12,115,869,734,31,51,1,0,1,1,0,Very High
10034,3588,512,4,213,1221,1371,26,25,0,0,1,1,0,Very High
10035,3135,32,4,233,1418,1021,18,105,1,0,1,1,0,Very High
10036,1300,16,4,114,1153,1767,17,60,1,0,1,1,1,Very High
10037,3063,32,8,143,1090,2113,9,70,1,0,1,1,1,Very High
10038,2761,256,6,245,465,1304,18,63,0,0,1,1,1,Very High
10039,941,16,3,162,1212,1832,16,11,0,1,1,1,1,High
10040,2741,64,4,209,663,760,25,53,0,0,1,1,1,Very High
10041,3524,32,12,145,1378,1778,2,20,0,1,0,1,1,Very High
10042,3312,128,12,154,1021,1252,13,21,0,1,1,1,1,Very High
10043,2063,512,4,182,320,807,6,88,0,1,1,1,1,Very High
10044,2178,128,4,175,472,1402,25,91,1,1,1,1,1,Very High
10045,3256,512,3,169,748,1031,7,102,0,1,1,1,0,Very High
10046,1475,256,4,197,827,2553,26,79,1,0,1,1,1,Very High
10047,4714,128,3,207,810,2554,2,38,0,0,1,0,1,Very High
10048,734,32,12,246,664,1181,26,37,1,0,1,1,1,High
10049,3852,32,4,172,540,2399,2,30,1,1,1,0,1,Medium
10050,2655,128,8,236,1042,646,11,70,0,0,1,0,1,Very High
10051,2285,32,16,104,1368,648,11,67,1,1,1,1,1,Very High
10052,4643,256,8,220,847,708,4,91,0,1,1,1,1,Very High
10053,3773,16,12,228,1160,2482,18,45,0,1,1,1,0,Very High
10054,1721,256,3,119,1385,846,20,90,0,1,1,1,1,Very High
10055,4161,512,8,146,800,1007,29,62,0,0,1,1,1,Very High
10056,3313,256,3,235,1249,1270,12,102,1,0,1,0,1,Very High
10057,4543,512,8,217,1191,1003,30,83,0,0,1,1,1,Very High
10058,2200,32,8,137,664,1575,19,14,1,0,0,1,1,High
10059,861,16,3,225,364,2148,3,19,1,0,1,1,1,Medium
10060,4997,32,6,111,340,2388,10,46,1,1,0,1,0,Very High
10061,2681,64,8,95,1413,1785,25,97,0,0,1,1,1,Very High
10062,1695,32,4,193,1192,612,18,61,1,1,1,1,1,High
10063,4042,512,16,125,367,2122,29,91,0,1,1,1,1,Very High
10064,4498,32,12,168,870,2368,15,21,1,1,0,1,1,Very High
10065,1975,32,6,205,606,2250,5,64,0,0,1,1,1,Very High
10066,1716,16,3,146,1321,497,30,13,0,1,1,1,1,Medium
10067,1037,32,6,138,1353,2257,18,40,0,1,1,1,1,High
10068,1578,16,2,171,861,596,18,77,0,0,0,1,1,High
10069,1776,128,2,155,1075,1277,13,84,1,1,1,1,1,Very High
10070,4693,64,8,166,593,2191,29,40,1,1,1,1,1,Very High
10071,1079,16,8,134,1275,1232,21,52,0,1,0,1,1,Very High
10072,1192,512,4,168,919,1872,19,55,1,0,1,1,1,Very High
10073,2762,128,16,109,700,1157,4,101,0,1,1,1,0,Very High
10074,4584,16,12,212,798,585,12,99,0,1,1,1,1,Very High
10075,764,16,6,156,334,1137,26,74,1,0,1,1,1,Very High
10076,3268,64,2,172,835,2426,19,78,0,0,1,0,1,Very High
10077,2727,512,8,92,510,1928,5,84,0,1,1,1,1,Very High
10078,3395,256,12,153,940,1575,18,72,0,0,1,1,1,Very High
10079,2195,256,6,129,473,1467,19,26,0,0,1,1,1,Very High
10080,1091,16,8,148,591,2288,6,81,0,0,0,0,0,Very High
10081,4261,32,8,151,462,2262,15,84,1,0,1,1,1,Very High
10082,2978,512,2,221,1412,925,11,97,1,0,1,1,1,Very High
10083,3799,128,2,149,566,2428,16,10,1,0,1,1,1,High
10084,900,32,8,205,1107,2477,2,30,0,0,1,1,1,High
10085,3804,32,3,164,398,1253,17,79,0,1,1,1,1,Very High
10086,3154,512,8,211,942,2041,12,92,0,0,1,1,1,Very High
10087,4345,16,12,196,844,2155,24,97,0,0,0,1,0,Very High
10088,1504,16,8,185,1091,1602,21,7,0,0,1,1,1,High
10089,3431,16,4,180,1257,1781,7,56,0,1,1,0,0,Very High
10090,3473,16,16,247,1438,2066,25,78,1,0,1,1,1,Very High
10091,2270,256,4,219,936,2166,30,64,0,0,0,1,0,Very High
10092,3390,16,4,151,1351,1423,23,67,1,1,1,1,1,Very High
10093,4540,256,3,138,386,934,17,69,0,0,0,1,1,Very High
10094,1728,256,3,226,510,1607,31,56,1,1,0,1,1,Very High
10095,1202,16,8,181,1087,1425,3,94,0,1,0,1,1,Very High
10096,1570,64,4,248,840,1080,2,80,1,0,1,1,1,Very High
10097,906,128,3,213,1309,1204,25,18,1,1,1,1,1,High
10098,2184,32,2,150,586,1897,25,93,0,0,1,1,1,Very High
10099,1563,256,8,137,804,2004,10,76,0,0,1,1,1,Very High
10100,3490,512,12,242,695,730,23,72,1,1,1,1,1,Very High
10101,1263,512,16,225,972,2024,13,32,0,1,1,1,0,Very High
10102,4891,128,6,147,868,558,18,75,0,0,1,1,0,Very High
10103,2457,512,8,190,1417,1377,31,14,0,0,1,0,1,Very High
10104,2378,64,6,201,392,1260,26,61,1,1,1,1,1,Very High
10105,3942,512,4,151,627,705,29,104,0,0,1,1,1,Very High
10106,1759,32,16,128,518,1554,30,70,1,0,1,1,1,Very High
10107,2422,32,6,147,891,1689,16,94,1,0,1,0,1,Very High
10108,4014,256,4,188,1110,1537,31,54,0,1,1,1,1,Very High
10109,3857,16,2,133,498,1282,20,18,1,0,0,0,1,Medium
10110,3325,64,6,118,516,1221,28,20,0,0,1,1,1,Very High
10111,3429,256,16,148,1054,1183,23,58,0,0,1,1,0,Very High
10112,2297,64,8,160,408,1906,11,47,1,1,1,1,0,Very High
10113,3760,16,4,181,1118,1094,30,46,1,1,1,0,1,Very High
10114,3393,512,8,98,1107,808,27,85,1,1,1,1,1,Very High
10115,4327,512,16,216,1067,1875,32,26,1,0,1,0,1,Very High
10116,2063,16,3,223,528,1963,28,72,1,1,1,1,0,Very High
10117,2681,256,4,246,812,612,13,23,0,0,0,1,1,Very High
10118,2363,16,6,234,984,1314,15,70,1,1,1,1,0,Very High
10119,2229,128,4,233,1356,600,32,43,0,0,1,1,0,Very High
10120,2738,32,8,220,1190,1955,10,77,0,1,0,1,1,Very High
10121,4002,256,2,110,1051,1444,28,23,1,0,1,1,1,Very High
10122,2937,64,4,153,1017,608,14,20,1,0,1,1,1,High
10123,2006,128,6,179,913,2078,4,58,1,1,1,0,1,Very High
10124,4729,256,3,125,1205,2556,22,29,1,0,1,1,1,Very High
10125,3375,16,12,151,1171,2027,30,22,1,1,1,1,1,Very High
10126,1982,16,2,165,644,812,15,27,0,1,1,0,1,Medium
10127,1409,16,3,102,1298,1633,22,89,0,0,1,0,1,Very High
10128,4448,16,4,100,1275,1796,11,15,0,0,1,1,1,Very High
10129,1363,64,8,143,1213,1676,17,43,1,1,0,1,0,High
10130,2698,128,16,105,463,1909,8,72,1,1,1,1,1,Very High
10131,4145,512,8,97,703,835,5,29,0,1,0,1,0,Very High
10132,4443,32,6,193,535,618,28,67,1,0,0,1,0,Very High
10133,2195,64,8,148,643,2006,21,100,1,1,1,1,1,Very High
10134,4004,64,2,146,1358,1677,24,34,1,0,1,1,1,Very High
10135,4463,512,8,129,536,508,26,49,0,0,1,1,0,Very High
10136,2553,512,6,219,1270,1410,32,94,1,1,0,1,0,Very High
10137,1991,32,12,183,502,1493,12,65,0,1,1,1,1,Very High
10138,4281,32,4,227,589,1307,17,104,1,0,1,1,1,Very High
10139,4157,512,16,133,1264,830,21,55,1,0,1,1,1,Very High
10140,2336,16,4,228,1189,2504,5,102,0,0,1,0,1,Very High
10141,4396,64,8,169,786,778,23,13,1,0,1,0,1,Very High
10142,3699,256,3,170,624,2223,23,80,1,1,1,1,1,Very High
10143,3852,32,4,91,430,2345,24,6,1,0,0,1,1,High
10144,1398,32,12,229,1333,1695,32,106,0,1,1,1,0,Very High
10145,2860,512,8,204,551,2175,18,9,1,1,1,1,1,Very High
10146,4797,128,16,179,914,1234,14,66,1,1,1,0,1,Very High
10147,1554,256,6,112,492,1249,12,73,1,0,1,1,0,Very High
10148,4174,256,12,235,1292,1718,31,56,1,0,1,1,1,Very High
10149,2407,32,8,151,1350,1313,4,90,1,1,0,1,0,Very High
10150,3477,16,12,202,865,2386,10,9,0,1,0,1,0,High
10151,2433,128,4,217,867,2044,7,63,0,1,1,1,1,Very High
10152,4210,256,16,151,837,1698,23,72,1,1,1,1,1,Very High
10153,902,32,6,127,1233,985,22,13,1,0,1,1,1,Medium
10154,3955,256,8,150,534,1837,12,97,0,1,1,1,1,Very High
10155,4918,128,2,218,453,1940,17,26,1,0,1,1,1,Very High
10156,1466,128,6,245,604,1896,20,31,1,0,1,1,1,High
10157,3027,64,2,238,1005,1652,28,14,1,0,1,1,1,High
10158,3631,512,12,211,650,1240,6,84,1,0,1,1,0,Very High
10159,897,512,3,199,1213,1312,15,65,1,1,0,1,1,Very High
10160,2630,32,6,102,1218,1908,18,55,1,0,1,1,1,Very High
10161,4282,128,12,244,1418,762,4,14,1,1,1,1,0,Very High
10162,1308,64,2,189,397,858,5,10,1,0,1,1,0,Medium
10163,3972,64,4,224,1266,677,17,66,0,1,0,1,0,Very High
10164,1847,256,4,111,1007,1035,17,9,0,1,1,0,1,High
10165,4982,256,3,163,340,835,22,74,1,1,1,0,1,Very High
10166,4097,64,6,221,885,2043,27,67,1,1,1,1,1,Very High
10167,3211,256,6,112,1146,1520,26,60,1,1,1,1,1,Very High
10168,2494,128,6,208,498,858,5,63,1,0,1,1,1,Very High
10169,1359,16,12,159,1402,1159,20,67,0,1,1,0,1,Very High
10170,3511,128,16,173,1224,2259,27,93,0,0,1,1,1,Very High
10171,2069,64,16,190,988,1378,18,63,0,1,1,1,1,Very High
10172,2686,64,3,173,510,555,14,55,0,0,1,1,1,High
10173,846,128,6,250,1027,710,27,54,1,0,1,1,1,Very High
10174,3919,256,12,117,1378,2219,23,8,1,0,1,0,1,Very High
10175,3611,256,4,225,698,1441,24,108,1,1,0,1,1,Very High
10176,2434,512,2,90,706,872,27,52,0,0,0,1,1,Very High
10177,2543,64,12,152,556,1588,32,36,1,1,1,0,1,Very High
10178,1188,32,16,111,935,746,25,55,1,1,1,0,1,Very High
10179,3676,512,16,159,602,1572,29,56,0,0,1,0,1,Very High
10180,2659,256,4,214,320,1090,2,103,0,0,1,1,1,Very High
10181,3085,128,4,238,783,1850,13,78,0,1,1,1,1,Very High
10182,3619,256,2,185,1286,1488,5,38,0,1,1,1,1,Very High
10183,2502,128,4,168,491,1441,12,40,0,1,1,0,0,High
10184,4761,512,3,94,1430,1152,6,74,1,1,1,1,1,Very High
10185,4069,64,2,149,1162,2180,3,47,1,1,1,1,1,Very High
10186,962,256,4,209,1009,510,18,20,0,1,1,1,1,Very High
10187,1323,128,8,135,894,1846,9,63,1,0,1,0,1,Very High
10188,1716,64,12,223,484,1880,7,57,1,1,1,0,1,Very High
10189,4343,32,4,145,702,1633,22,23,1,1,1,1,1,Very High
10190,2749,128,3,199,528,1096,30,102,1,0,1,0,0,Very High
10191,4423,512,6,246,543,1018,10,93,0,0,1,1,1,Very High
10192,3808,32,4,193,322,1350,14,99,1,0,0,1,1,Very High
10193,4790,32,16,166,691,580,12,45,1,1,1,1,1,Very High
10194,2756,16,16,235,930,1892,30,85,1,0,1,1,1,Very High
10195,3870,256,16,91,435,1420,17,51,0,0,1,1,1,Very High
10196,2382,128,6,97,766,820,17,98,1,1,0,1,1,Very High
10197,2955,32,16,164,734,1523,28,107,0,1,0,1,1,Very High
10198,1854,16,8,214,1438,517,3,58,0,1,0,1,1,Very High
10199,3891,512,4,127,1211,1139,11,59,0,1,1,1,1,Very High
10200,2396,64,16,116,1367,2513,13,99,0,0,0,1,1,Very High
10201,4691,128,2,109,982,2040,9,23,1,1,1,1,0,Very High
10202,2348,32,6,229,1393,2136,12,66,0,0,0,1,0,High
10203,2145,256,8,132,1037,1529,31,103,0,1,0,0,0,Very High
10204,4899,16,2,120,1422,933,11,97,0,0,0,1,1,Very High
10205,4623,32,2,180,1370,2184,14,63,0,1,0,1,1,Very High
10206,953,256,2,150,590,1826,26,69,0,1,1,1,1,Very High
10207,3883,32,2,198,881,1298,18,72,1,1,1,0,1,Very High
10208,3257,128,4,180,1123,1252,8,32,0,0,1,1,1,Very High
10209,798,128,16,184,566,492,25,22,1,0,0,1,1,Very High
10210,2900,128,12,232,706,1400,4,30,1,0,1,0,1,Very High
10211,3661,512,4,233,1021,1304,31,108,0,1,1,1,1,Very High
10212,4477,512,4,102,878,1794,21,23,1,0,1,1,1,Very High
10213,3569,16,8,202,1292,2497,14,59,1,1,0,1,1,Very High
10214,3934,128,8,124,1303,1708,20,61,1,1,1,1,1,Very High
10215,4491,256,16,238,671,1176,8,10,0,1,1,0,1,Very High
10216,1656,32,12,247,1072,1429,10,5,0,0,1,1,0,High
10217,4767,64,8,137,1100,1918,20,12,0,1,1,1,1,Very High
10218,860,256,16,124,1344,548,14,101,0,0,0,1,1,Very High
10219,2000,512,16,175,865,2261,23,55,0,1,1,1,1,Very High
10220,4687,512,3,248,398,2449,9,89,0,1,0,1,1,Very High
10221,2227,256,12,241,653,691,23,92,0,1,1,1,1,Very High
10222,1918,512,8,203,1208,987,19,29,1,0,0,1,0,Very High
10223,3804,128,12,189,1425,2543,30,51,1,0,1,1,1,Very High
10224,3435,16,4,249,821,2001,24,59,0,1,0,1,0,Very High
10225,1654,32,4,188,1084,811,3,68,1,0,1,1,1,Very High
10226,4146,16,12,92,1240,1030,19,87,0,0,1,1,0,Very High
10227,1745,32,3,174,869,2104,19,97,0,1,1,1,1,Very High
10228,2393,32,3,214,333,1421,12,14,0,1,1,0,1,High
10229,4136,16,12,227,711,1207,32,60,1,0,1,1,1,Very High
10230,1262,256,8,172,629,1359,2,16,0,1,1,1,0,Very High
10231,3185,32,6,114,705,1128,15,37,0,1,0,1,1,Very High
10232,4054,16,3,157,1293,1479,17,75,0,0,1,1,1,Very High
10233,925,32,2,150,1437,2001,12,21,0,0,0,0,1,Medium
10234,1659,64,4,118,1436,2092,2,65,1,1,1,1,1,Very High
10235,3767,256,12,216,659,1489,31,14,0,0,0,0,1,Very High
10236,1515,128,2,108,916,2030,8,35,1,0,1,0,0,High
10237,3820,32,12,163,1076,1283,32,64,1,1,1,1,1,Very High
10238,716,64,16,150,1365,693,30,74,0,1,1,1,1,Very High
10239,1943,128,4,242,610,648,17,21,0,1,1,1,1,Very High
10240,2905,128,4,109,625,1457,31,54,1,1,0,1,1,Very High
10241,3224,32,3,137,953,1808,15,41,1,0,1,1,1,Very High
10242,1769,16,3,176,944,625,16,86,1,0,1,1,0,Very High
10243,4144,32,2,241,1258,2278,15,66,1,1,1,1,1,Very High
10244,3265,64,16,228,1167,995,29,94,0,1,1,1,0,Very High
10245,1760,128,12,199,761,932,22,84,1,1,1,1,0,Very High
10246,3027,32,16,117,822,539,12,76,1,1,0,1,1,Very High
10247,4120,16,4,148,449,1007,17,92,1,0,1,1,1,Very High
10248,1001,32,2,222,916,1503,20,81,1,0,0,1,1,Very High
10249,4976,256,6,140,1181,2044,18,33,0,1,0,0,1,Very High
10250,1306,16,2,238,912,1582,28,36,0,1,0,1,0,Medium
10251,3870,64,8,101,1318,912,27,92,0,0,1,0,1,Very High
10252,1399,128,2,139,644,1656,7,84,1,0,0,0,1,Very High
10253,1839,32,16,221,1412,880,12,15,1,0,1,0,1,Very High
10254,890,16,8,202,767,1084,18,100,0,0,1,1,1,Very High
10255,3000,256,8,242,1138,2290,10,10,0,1,1,1,1,Very High
10256,1680,16,8,103,1028,1943,19,39,1,0,1,1,1,Very High
10257,3675,512,6,121,584,2253,18,37,0,0,1,1,1,Very High
10258,1884,256,2,228,931,2033,32,22,1,0,1,0,1,Very High
10259,4027,64,16,235,1151,1576,13,41,1,1,0,1,0,Very High
10260,4094,128,2,244,993,1408,24,17,1,1,1,1,1,Very High
10261,827,64,6,144,476,2431,23,78,1,0,1,1,1,Very High
10262,2765,32,4,209,570,2453,23,105,1,0,1,1,1,Very High
10263,2516,16,3,164,1197,2544,31,94,1,1,1,0,1,Very High
10264,1269,512,16,110,849,2034,6,85,0,1,1,1,1,Very High
10265,2595,256,16,222,646,805,12,68,0,0,1,1,1,Very High
10266,3433,256,2,176,1280,1474,5,5,0,1,0,1,0,High
10267,4563,16,3,148,1214,1092,28,67,1,0,1,1,1,Very High
10268,4714,512,12,178,416,1075,5,93,0,1,1,1,1,Very High
10269,3601,16,12,239,832,1400,4,38,1,0,0,1,0,Very High
10270,2386,32,6,172,535,1321,27,107,1,0,0,1,1,Very High
10271,3709,64,12,154,444,1705,25,14,1,1,0,0,1,Very High
10272,854,256,16,153,1425,823,24,88,1,0,1,0,0,Very High
10273,3237,32,12,160,378,2356,26,11,0,1,0,1,1,Very High
10274,2109,64,4,93,480,1338,18,60,0,1,1,1,1,High
10275,4757,32,4,232,603,1903,8,84,0,1,1,0,0,Very High
10276,1484,512,4,193,425,924,27,41,1,0,1,0,1,Very High
10277,3875,256,12,239,547,2268,5,33,0,0,1,0,1,Very High
10278,3506,16,6,182,637,701,24,16,0,0,1,0,1,High
10279,1237,16,8,231,1121,1071,14,21,0,1,1,1,1,Very High
10280,2541,64,8,237,1193,1510,13,52,1,0,0,1,1,Very High
10281,3155,128,3,201,791,1775,2,88,0,0,1,1,0,Very High
10282,1224,512,8,250,1399,1497,22,30,1,0,1,1,1,Very High
10283,3650,64,8,208,944,2543,20,87,0,0,1,1,1,Very High
10284,4831,128,4,148,332,1927,22,16,1,1,1,1,1,Very High
10285,4815,32,4,132,1361,2525,21,25,0,0,0,1,0,High
10286,3068,512,12,101,1013,1003,19,46,0,1,1,1,1,Very High
10287,4547,32,3,129,1292,2548,12,65,0,1,0,1,1,Very High
10288,3401,256,2,207,432,2288,21,62,1,1,1,1,1,Very High
10289,1671,512,16,109,548,1791,4,58,0,1,1,1,0,Very High
10290,1866,128,3,220,490,1786,30,38,0,0,1,1,1,High
10291,3474,256,3,245,614,1569,18,11,1,0,0,1,0,Very High
10292,2682,16,6,179,508,2152,13,39,1,0,1,1,1,High
10293,1553,128,12,183,745,916,11,19,1,1,1,1,0,Very High
10294,4846,64,6,102,1296,1308,9,69,1,0,0,0,1,Very High
10295,4436,16,3,155,1422,738,16,94,0,1,1,1,1,Very High
10296,4469,16,3,126,977,2483,6,103,0,0,1,1,1,Very High
10297,1274,64,3,155,1238,2469,5,29,1,0,1,0,0,High
10298,3961,512,8,125,818,582,27,63,0,0,1,1,1,Very High
10299,1848,16,16,115,1081,1472,29,83,1,1,1,1,1,Very High
10300,2415,128,16,164,1185,1248,22,90,0,0,1,0,0,Very High
10301,4554,256,6,197,1145,1604,21,10,1,1,1,1,1,Very High
10302,3191,16,3,132,390,1701,20,56,0,1,1,0,1,High
10303,3360,128,16,239,567,716,22,83,1,1,1,1,1,Very High
10304,3824,32,4,237,465,1624,5,92,1,0,0,1,1,Very High
10305,3751,128,16,97,901,1246,16,25,0,0,0,1,1,Very High
10306,704,256,12,118,789,1470,18,75,0,1,0,1,1,Very High
10307,1576,128,12,129,512,2239,13,97,0,1,1,1,1,Very High
10308,1691,64,16,247,1411,975,4,100,1,1,1,1,1,Very High
10309,4842,256,4,217,813,1527,11,36,0,1,1,1,1,Very High
10310,1335,512,12,173,371,2206,16,57,1,1,0,1,1,Very High
10311,2393,32,8,205,1201,2552,11,63,0,0,1,1,1,Very High
10312,2382,64,16,233,682,817,25,73,0,0,1,1,0,Very High
10313,819,512,8,151,1236,2417,24,66,1,0,1,1,1,Very High
10314,1530,128,16,96,793,2297,19,8,1,1,1,1,1,Very High
10315,4375,256,2,134,840,616,2,90,0,1,1,1,1,Very High
10316,2069,32,2,244,1010,799,4,22,1,0,0,1,1,Medium
10317,1440,64,2,177,851,2343,22,103,1,0,0,1,1,Very High
10318,816,512,12,162,1159,1395,27,85,0,1,0,1,0,Very High
10319,3538,512,8,126,1408,1685,32,60,1,1,1,0,1,Very High
10320,1850,32,8,208,560,2377,28,28,0,1,1,0,1,High
10321,2631,128,8,146,855,1405,13,70,0,0,1,1,1,Very High
10322,1712,32,4,97,402,1738,2,17,1,1,1,1,1,Medium
10323,2364,512,8,184,1301,2462,4,66,0,1,1,1,1,Very High
10324,1781,16,4,206,1270,912,4,58,1,1,0,1,1,High
10325,1212,64,2,199,930,1478,6,19,0,0,0,1,1,Medium
10326,3549,32,2,109,893,1469,20,73,1,1,1,1,1,Very High
10327,1259,512,12,213,605,1078,30,7,1,0,1,1,1,Very High
10328,4372,128,16,142,1308,875,26,41,1,1,1,1,1,Very High
10329,4043,512,2,208,778,894,2,41,1,1,1,0,1,Very High
10330,4770,128,16,101,445,1418,5,105,1,0,0,1,1,Very High
10331,2170,32,16,106,744,2116,30,7,0,1,1,1,1,Very High
10332,1280,128,12,153,873,1020,30,67,0,0,1,1,0,Very High
10333,2994,256,3,131,929,2129,27,39,1,1,0,1,1,Very High
10334,3847,256,3,183,431,2425,27,56,0,0,1,1,1,Very High
10335,4949,256,6,246,721,563,5,91,1,1,1,1,1,Very High
10336,2379,16,12,236,441,750,18,32,1,0,0,1,0,Very High
10337,4206,32,6,100,592,867,15,98,0,0,1,1,1,Very High
10338,3444,512,6,187,717,693,19,22,0,1,1,1,1,Very High
10339,4056,512,3,160,790,538,28,40,1,0,1,0,1,Very High
10340,4745,16,12,197,1304,2105,2,37,1,1,1,1,0,Very High
10341,1943,128,3,147,888,1322,23,68,1,0,1,1,1,Very High
10342,3818,16,6,123,1216,2007,17,30,1,1,1,1,0,High
10343,2841,128,12,109,1139,2209,4,52,1,1,0,1,1,Very High
10344,3759,128,6,139,1172,602,24,44,1,1,1,1,0,Very High
10345,3659,64,8,191,1029,1916,22,21,0,1,1,1,1,Very High
10346,2965,512,16,227,640,1642,10,44,1,0,1,1,1,Very High
10347,3179,256,12,249,498,1041,24,11,1,1,1,1,1,Very High
10348,2335,128,12,141,1216,2217,5,61,0,1,1,0,1,Very High
10349,2457,64,16,104,538,1384,22,12,1,1,0,0,1,Very High
10350,2770,512,6,173,1108,874,6,60,1,1,1,1,0,Very High
10351,3549,256,8,220,811,2206,12,35,0,1,1,1,0,Very High
10352,3951,128,4,126,380,2196,32,63,1,0,0,1,1,Very High
10353,4430,128,16,215,1397,1414,22,62,0,1,1,0,1,Very High
10354,3189,16,3,129,857,1581,27,16,1,0,0,1,1,Medium
10355,2331,16,6,161,1167,1915,10,52,0,0,1,1,1,Very High
10356,3516,512,16,129,1307,554,27,35,0,1,1,1,1,Very High
10357,1715,256,16,145,384,774,4,87,0,1,0,1,1,Very High
10358,2048,128,12,240,905,500,7,67,1,0,1,0,0,Very High
10359,3787,512,3,193,490,1518,25,78,1,0,1,1,0,Very High
10360,3539,512,3,228,854,1714,12,43,0,0,1,0,1,Very High
10361,1035,32,3,199,1012,1039,10,80,0,1,0,1,1,High
10362,1595,16,16,225,427,1589,30,24,1,0,0,1,0,Very High
10363,4246,256,4,182,1133,1652,16,105,1,0,1,1,1,Very High
10364,1551,128,2,183,1324,851,24,52,1,1,1,1,1,Very High
10365,2387,512,6,145,771,2507,29,75,1,0,1,1,1,Very High
10366,2631,128,2,149,909,1297,4,58,1,1,1,0,1,Very High
10367,4446,32,16,227,1359,1654,2,82,0,0,1,0,1,Very High
10368,3127,256,2,128,646,1644,21,79,1,1,1,1,1,Very High
10369,2268,512,16,117,927,1572,30,75,0,0,1,1,1,Very High
10370,4700,128,2,138,978,1763,23,33,1,1,1,0,1,Very High
10371,3438,16,3,214,321,2491,20,78,0,1,1,1,0,Very High
10372,4198,32,8,102,1353,1325,15,97,0,0,1,1,1,Very High
10373,4613,256,3,125,753,2471,18,77,1,1,1,1,1,Very High
10374,1766,32,3,190,444,1000,23,104,0,0,1,1,0,Very High
10375,3144,16,12,115,1424,850,15,52,0,1,0,1,1,Very High
10376,4807,256,12,175,804,1922,18,78,0,1,1,1,0,Very High
10377,4073,32,2,93,971,580,26,87,0,1,1,0,1,Very High
10378,4669,64,16,171,1119,1140,28,60,1,1,1,1,1,Very High
10379,3246,16,3,216,1192,2161,15,99,0,1,1,0,1,Very High
10380,1453,16,2,177,448,722,13,21,1,1,0,0,0,Medium
10381,2782,16,12,216,757,991,17,13,0,1,1,1,0,Very High
10382,3474,64,8,209,1070,2021,2,101,1,0,1,1,1,Very High
10383,3596,64,6,111,820,875,14,38,1,0,1,1,1,Very High
10384,4885,128,2,219,1401,1091,7,49,1,1,1,1,0,Very High
10385,1475,512,8,120,530,1740,18,92,0,1,1,1,1,Very High
10386,2325,32,6,208,1221,2337,13,13,1,1,1,1,1,Very High
10387,3769,128,4,100,364,1249,24,11,1,0,1,1,0,Very High
10388,1117,32,2,135,1440,1902,20,20,0,1,0,1,1,Medium
10389,814,512,2,185,854,886,7,23,1,0,1,0,1,Very High
10390,1316,64,4,99,780,2352,8,107,0,1,1,1,1,Very High
10391,4674,512,4,217,710,1983,2,10,0,1,1,1,1,Very High
10392,3967,64,2,241,1387,1659,2,15,1,1,1,1,1,High
10393,1525,512,4,188,346,1133,30,80,0,1,0,1,1,Very High
10394,2216,128,3,201,1113,1661,6,65,0,1,1,0,1,Very High
10395,3846,256,6,149,1440,1456,7,46,0,0,0,1,1,Very High
10396,1112,128,6,176,1294,1919,32,17,1,1,1,0,1,High
10397,1428,32,6,234,867,1847,17,16,0,0,0,1,1,Medium
10398,4048,128,3,154,940,708,32,89,0,0,1,1,1,Very High
10399,3508,16,16,146,886,2373,26,78,0,1,1,1,1,Very High
10400,1375,32,4,195,1023,1793,17,24,1,1,1,1,1,High
10401,4165,512,8,98,504,1550,15,54,0,1,0,0,1,Very High
10402,3204,32,4,111,1412,1454,2,40,1,0,1,1,1,Very High
10403,3667,256,2,230,1167,2218,14,96,0,0,1,1,1,Very High
10404,3486,64,12,178,918,1237,21,92,1,0,1,1,1,Very High
10405,1822,512,6,107,1125,800,11,73,1,1,1,1,1,Very High
10406,4779,32,4,204,398,1035,25,41,1,0,1,1,0,Very High
10407,2271,512,8,234,898,1323,11,16,0,0,1,0,1,Very High
10408,2843,512,2,232,732,1816,10,103,0,0,1,1,1,Very High
10409,2387,512,3,195,865,1866,32,44,0,1,0,1,1,Very High
10410,4832,64,16,104,488,1147,14,58,1,0,1,1,1,Very High
10411,4551,128,3,152,1000,2422,4,6,0,0,1,1,1,High
10412,4140,512,8,102,902,2484,28,54,0,1,0,1,1,Very High
10413,4466,16,2,170,834,2410,19,45,1,1,1,1,1,High
10414,3026,256,6,121,351,1225,21,49,0,1,1,1,0,Very High
10415,3614,64,4,226,606,1154,3,107,0,0,1,1,1,Very High
10416,4652,32,2,129,913,1545,18,13,1,0,1,1,1,High
10417,1295,64,16,237,1386,1097,29,66,1,0,0,1,1,Very High
10418,1428,32,3,171,936,1472,20,90,0,1,1,1,0,Very High
10419,2065,64,16,166,1344,1808,24,51,1,0,1,1,1,Very High
10420,1398,32,16,165,589,1857,14,9,0,1,0,1,1,High
10421,1095,512,8,127,837,765,14,80,0,1,1,1,1,Very High
10422,4871,128,8,160,1353,1166,2,5,0,0,0,1,1,Very High
10423,3202,32,4,137,902,1785,3,48,0,0,1,1,1,Very High
10424,2519,32,8,107,1433,1944,2,26,0,0,1,1,1,Very High
10425,1417,16,8,233,545,1217,25,42,1,1,1,1,1,High
10426,3482,32,2,128,989,2438,6,23,1,1,0,1,1,High
10427,4277,16,6,178,1236,2374,25,84,0,0,0,1,1,Very High
10428,843,256,4,151,445,1965,4,35,1,1,0,0,0,High
10429,3840,512,2,230,1275,965,30,71,1,0,0,1,1,Very High
10430,3638,16,6,198,1440,1993,29,91,0,0,1,1,0,Very High
10431,4336,128,16,170,393,2481,8,46,1,0,1,1,1,Very High
10432,3922,512,2,223,375,1867,25,86,1,1,1,1,1,Very High
10433,1867,16,12,166,1039,1510,32,30,0,1,1,1,1,Very High
10434,3316,512,2,179,872,2245,23,17,0,0,1,1,1,Very High
10435,1762,512,8,103,351,1147,14,62,0,0,1,1,1,Very High
10436,2856,512,6,184,893,1700,30,22,0,1,1,0,1,Very High
10437,3682,256,4,143,986,1314,24,71,0,0,1,0,1,Very High
10438,3994,128,4,221,603,1355,31,91,0,1,1,1,0,Very High
10439,1856,64,6,128,506,1481,29,7,0,0,1,1,1,High
10440,1432,64,8,161,817,729,19,59,1,1,0,1,1,Very High
10441,1653,16,3,114,449,2419,25,93,0,0,0,1,1,Very High
10442,3239,512,2,166,958,2098,22,95,1,1,1,1,0,Very High
10443,4024,16,8,249,433,1743,8,62,1,0,0,1,1,Very High
10444,4001,256,12,209,332,1351,2,67,0,1,1,1,1,Very High
10445,2242,256,16,142,763,1314,6,95,1,1,1,0,1,Very High
10446,1891,32,6,245,766,1398,18,56,1,1,0,0,1,Very High
10447,3693,256,2,220,1305,2204,29,107,1,1,0,0,1,Very High
10448,3381,32,4,239,1312,1793,30,93,0,0,1,1,1,Very High
10449,1917,128,16,185,1034,2377,9,28,1,1,1,1,1,Very High
10450,2240,16,3,161,393,882,16,76,1,1,1,1,1,Very High
10451,3936,128,12,151,856,1807,21,13,0,0,1,1,0,Very High
10452,3086,256,4,95,420,1618,5,41,1,1,1,1,0,Very High
10453,4419,128,6,121,495,689,3,98,1,0,1,0,1,Very High
10454,2088,128,2,188,746,1544,6,87,1,1,0,1,0,Very High
10455,2556,128,6,227,360,1295,2,57,1,1,1,1,1,Very High
10456,2065,256,16,220,748,713,26,84,1,1,0,1,0,Very High
10457,1199,512,2,165,663,1272,6,28,0,1,1,1,0,Very High
10458,2380,128,8,148,685,2387,7,25,1,1,1,1,0,Very High
10459,1210,32,3,120,928,2093,3,104,0,1,1,1,1,Very High
10460,2024,256,8,182,976,814,27,44,1,0,1,1,1,Very High
10461,1855,128,8,158,1047,1839,27,107,0,0,1,1,1,Very High
10462,2527,512,6,141,548,2119,2,66,0,1,1,0,1,Very High
10463,3841,256,16,178,1144,1577,5,74,0,1,0,1,0,Very High
10464,4186,64,3,216,1208,1694,8,73,1,0,1,1,1,Very High
10465,2510,512,2,120,1303,803,23,18,1,0,1,1,1,Very High
10466,3623,32,2,173,1155,2270,27,46,1,1,0,1,0,Very High
10467,2914,128,12,216,436,763,2,54,1,1,1,1,1,Very High
10468,4886,64,4,239,1137,692,2,65,1,1,0,1,1,Very High
10469,1413,64,12,221,687,2138,9,8,0,1,0,0,1,Medium
10470,4302,256,12,102,1437,2221,21,76,0,1,0,1,1,Very High
10471,4834,64,2,134,487,1408,17,92,0,1,1,1,0,Very High
10472,4222,32,6,216,1273,1231,22,79,1,0,1,1,1,Very High
10473,4968,32,8,203,980,1897,14,21,1,1,1,1,0,Very High
10474,1943,16,16,109,1014,2301,24,89,0,1,1,1,1,Very High
10475,4409,32,8,170,1244,1525,25,61,1,0,1,0,1,Very High
10476,1781,512,8,218,471,2274,32,94,1,0,1,0,1,Very High
10477,1155,64,3,232,905,2372,27,52,0,0,0,1,0,High
10478,1594,32,2,106,1232,584,24,48,0,0,1,1,1,High
10479,2084,256,16,241,593,1969,19,49,1,1,0,1,1,Very High
10480,2658,16,6,147,815,1962,31,95,1,0,1,1,1,Very High
10481,3772,64,3,161,420,1935,32,84,0,0,0,1,1,Very High
10482,2696,16,4,198,876,1249,21,94,1,1,1,1,1,Very High
10483,4985,64,6,112,1425,2439,11,37,0,0,0,0,1,Very High
10484,1204,256,12,161,392,2507,13,35,0,0,0,1,1,Very High
10485,1914,16,6,97,1357,858,2,51,0,1,1,1,1,Very High
10486,2231,128,6,148,476,1192,11,10,1,1,1,0,1,High
10487,4140,512,8,200,1054,1852,10,76,0,1,1,1,0,Very High
10488,1523,512,6,102,451,704,4,75,0,1,1,1,1,Very High
10489,1628,64,12,245,1338,2217,29,38,1,1,1,1,1,Very High
10490,833,128,12,105,878,1217,20,57,0,1,1,1,1,Very High
10491,2805,16,2,208,426,715,27,18,1,1,1,0,1,Medium
10492,4327,128,6,91,584,662,10,20,1,0,1,1,1,Very High
10493,2552,128,8,234,1422,1191,11,47,1,0,1,1,1,Very High
10494,4875,16,6,119,474,2372,20,77,0,1,1,1,0,Very High
10495,3633,256,4,192,1307,2368,17,78,0,0,1,1,1,Very High
10496,3984,128,4,102,1316,1102,25,85,1,1,0,1,1,Very High
10497,4998,128,8,185,566,1739,19,16,1,0,0,1,1,Very High
10498,3511,256,2,183,850,1630,15,74,1,1,1,0,1,Very High
10499,1950,128,2,171,1177,1228,30,23,0,0,1,1,1,High
10500,4212,128,12,102,857,989,4,45,1,1,0,1,1,Very High
10501,1956,128,12,183,1048,2055,3,57,1,0,1,1,1,Very High
10502,4076,512,3,238,473,2303,2,33,1,1,1,1,1,Very High
10503,4186,32,8,201,411,1264,19,74,0,0,0,1,1,Very High
10504,4284,256,6,144,657,616,25,63,1,0,1,1,1,Very High
10505,2096,128,16,170,769,2257,10,93,0,1,1,1,1,Very High
10506,4337,512,8,205,1129,1702,14,68,0,0,1,1,0,Very High
10507,4030,256,3,232,1106,1813,3,28,1,0,1,1,1,Very High
10508,3403,64,12,197,592,2257,8,93,1,0,1,1,1,Very High
10509,1170,64,8,142,907,1784,17,20,1,0,1,1,0,High
10510,2053,128,8,217,496,1243,32,56,0,0,1,0,1,Very High
10511,3483,512,12,247,1150,1181,22,84,0,1,1,1,0,Very High
10512,3531,512,3,250,962,631,20,10,0,1,1,1,1,Very High
10513,1057,256,12,146,1392,1805,26,41,1,0,1,1,1,Very High
10514,3719,256,2,141,886,1781,16,89,0,1,1,0,1,Very High
10515,1367,512,6,226,985,2191,23,8,1,0,1,1,1,Very High
10516,1845,256,12,200,1187,1511,12,102,1,1,0,1,1,Very High
10517,4885,512,3,90,1389,1286,2,96,1,0,0,1,0,Very High
10518,4419,32,4,133,621,714,22,42,0,0,0,0,1,Very High
10519,3445,512,2,164,1187,1040,8,45,0,0,1,1,0,Very High
10520,1239,64,4,187,1231,1805,21,96,0,0,1,1,0,Very High
10521,3479,256,16,98,727,517,9,85,1,1,1,1,0,Very High
10522,4836,512,12,121,1141,1639,11,18,0,1,1,1,1,Very High
10523,4475,512,2,104,880,900,6,75,0,1,1,1,0,Very High
10524,3208,256,6,229,783,1722,10,90,1,0,1,0,1,Very High
10525,3479,32,12,225,463,827,26,55,1,1,1,0,1,Very High
10526,1624,32,6,161,761,2311,26,69,0,1,1,1,1,Very High
10527,3656,256,8,244,806,2049,2,97,1,0,1,1,1,Very High
10528,2281,16,4,101,1179,2398,3,56,0,0,1,1,1,High
10529,4024,256,2,154,467,2381,20,99,1,0,1,1,1,Very High
10530,955,256,6,196,1414,1877,15,34,1,1,1,1,1,Very High
10531,2538,32,3,131,1130,2304,21,61,0,1,1,1,0,Very High
10532,2644,32,6,204,985,1708,11,83,1,0,0,0,0,Very High
10533,709,256,3,228,409,884,10,86,1,1,1,0,1,Very High
10534,3571,256,12,192,518,2201,11,103,1,0,1,1,1,Very High
10535,1497,256,2,184,857,1700,30,34,0,1,0,1,1,High
10536,1715,32,6,106,620,594,7,102,1,0,1,1,1,Very High
10537,2524,256,16,249,1043,2156,18,46,1,1,1,1,1,Very High
10538,3836,256,6,174,1282,544,29,15,0,1,1,1,1,Very High
10539,2893,128,16,240,387,1779,26,31,0,1,1,1,1,Very High
10540,923,16,2,145,778,1304,7,28,1,0,1,1,1,Medium
10541,4858,64,6,223,717,1895,5,103,1,0,1,1,1,Very High
10542,4625,16,3,175,939,1448,31,43,1,0,1,1,1,Very High
10543,4700,128,6,191,1049,848,21,76,0,1,1,0,1,Very High
10544,2333,64,4,143,875,712,4,22,1,0,1,1,1,High
10545,2852,256,12,204,1100,1386,24,81,0,1,1,1,1,Very High
10546,1210,128,8,228,1213,1400,20,49,0,0,1,1,1,Very High
10547,1084,256,3,177,929,1168,19,92,1,0,1,1,1,Very High
10548,1104,32,4,138,1067,656,27,91,1,1,1,1,0,Very High
10549,2700,512,16,238,601,1514,25,16,0,1,1,1,1,Very High
10550,3456,128,12,204,980,1949,5,53,1,0,1,1,0,Very High
10551,2368,32,2,152,1243,1109,9,98,1,0,1,0,1,Very High
10552,2160,128,3,193,1315,643,18,35,0,1,0,1,1,High
10553,4336,128,8,172,1065,1303,32,96,1,1,1,1,1,Very High
10554,3424,32,12,192,406,535,6,26,0,0,1,1,1,Very High
10555,4878,64,16,245,1422,597,14,48,1,1,1,0,1,Very High
10556,2748,16,8,106,1110,1277,26,96,0,0,1,1,1,Very High
10557,4846,256,2,95,623,1259,2,68,0,0,0,0,1,Very High
10558,1416,128,2,236,449,1918,28,81,1,0,1,0,0,Very High
10559,2523,256,16,117,915,2373,14,29,0,1,1,1,0,Very High
10560,2781,512,3,127,877,1187,5,55,0,0,0,0,0,Very High
10561,4119,32,16,208,1218,1583,23,11,1,0,1,0,1,Very High
10562,2274,256,6,126,397,501,27,10,1,1,0,1,1,Very High
10563,949,32,2,204,1103,1980,25,28,1,1,1,0,1,High
10564,1373,256,12,157,993,1322,15,23,0,1,1,1,1,Very High
10565,2865,16,6,132,557,2240,4,87,0,0,1,0,1,Very High
10566,1470,16,4,147,597,1596,6,104,0,1,1,1,1,Very High
10567,4662,16,8,102,1361,671,8,13,1,1,1,1,1,Very High
10568,2684,16,6,141,843,1498,2,40,0,0,1,1,1,Very High
10569,1777,16,8,147,499,1606,32,106,0,0,1,1,1,Very High
10570,935,16,16,121,442,875,24,44,1,0,1,0,0,Very High
10571,1088,32,6,194,1394,1498,30,97,0,0,1,0,0,Very High
10572,3737,128,16,172,1414,1046,13,28,1,1,1,1,0,Very High
10573,2548,256,4,188,799,710,12,52,1,0,1,1,1,Very High
10574,3514,16,2,193,1362,1353,25,67,1,1,1,1,0,Very High
10575,4074,32,4,117,403,719,9,73,0,0,1,1,0,Very High
10576,3978,32,2,218,884,569,26,57,0,0,1,0,1,Very High
10577,1952,32,16,137,938,936,7,58,0,1,0,1,0,Very High
10578,4681,128,2,129,676,833,29,46,1,1,1,1,0,Very High
10579,2822,256,8,186,1135,1484,23,49,1,1,1,1,1,Very High
10580,2850,128,12,203,966,1836,3,94,1,0,0,1,0,Very High
10581,2029,64,4,221,762,918,20,18,0,0,0,1,1,Medium
10582,2058,32,6,244,1412,1878,21,107,0,1,0,0,1,Very High
10583,3182,64,4,226,842,824,21,33,0,1,1,1,1,High
10584,2717,512,8,200,462,1136,25,10,0,0,1,1,1,Very High
10585,2031,16,2,233,511,1596,15,11,0,1,1,1,1,Medium
10586,4961,16,8,165,697,1105,2,41,1,1,1,1,1,Very High
10587,2058,128,3,120,900,763,11,57,0,0,1,1,1,Very High
10588,3877,256,3,208,854,2459,17,22,1,1,1,1,1,Very High
10589,2828,64,6,231,1352,2158,31,91,1,0,0,1,1,Very High
10590,2880,256,8,114,412,702,5,42,0,0,1,1,1,Very High
10591,837,128,16,123,848,1223,28,63,1,0,1,1,1,Very High
10592,4172,16,6,156,724,942,29,5,0,1,0,1,1,Very High
10593,3532,256,16,241,1159,2048,30,72,0,1,1,1,1,Very High
10594,4279,256,6,207,1208,2185,12,48,1,1,1,1,1,Very High
10595,3731,16,3,162,741,1643,17,51,0,1,0,1,1,High
10596,4864,64,6,115,791,2216,28,39,0,0,0,1,1,Very High
10597,3293,16,3,237,1212,1526,21,91,1,0,0,1,1,Very High
10598,5000,256,2,193,866,1144,2,95,1,1,1,0,1,Very High
10599,4518,64,16,99,950,1836,17,64,1,1,1,1,1,Very High
10600,4838,64,8,156,1357,1494,20,94,1,1,1,0,1,Very High
10601,4523,16,6,241,1097,1534,22,56,1,1,1,1,1,Very High
10602,4742,256,3,94,683,2244,23,12,1,0,1,1,0,Very High
10603,2606,128,4,116,438,2393,10,84,0,1,1,0,1,Very High
10604,1460,256,16,202,865,842,10,45,0,0,0,0,1,Very High
10605,4145,32,6,104,841,1892,10,7,0,1,1,1,0,Medium
10606,1599,512,12,194,953,1147,28,100,1,1,1,1,1,Very High
10607,3647,128,2,133,1282,2360,18,73,0,1,1,0,1,Very High
10608,2419,64,2,115,1277,1874,13,88,1,0,1,1,0,Very High
10609,980,128,4,184,1202,578,26,18,0,1,0,1,1,Medium
10610,3966,64,3,173,1099,901,14,100,1,0,1,0,1,Very High
10611,2587,64,6,229,1190,1983,9,30,0,0,1,1,0,Very High
10612,3966,128,16,221,835,541,17,74,1,1,1,1,1,Very High
10613,1366,64,3,176,1257,1612,19,62,1,0,1,1,1,Very High
10614,4888,64,2,201,1185,2182,30,104,1,0,1,1,1,Very High
10615,1371,32,3,218,425,1077,28,44,1,0,1,1,0,Very High
10616,2669,256,2,178,1428,871,2,55,0,1,1,1,1,Very High
10617,4856,256,3,155,533,1555,2,9,0,0,1,1,1,Very High
10618,3822,512,4,247,1169,1792,13,81,1,0,1,1,1,Very High
10619,4600,512,8,220,516,2509,7,36,1,1,1,1,0,Very High
10620,1223,32,4,211,338,1289,10,84,1,1,1,1,1,Very High
10621,3093,512,4,238,961,1885,24,5,0,0,1,1,1,Very High
10622,3817,128,8,173,1355,1639,6,81,1,0,1,1,1,Very High
10623,3293,16,8,205,1424,2011,28,58,1,0,0,1,1,Very High
10624,2668,16,6,205,649,1865,17,15,0,0,1,1,1,High
10625,2453,16,16,127,1185,1360,19,57,1,1,1,0,1,Very High
10626,2996,32,16,232,1093,2079,18,12,1,1,1,0,1,Very High
10627,2961,32,6,199,711,733,19,29,0,0,1,1,1,High
10628,2986,64,4,135,956,2547,2,44,1,1,1,1,1,Very High
10629,4902,16,4,114,626,1648,20,36,1,0,1,1,1,Very High
10630,3578,128,2,110,1214,1711,23,92,0,1,1,1,1,Very High
10631,4843,512,2,210,971,645,30,32,1,1,1,1,1,Very High
10632,4344,128,16,211,1160,2053,9,82,0,0,1,1,1,Very High
10633,2755,512,6,222,1345,1096,4,7,1,0,1,1,1,Very High
10634,1976,16,12,159,839,2105,27,104,1,0,1,1,1,Very High
10635,3466,16,12,202,955,982,26,95,1,0,1,1,1,Very High
10636,1002,16,6,196,1059,1392,27,88,1,1,0,1,1,Very High
10637,1338,32,2,201,788,1064,6,83,1,1,1,1,1,Very High
10638,755,512,16,197,531,2438,24,66,0,0,1,1,1,Very High
10639,1225,32,16,136,1351,875,9,31,1,1,1,1,1,Very High
10640,4823,32,2,180,1123,2111,20,49,1,1,1,1,0,Very High
10641,2825,256,12,107,796,2360,19,96,0,0,1,1,1,Very High
10642,3987,128,3,238,1193,881,19,29,0,0,0,0,1,High
10643,1064,128,3,193,779,1454,22,65,1,1,0,1,0,High
10644,2346,64,2,240,572,703,32,48,0,0,1,1,1,High
10645,1618,32,3,129,1071,997,2,101,1,0,1,1,1,Very High
10646,3497,512,8,227,1300,715,16,50,0,1,1,1,1,Very High
10647,2231,256,6,178,1173,595,19,18,0,1,1,0,1,Very High
10648,4045,256,6,150,555,705,30,12,1,0,1,0,0,Very High
10649,2606,128,2,94,797,661,26,52,0,1,1,0,1,Very High
10650,3786,32,4,211,998,1821,8,18,1,0,1,1,0,High
10651,2775,64,12,144,1363,689,17,69,0,0,1,1,1,Very High
10652,1413,32,2,126,535,1895,32,84,0,1,0,1,1,Very High
10653,1762,16,3,145,1174,1373,17,86,0,1,1,1,1,Very High
10654,2676,32,12,191,454,2361,16,11,1,0,1,1,1,Very High
10655,1996,16,4,182,1224,1589,7,83,1,0,0,1,1,Very High
10656,825,16,3,162,729,2506,10,92,0,0,1,1,1,Very High
10657,4296,64,16,148,405,873,8,53,1,1,1,1,1,Very High
10658,3983,512,8,91,875,1323,15,59,1,0,1,1,0,Very High
10659,2303,128,3,193,697,2004,12,17,1,1,1,1,1,Medium
10660,766,32,8,140,1394,1083,22,77,0,0,1,1,1,Very High
10661,932,16,12,119,561,1061,32,60,1,1,1,1,0,Very High
10662,2856,32,8,100,1239,2522,17,60,0,0,1,0,1,Very High
10663,1869,512,12,197,585,2419,26,19,0,1,1,0,1,Very High
10664,2858,128,12,165,1031,612,7,61,0,0,1,1,1,Very High
10665,4906,512,12,179,389,1455,23,62,0,0,1,1,1,Very High
10666,2193,128,12,212,376,2293,28,39,0,0,0,1,1,Very High
10667,4707,256,12,214,358,2023,17,92,1,0,1,1,1,Very High
10668,3172,128,3,211,1120,1837,21,101,1,1,1,1,0,Very High
10669,3360,64,12,183,1361,518,30,20,0,1,1,1,1,Very High
10670,3439,512,3,192,1051,1796,17,12,1,1,1,1,1,Very High
10671,2461,16,12,120,1144,641,13,97,1,1,1,1,1,Very High
10672,4214,256,8,141,1075,2389,18,91,1,1,1,1,1,Very High
10673,2675,64,16,178,671,1607,6,49,1,0,0,1,1,Very High
10674,3062,32,12,165,602,2138,28,99,1,1,1,1,1,Very High
10675,1576,512,4,218,429,2443,26,44,1,1,0,1,1,Very High
10676,4512,16,12,111,1336,1537,14,58,1,1,1,1,1,Very High
10677,4148,128,12,129,863,1446,9,18,0,1,1,0,1,Very High
10678,2012,16,8,190,344,1369,25,63,0,0,1,1,1,Very High
10679,2160,32,6,200,1162,2550,6,98,0,0,1,1,0,Very High
10680,3409,256,8,218,1110,2146,13,57,1,0,1,1,0,Very High
10681,3024,256,4,154,1057,1921,10,107,1,0,0,1,1,Very High
10682,2433,512,6,238,376,1547,4,31,0,1,1,0,1,Very High
10683,2305,256,2,168,499,607,4,51,1,1,1,1,1,Very High
10684,3263,512,2,111,551,637,2,84,1,0,1,1,0,Very High
10685,4121,512,4,188,662,1306,26,10,0,0,1,1,1,Very High
10686,4217,512,8,97,796,2370,23,59,0,1,1,1,1,Very High
10687,3097,128,3,106,895,991,19,101,0,1,1,1,1,Very High
10688,4435,64,4,106,774,922,25,48,1,0,0,0,1,Very High
10689,3570,512,16,179,608,2206,13,22,1,0,1,1,1,Very High
10690,1860,512,6,230,577,2486,10,20,1,0,1,1,0,Very High
10691,942,64,6,234,849,2175,10,16,0,0,1,1,0,High
10692,3290,16,12,170,1006,746,19,24,0,1,1,1,0,Very High
10693,1763,512,2,167,1248,1317,19,49,1,1,1,1,1,Very High
10694,3295,128,6,95,548,968,30,68,0,1,1,1,0,Very High
10695,1619,256,4,199,915,1181,8,108,0,0,1,1,1,Very High
10696,705,256,6,103,754,1166,28,63,1,1,1,1,1,Very High
10697,1167,32,4,161,1201,1475,5,97,0,1,0,1,1,Very High
10698,4870,32,3,232,1340,836,14,98,0,0,0,1,1,Very High
10699,703,256,12,143,721,1351,18,94,0,0,1,1,0,Very High
10700,1345,256,2,116,941,2453,25,26,1,0,0,0,1,High
10701,817,128,6,102,407,1031,3,101,1,0,1,0,1,Very High
10702,3628,64,4,248,903,2290,15,107,0,0,1,0,0,Very High
10703,3251,32,8,149,628,802,4,51,1,0,1,1,1,Very High
10704,4989,64,2,95,1225,562,6,33,1,1,1,0,1,High
10705,1546,128,3,147,662,741,15,90,1,1,1,1,1,Very High
10706,3462,256,4,138,755,1263,4,49,0,1,1,1,1,Very High
10707,1841,512,16,240,496,1703,24,81,1,1,1,1,1,Very High
10708,2510,64,16,115,458,1393,8,13,0,1,1,1,1,Very High
10709,1423,256,12,136,513,1423,31,28,0,1,1,1,0,Very High
10710,924,256,12,94,1262,1798,19,19,1,0,0,1,1,Very High
10711,4908,16,3,109,844,2015,14,40,0,0,1,1,0,Very High
10712,2748,64,3,223,1385,1168,30,17,1,0,1,1,1,High
10713,2273,512,12,148,1234,2252,24,95,1,1,1,1,1,Very High
10714,2528,64,6,235,529,1318,28,48,0,1,1,1,1,Very High
10715,2617,256,6,221,1060,1357,23,105,0,0,1,1,1,Very High
10716,4934,512,4,106,1181,528,11,75,1,0,1,1,1,Very High
10717,2726,128,8,103,1273,772,26,76,1,0,0,1,1,Very High
10718,4444,16,4,102,1152,2131,14,105,1,0,1,0,1,Very High
10719,1601,256,8,224,459,1015,17,82,1,0,1,1,1,Very High
10720,2739,32,3,217,1111,790,10,80,0,1,1,1,1,Very High
10721,709,32,2,133,865,1016,3,40,0,1,1,1,1,High
10722,960,16,4,208,1336,2406,24,65,0,1,0,1,0,High
10723,2373,128,4,232,376,713,6,108,1,0,0,1,1,Very High
10724,2919,256,8,108,431,1712,30,85,0,1,1,1,1,Very High
10725,2760,64,3,152,324,1446,23,44,0,0,0,1,0,High
10726,4413,16,3,170,1356,1369,18,97,0,1,1,1,0,Very High
10727,2319,128,16,236,409,2538,24,31,0,0,1,0,0,Very High
10728,1020,64,8,237,935,514,23,5,1,0,1,1,1,High
10729,2042,32,3,189,1210,926,5,38,0,1,1,1,1,High
10730,3076,32,12,249,1017,2243,18,72,0,1,1,0,1,Very High
10731,3532,64,6,211,1217,2038,10,92,0,1,0,1,1,Very High
10732,3524,16,16,133,1290,1074,21,25,0,1,1,1,1,Very High
10733,2694,32,12,193,987,2505,3,37,1,1,1,1,1,Very High
10734,3658,256,2,241,913,823,25,11,1,0,1,1,1,Very High
10735,2738,512,4,150,908,1583,19,69,0,1,1,0,1,Very High
10736,4190,64,16,214,804,1899,22,7,1,1,1,1,1,Very High
10737,4377,64,2,234,1301,1793,28,55,1,0,1,0,1,Very High
10738,1818,32,4,160,1291,1958,23,83,1,1,0,1,1,Very High
10739,2304,16,6,196,958,1631,12,99,1,0,0,1,1,Very High
10740,4727,256,3,139,1316,2401,14,58,0,1,1,1,0,Very High
10741,935,16,12,154,601,1862,9,84,1,1,0,0,0,Very High
10742,2669,128,8,188,1305,2049,28,78,1,0,1,0,1,Very High
10743,2608,128,12,121,1431,2374,2,97,0,1,1,1,1,Very High
10744,1075,512,6,230,335,2346,18,63,0,1,0,1,1,Very High
10745,4230,32,2,147,1255,508,13,10,0,1,1,0,1,Medium
10746,3335,32,8,217,573,1185,5,33,0,1,0,0,0,High
10747,2270,32,3,231,648,1500,22,21,1,0,1,0,0,Medium
10748,3260,512,6,201,863,2543,14,64,0,0,1,1,0,Very High
10749,4091,128,8,157,1102,1926,32,26,1,1,1,1,1,Very High
10750,3665,16,6,129,1316,2139,30,28,1,1,1,0,1,Very High
10751,4343,512,6,233,1164,1446,10,85,0,0,0,1,1,Very High
10752,4550,512,3,221,685,1052,28,89,0,0,1,0,1,Very High
10753,1572,16,16,179,974,2086,31,55,1,1,1,1,1,Very High
10754,1952,32,4,117,1079,1094,8,54,1,0,1,1,1,Very High
10755,2014,256,8,185,958,805,24,15,0,0,1,1,1,Very High
10756,3598,16,3,120,1383,838,25,60,0,0,1,1,1,Very High
10757,777,128,6,92,1243,2290,32,75,0,0,1,1,1,Very High
10758,3321,64,3,225,735,2201,6,46,1,1,1,1,0,Very High
10759,4927,64,16,113,574,1829,6,43,1,0,1,1,0,Very High
10760,1300,512,4,104,1029,644,18,73,0,1,1,1,0,Very High
10761,1765,64,12,248,896,2076,31,52,1,1,1,1,0,Very High
10762,2836,256,8,134,1219,2107,10,61,0,0,1,1,1,Very High
10763,3149,32,4,97,330,1656,7,25,1,1,0,1,1,High
10764,3043,128,2,160,345,1630,26,86,1,1,1,0,1,Very High
10765,2563,256,8,197,1276,672,20,103,0,0,0,1,1,Very High
10766,2018,128,4,204,740,571,17,24,0,0,1,1,1,High
10767,4297,128,6,192,815,618,22,19,0,0,1,1,1,Very High
10768,4462,32,8,214,556,960,3,73,1,1,1,1,1,Very High
10769,2890,512,8,146,1328,1836,11,81,1,1,1,1,1,Very High
10770,1692,64,3,119,538,819,17,55,0,1,1,1,0,High
10771,3412,32,6,235,780,1555,6,80,1,1,0,1,1,Very High
10772,2892,256,2,203,982,1278,16,66,0,0,1,1,1,Very High
10773,1948,512,12,206,954,954,14,89,1,1,0,1,1,Very High
10774,3754,256,16,149,1309,1942,14,41,0,0,1,0,1,Very High
10775,4733,512,4,187,508,1084,14,10,1,0,0,1,1,Very High
10776,2697,256,3,215,574,1300,16,75,1,0,1,1,0,Very High
10777,4387,32,4,240,387,1077,15,30,1,0,1,0,0,Very High
10778,2851,512,2,183,935,2012,9,12,1,1,1,1,1,Very High
10779,4718,512,2,223,655,993,12,77,0,0,1,0,1,Very High
10780,3810,128,8,211,990,2006,19,95,1,1,1,1,1,Very High
10781,2670,128,16,197,1140,2357,25,8,0,0,1,0,0,Very High
10782,897,16,2,93,1193,2179,5,25,0,0,1,0,1,Medium
10783,3326,256,4,182,619,1509,27,35,0,0,1,0,1,Very High
10784,1902,128,6,240,676,979,11,25,0,1,1,0,1,Very High
10785,2735,16,6,95,575,2164,32,108,1,0,1,1,1,Very High
10786,1177,128,8,121,1327,1196,2,29,0,0,1,1,1,Very High
10787,1954,256,12,195,672,1621,30,107,1,0,0,1,1,Very High
10788,1622,512,4,235,843,1988,6,19,1,0,1,1,1,Very High
10789,1119,64,4,104,1269,1145,14,39,1,1,1,1,0,High
10790,2904,256,2,211,1075,1559,2,53,1,1,1,1,0,Very High
10791,3297,32,16,185,603,707,24,47,0,0,1,0,1,Very High
10792,1820,128,4,95,418,628,9,45,1,0,1,1,1,Very High
10793,3768,128,3,201,516,1549,4,41,0,1,1,1,1,Very High
10794,1650,512,12,209,801,1647,4,61,1,1,1,1,1,Very High
10795,3036,32,2,212,1197,1111,8,46,1,1,1,1,1,Very High
10796,2943,512,3,156,934,1843,5,51,0,0,1,1,1,Very High
10797,3345,32,8,195,937,892,4,96,1,1,1,1,1,Very High
10798,2557,64,6,228,687,2235,16,65,1,0,0,1,0,Very High
10799,2565,128,8,132,889,999,9,18,1,1,1,1,1,Very High
10800,3612,128,6,234,909,1847,4,72,1,1,1,1,1,Very High
10801,3553,64,8,185,1418,1582,30,57,1,0,0,1,1,Very High
10802,3928,16,4,221,1385,1077,31,88,0,1,0,1,1,Very High
10803,4419,512,3,170,741,2139,8,38,1,0,1,0,0,Very High
10804,3928,64,6,130,1155,2165,19,80,1,1,0,1,1,Very High
10805,3071,512,2,222,864,2404,12,101,0,0,0,1,0,Very High
10806,3591,256,3,249,390,1209,12,28,1,1,1,1,1,Very High
10807,4456,128,2,124,1087,1068,18,24,0,1,1,0,0,Very High
10808,4925,512,3,111,626,856,29,73,1,0,1,1,1,Very High
10809,794,32,3,239,696,1887,7,106,1,0,1,1,1,Very High
10810,3374,512,8,201,974,2349,9,34,0,0,1,1,1,Very High
10811,2655,256,6,100,997,1230,2,92,1,0,1,1,1,Very High
10812,1493,128,6,92,718,1106,30,108,1,1,0,1,1,Very High
10813,2534,64,16,226,540,2109,11,11,0,1,1,0,1,High
10814,2816,256,3,149,501,1474,29,40,0,1,0,1,1,Very High
10815,4806,128,4,165,626,2063,26,42,1,1,1,1,1,Very High
10816,4025,512,4,176,841,1182,32,84,0,1,0,1,1,Very High
10817,3619,16,2,103,1333,2539,20,56,1,1,1,0,0,Very High
10818,3297,16,2,107,323,1659,4,19,0,0,1,1,1,High
10819,3905,32,8,202,1182,956,5,50,1,1,1,1,1,Very High
10820,1514,128,3,162,1167,880,12,27,0,1,1,1,1,High
10821,1045,16,2,112,1123,536,16,16,0,0,1,1,1,Medium
10822,3049,64,2,172,534,2355,2,97,0,1,1,0,0,Very High
10823,1062,128,12,214,1291,927,10,48,0,1,1,1,1,Very High
10824,3143,64,3,158,420,682,12,19,0,1,1,1,0,High
10825,2965,64,8,136,1282,2136,20,97,0,0,0,1,1,Very High
10826,2888,16,2,205,892,1217,14,53,0,0,0,1,1,High
10827,3705,128,8,119,977,681,27,25,0,1,1,1,1,Very High
10828,3981,512,6,114,1258,1833,17,19,0,0,0,1,0,Very High
10829,1684,256,8,245,1406,1371,5,18,1,1,1,1,1,Very High
10830,2339,16,4,201,545,695,2,46,0,1,0,1,1,Medium
10831,1527,16,4,114,424,502,21,84,1,1,1,1,0,Very High
10832,3430,512,8,163,1091,1689,14,19,0,0,0,0,1,Very High
10833,4231,128,4,147,748,1228,2,67,1,1,1,1,0,Very High
10834,3635,128,6,183,753,1284,6,72,1,1,0,0,0,Very High
10835,4576,64,3,208,1371,613,6,31,0,1,0,1,1,High
10836,826,512,4,216,1001,800,15,91,0,1,0,1,1,Very High
10837,3877,512,4,114,907,913,28,97,1,1,1,1,0,Very High
10838,3756,128,8,167,1412,1525,24,57,1,0,0,1,0,Very High
10839,1303,64,6,188,1185,1352,15,56,0,1,1,1,1,Very High
10840,4149,16,16,205,1065,732,9,67,0,0,0,1,1,Very High
10841,4846,32,16,137,1183,1445,5,77,0,1,0,1,1,Very High
10842,4233,256,16,99,687,1218,8,57,1,0,1,1,1,Very High
10843,4067,16,16,188,570,1609,21,61,0,1,1,1,1,Very High
10844,4068,128,3,100,1178,1819,20,56,0,1,1,0,1,Very High
10845,4497,256,8,174,1175,781,16,47,0,0,1,0,1,Very High
10846,2492,32,8,238,1433,2457,23,11,0,0,1,0,1,Very High
10847,3561,32,12,224,880,1030,5,46,0,1,1,1,0,Very High
10848,4176,64,6,215,613,1958,31,8,1,0,1,1,0,High
10849,4117,256,16,153,1238,1795,20,73,1,0,1,1,1,Very High
10850,2345,64,3,91,752,2067,32,9,0,1,1,1,0,High
10851,1905,16,6,165,378,2302,32,79,0,1,1,0,0,Very High
10852,3730,512,16,210,1288,2304,10,96,1,1,1,1,0,Very High
10853,3572,512,3,131,1155,1644,22,84,0,1,0,0,1,Very High
10854,3772,512,6,143,518,793,14,45,1,1,0,1,1,Very High
10855,2554,256,8,164,534,663,15,98,0,0,1,1,1,Very High
10856,4721,512,8,105,1217,2167,24,8,1,1,1,0,1,Very High
10857,3408,16,2,107,791,1192,29,6,1,0,1,1,1,High
10858,4202,64,4,179,566,1790,15,71,0,1,0,0,1,Very High
10859,2032,256,16,233,701,750,23,25,1,1,1,1,1,Very High
10860,901,64,12,95,1310,2274,11,74,0,0,0,0,0,Very High
10861,4207,256,6,197,1246,1290,17,47,1,1,1,1,0,Very High
10862,4912,64,12,137,879,677,32,86,0,0,0,0,0,Very High
10863,1274,32,2,131,1394,1559,6,73,0,0,1,1,0,High
10864,1236,64,4,165,1008,1706,24,13,0,0,1,1,1,High
10865,2325,512,6,166,699,2124,28,88,1,1,0,1,1,Very High
10866,2822,32,3,221,793,1107,7,32,0,1,1,1,1,High
10867,1085,64,16,219,1423,1083,27,30,0,1,1,1,1,Very High
10868,3981,256,4,148,1016,1641,3,86,0,1,0,1,1,Very High
10869,1174,256,8,244,1230,1925,14,87,1,1,1,0,1,Very High
10870,1117,256,2,116,1279,1560,30,7,0,1,1,1,1,High
10871,4300,128,4,168,797,2065,14,77,1,0,1,1,1,Very High
10872,1654,16,16,161,1323,1390,20,104,1,1,0,1,0,Very High
10873,1905,256,4,96,1245,1073,19,99,1,1,1,1,0,Very High
10874,4820,32,16,200,1026,1875,29,53,0,1,1,0,1,Very High
10875,2690,256,8,208,1173,1079,20,21,0,1,1,1,1,Very High
10876,4272,128,6,152,1336,993,2,67,1,0,1,1,0,Very High
10877,4858,512,3,213,1073,2375,9,59,0,0,1,1,0,Very High
10878,3413,32,8,101,822,1546,23,27,0,0,0,1,1,Very High
10879,2903,128,3,230,1136,2437,17,38,1,0,0,0,0,Very High
10880,3820,512,6,132,907,1289,30,73,1,0,1,1,1,Very High
10881,1666,32,4,106,1027,1568,3,19,0,1,1,1,0,High
10882,4132,64,3,152,1387,769,9,51,1,0,0,1,1,Very High
10883,1388,16,2,209,1427,1248,7,7,0,0,1,1,1,Medium
10884,4943,16,2,125,526,950,17,87,1,1,1,1,1,Very High
10885,4401,128,16,97,470,567,24,32,0,1,1,1,0,Very High
10886,1041,512,8,158,987,1269,12,7,0,0,0,1,1,Very High
10887,2424,16,6,179,847,2144,18,106,1,1,0,1,1,Very High
10888,2492,512,16,125,484,1789,24,8,0,1,1,1,1,Very High
10889,2459,512,8,117,1236,1344,20,92,0,0,1,1,1,Very High
10890,3912,128,8,207,1329,1773,12,35,1,1,1,1,1,Very High
10891,1689,128,16,182,356,503,29,49,0,0,1,1,1,Very High
10892,2962,128,12,165,652,2366,9,63,0,0,1,1,1,Very High
10893,3182,16,8,190,722,790,23,49,0,1,1,1,1,Very High
10894,1651,128,12,247,733,1964,5,79,1,0,1,1,1,Very High
10895,1422,16,2,240,364,1711,12,41,1,0,0,1,0,Medium
10896,4089,128,2,233,525,1185,9,69,1,1,1,1,1,Very High
10897,2779,256,8,103,381,1839,10,13,1,1,1,1,1,Very High
10898,3417,512,2,160,739,901,27,21,1,1,1,0,1,Very High
10899,3032,128,6,213,1187,2253,3,69,0,1,1,1,1,Very High
10900,4076,32,12,214,1139,1426,17,7,0,0,1,1,1,Very High
10901,2200,512,12,126,338,1666,32,30,0,1,1,1,1,Very High
10902,985,512,8,118,684,2314,7,57,1,1,0,1,1,Very High
10903,4195,128,2,232,1350,2044,22,35,0,0,1,1,1,Very High
10904,2765,64,3,108,747,1328,22,30,1,0,1,0,1,High
10905,1468,128,16,195,899,2069,27,27,0,0,1,1,1,Very High
10906,3757,512,16,110,865,1798,28,34,1,0,1,1,1,Very High
10907,4989,32,12,153,644,2427,20,14,0,1,1,1,1,Very High
10908,2861,512,8,116,374,1788,29,76,0,1,1,1,1,Very High
10909,3993,32,8,144,1097,866,9,93,1,0,0,1,1,Very High
10910,1646,16,6,118,1311,2515,15,68,0,0,0,1,0,Very High
10911,4035,256,4,237,361,1641,25,26,0,0,1,1,1,Very High
10912,4850,512,4,114,550,2505,17,19,1,0,1,1,1,Very High
10913,2181,128,12,159,772,1195,13,60,0,1,1,1,1,Very High
10914,2601,16,16,152,713,905,6,78,0,0,1,1,0,Very High
10915,4151,256,6,219,1010,1919,25,24,1,1,1,0,1,Very High
10916,4764,128,6,239,711,2553,27,51,1,0,1,0,1,Very High
10917,754,64,6,105,923,864,32,91,1,1,0,1,1,Very High
10918,2523,128,12,235,1200,535,25,57,1,1,1,1,1,Very High
10919,4162,32,4,189,1421,585,20,57,1,1,1,1,1,Very High
10920,3779,32,16,119,404,1149,19,5,0,1,1,1,1,Very High
10921,1532,64,6,134,1373,855,10,6,1,0,0,1,0,Medium
10922,3506,16,16,108,368,1222,3,62,1,1,0,1,1,Very High
10923,3190,256,2,123,388,1446,26,23,0,0,1,0,0,High
10924,1027,128,8,230,1401,787,21,66,0,1,1,1,1,Very High
10925,4010,32,8,151,1016,1281,13,82,0,1,1,1,1,Very High
10926,4000,16,16,207,798,589,30,76,0,0,1,0,1,Very High
10927,4375,64,3,189,1139,2144,3,106,0,0,1,1,1,Very High
10928,3754,512,3,111,466,819,11,16,1,1,1,1,0,Very High
10929,2843,32,12,200,1335,2068,2,30,0,1,1,1,1,Very High
10930,2011,64,12,162,928,1458,5,31,1,0,1,0,0,Very High
10931,3891,128,8,236,765,2395,26,33,0,1,0,1,0,Very High
10932,3238,256,2,127,540,647,13,19,1,0,1,1,1,Very High
10933,4683,32,4,159,414,1036,10,50,0,0,1,0,0,High
10934,864,32,4,205,581,1384,5,5,1,0,1,1,1,High
10935,4977,128,12,168,1216,584,10,64,1,1,1,1,1,Very High
10936,1522,512,2,237,1414,2527,32,96,1,1,1,1,0,Very High
10937,1643,16,12,98,538,625,29,61,1,0,0,1,0,Very High
10938,1474,256,4,121,411,1353,7,7,1,0,1,1,1,High
10939,2898,32,16,221,446,778,2,22,1,0,1,1,1,Very High
10940,3856,256,12,139,399,2216,11,56,1,0,1,1,1,Very High
10941,4942,32,6,171,1302,1125,30,64,1,1,0,1,1,Very High
10942,4395,256,16,94,1235,1117,15,38,1,0,1,1,1,Very High
10943,4152,64,12,237,805,1263,23,100,1,1,0,1,1,Very High
10944,1614,32,8,176,1013,1376,26,97,0,0,0,0,1,Very High
10945,2008,256,12,215,344,850,30,93,1,1,1,1,1,Very High
10946,4877,16,8,164,475,966,19,64,1,1,1,1,1,Very High
10947,1213,64,2,111,951,2517,7,30,0,1,1,1,1,Very High
10948,2620,64,4,157,1400,1840,19,107,1,1,1,1,1,Very High
10949,4294,16,16,133,338,671,21,76,1,1,1,0,1,Very High
10950,2109,256,16,123,556,1209,17,23,0,0,1,1,0,Very High
10951,3890,128,3,166,596,1436,16,26,0,0,1,1,1,High
10952,2255,16,3,131,1064,860,17,97,1,1,1,1,1,Very High
10953,1504,256,4,226,871,1277,9,37,0,0,1,1,1,Very High
10954,1979,16,3,195,958,718,14,42,1,0,1,1,0,High
10955,4277,16,16,184,556,1585,24,39,1,0,1,1,1,Very High
10956,3601,32,12,224,1317,1866,12,71,1,0,1,1,1,Very High
10957,2087,256,2,157,374,2007,29,87,0,0,0,1,1,Very High
10958,3461,128,2,236,1003,2147,30,14,1,0,1,1,0,High
10959,3379,32,4,248,428,516,26,95,1,0,0,1,1,Very High
10960,2806,16,3,217,692,2476,8,19,0,1,1,1,0,High
10961,4923,512,12,174,1292,1905,18,15,1,0,0,1,1,Very High
10962,3468,16,2,248,520,1970,19,94,1,0,1,1,1,Very High
10963,4653,16,2,172,1168,1704,23,28,1,0,1,1,0,High
10964,3886,256,6,184,828,2502,24,81,1,1,1,1,1,Very High
10965,3980,256,6,121,594,1312,20,100,1,1,1,1,1,Very High
10966,3273,32,16,155,530,1076,26,105,1,0,1,1,1,Very High
10967,3299,128,2,205,823,1179,14,8,0,1,1,1,1,High
10968,4733,32,4,227,1022,2126,16,17,1,1,1,0,1,High
10969,936,64,8,219,361,2498,24,77,1,0,1,0,1,Very High
10970,2004,16,8,149,634,920,31,61,0,1,1,1,1,Very High
10971,4130,512,12,106,1107,2340,23,102,1,0,1,1,1,Very High
10972,2001,16,2,185,648,2120,30,41,1,1,1,1,1,High
10973,3241,16,2,233,1360,2009,23,52,0,0,0,0,0,High
10974,2751,32,16,105,602,1574,2,75,0,1,1,1,1,Very High
10975,1141,512,2,135,1262,1047,30,5,0,0,1,1,1,Very High
10976,2776,512,4,248,577,715,17,64,0,0,1,1,1,Very High
10977,3880,512,6,196,894,1784,6,16,0,1,1,1,1,Very High
10978,3357,32,2,177,893,1665,27,25,0,0,1,1,1,Very High
10979,4498,16,2,218,931,1512,4,15,0,0,0,1,1,Low
10980,1504,32,16,228,1362,2320,24,48,1,1,1,0,1,Very High
10981,774,256,3,208,1156,704,11,62,1,0,0,1,1,Very High
10982,2875,256,16,174,742,2322,20,48,1,0,1,1,0,Very High
10983,4624,32,16,93,1077,1061,6,82,0,1,0,1,1,Very High
10984,2789,512,4,160,1082,648,8,102,1,0,1,1,1,Very High
10985,740,16,12,243,1424,1945,15,38,0,1,1,1,1,Very High
10986,2781,32,2,200,743,493,4,29,1,0,0,1,1,High
10987,2322,32,16,139,748,1923,14,8,1,1,1,1,0,Very High
10988,1041,32,16,229,523,2350,14,68,1,1,1,1,0,Very High
10989,4752,64,3,184,515,2023,11,94,1,0,1,1,1,Very High
10990,2774,256,16,181,1047,2169,3,20,0,1,1,1,1,Very High
10991,1345,512,8,154,604,2051,7,14,0,0,0,0,1,Very High
10992,4963,128,12,136,515,1531,9,70,1,0,0,0,1,Very High
10993,1309,512,2,195,626,2211,5,39,0,1,1,1,1,Very High
10994,1154,128,2,219,333,925,26,87,0,0,1,0,0,Very High
10995,3653,64,3,195,1400,1195,13,10,1,0,1,0,1,Very High
10996,2408,32,4,113,1042,1298,29,23,0,1,0,1,1,High
10997,4172,64,2,93,1099,905,16,63,0,0,0,1,1,Very High
10998,3669,64,8,197,848,1604,9,57,0,0,1,1,1,Very High
10999,3728,16,2,108,1117,2044,8,12,0,1,0,1,1,Low
11000,3381,256,8,243,663,1329,15,82,1,0,1,1,1,Very High
11001,4329,128,12,129,528,2025,24,14,1,0,0,1,1,Very High
11002,4925,32,12,139,960,1609,20,71,0,1,0,1,1,Very High
11003,3767,128,6,164,571,2182,15,42,1,0,1,1,0,Very High
11004,2086,512,6,101,590,2481,23,33,1,0,1,1,1,Very High
11005,4476,128,8,116,1239,756,14,19,1,1,1,1,1,Very High
11006,3566,512,4,202,738,2286,30,91,0,0,0,1,1,Very High
11007,4063,256,2,138,1114,2419,22,27,0,0,1,0,1,Very High
11008,4824,512,16,233,1419,1025,2,86,1,1,1,0,1,Very High
11009,848,128,2,219,1044,589,28,50,1,1,1,0,1,High
11010,4550,128,6,149,752,1024,20,87,0,0,1,1,1,Very High
11011,2758,512,16,119,428,1222,30,32,1,0,1,0,0,Very High
11012,1836,64,8,173,960,1769,29,30,0,1,1,1,1,Very High
11013,886,256,16,117,1390,2355,2,14,1,0,1,0,0,Very High
11014,3554,16,2,114,698,1568,5,51,0,0,1,1,1,Very High
11015,1950,32,2,185,1439,812,11,8,0,0,0,1,0,Medium
11016,2033,128,4,214,1277,2016,4,59,0,1,1,1,1,Very High
11017,4893,32,3,99,422,1636,28,70,0,0,1,1,0,Very High
11018,4850,16,16,131,1211,1071,21,71,1,0,1,0,1,Very High
11019,3411,32,6,129,1173,1262,10,11,0,1,1,1,1,High
11020,2485,16,6,166,1370,1019,4,59,1,1,1,0,1,Very High
11021,1450,512,3,194,849,2038,29,84,0,1,1,1,1,Very High
11022,2462,64,2,207,998,1999,7,35,0,0,1,1,1,High
11023,4620,128,4,131,1308,1098,7,78,1,0,1,0,1,Very High
11024,1181,16,4,136,1425,2313,24,23,1,1,1,0,0,High
11025,853,32,6,111,747,1471,26,32,1,0,1,1,1,High
11026,2224,128,4,196,1141,2096,13,85,0,0,1,1,1,Very High
11027,2820,64,12,116,1251,1998,24,32,0,0,0,1,1,Very High
11028,3043,512,3,130,1381,1001,31,23,1,0,1,1,1,Very High
11029,1940,128,2,169,830,1396,2,105,0,1,1,1,1,Very High
11030,760,16,12,249,712,1196,17,91,1,1,1,0,1,Very High
11031,1638,64,3,178,1032,2416,32,24,0,0,1,1,1,High
11032,2339,32,8,155,813,1039,25,17,0,1,1,0,1,High
11033,4820,64,16,101,866,1448,6,81,0,0,1,1,0,Very High
11034,4926,64,6,162,913,1557,10,47,1,0,1,1,1,Very High
11035,4269,256,4,165,708,1369,11,15,0,1,1,0,0,Very High
11036,1952,64,8,179,477,1272,14,52,1,1,1,1,1,Very High
11037,4903,64,4,99,1347,1461,16,19,1,0,1,1,1,Very High
11038,871,128,12,185,486,1281,13,21,0,0,0,1,1,High
11039,2158,32,2,109,1279,522,6,58,1,0,1,0,1,Very High
11040,4249,128,2,128,728,2089,6,54,1,0,1,0,1,Very High
11041,4897,128,2,149,513,2257,32,32,0,1,0,1,1,Very High
11042,3022,16,4,155,554,829,29,87,1,1,1,1,1,Very High
11043,2336,128,8,154,1037,2047,29,8,1,0,1,1,0,Very High
11044,3815,256,2,213,1135,1609,31,26,0,0,1,0,1,Very High
11045,4790,256,8,241,723,2528,19,90,0,1,1,1,1,Very High
11046,3704,16,4,244,1212,2260,13,105,0,0,1,1,0,Very High
11047,1029,512,12,219,997,1063,28,43,1,1,1,1,1,Very High
11048,4340,32,8,248,387,911,4,38,1,0,0,1,1,High
11049,4594,32,12,146,407,2412,27,101,0,1,1,1,1,Very High
11050,4807,128,4,167,536,1828,26,48,1,0,1,1,1,Very High
11051,2041,128,4,118,320,2510,8,46,0,0,1,1,1,Very High
11052,4363,512,6,104,459,1669,18,44,0,0,0,1,1,Very High
11053,915,128,4,101,937,1642,20,101,0,1,0,1,1,Very High
11054,1038,32,4,190,452,778,29,16,1,1,0,1,1,Medium
11055,4762,64,3,245,497,2419,19,6,1,0,1,1,1,High
11056,3408,256,2,173,1129,1268,2,32,0,0,1,0,1,High
11057,3852,64,6,214,699,1329,26,78,0,0,0,0,1,Very High
11058,2450,64,16,192,1227,1857,25,90,1,0,1,1,1,Very High
11059,3121,32,6,113,977,1657,32,85,0,1,1,0,1,Very High
11060,1409,64,6,238,769,2429,6,94,1,1,1,1,1,Very High
11061,4426,512,16,227,905,1357,28,71,0,1,1,1,1,Very High
11062,4342,16,3,199,782,1618,29,75,0,0,0,1,1,Very High
11063,4693,128,12,167,1309,2057,3,76,1,0,1,1,0,Very High
11064,1188,16,4,190,441,2126,2,88,1,1,0,0,1,High
11065,746,256,2,235,336,2383,8,80,1,0,1,0,1,Very High
11066,4059,128,8,231,646,1862,30,103,1,1,1,1,0,Very High
11067,1100,64,16,217,637,624,12,85,1,1,1,1,1,Very High
11068,4690,256,12,147,1128,1682,12,96,0,1,1,1,1,Very High
11069,3857,128,16,165,822,2341,32,14,0,1,1,1,1,Very High
11070,1090,512,4,239,438,2334,19,90,1,0,1,1,1,Very High
11071,4553,512,3,125,1029,2346,18,106,1,1,1,1,1,Very High
11072,1328,512,16,111,364,1578,3,61,0,0,0,1,1,Very High
11073,4932,512,4,216,633,1631,8,101,0,1,1,1,0,Very High
11074,3630,64,4,169,737,2214,8,90,1,1,1,1,1,Very High
11075,2221,16,3,189,875,1047,11,41,1,1,1,1,1,High
11076,1526,128,6,185,1421,2293,23,81,0,1,1,1,1,Very High
11077,2200,64,6,250,645,1010,22,95,1,0,1,0,1,Very High
11078,3994,512,2,237,834,2041,4,68,0,0,1,1,1,Very High
11079,3119,16,2,107,533,1160,31,83,0,0,1,1,1,Very High
11080,1634,256,6,127,393,2550,13,90,1,0,1,1,1,Very High
11081,3742,256,12,240,828,1550,4,98,0,1,0,1,1,Very High
11082,2166,256,8,198,651,1208,12,44,0,0,1,1,0,Very High
11083,4261,512,4,212,1436,2209,30,105,0,0,1,1,1,Very High
11084,1314,256,8,233,1007,1147,13,102,1,1,1,1,1,Very High
11085,1882,32,4,238,976,2092,26,64,0,0,1,0,1,Very High
11086,3923,128,6,193,1347,1160,5,102,1,0,1,1,1,Very High
11087,3367,128,2,229,919,1452,26,52,0,0,1,1,1,Very High
11088,830,512,12,233,1395,1306,17,103,0,0,1,0,1,Very High
11089,3683,32,2,170,644,776,21,23,0,1,0,1,1,High
11090,4978,64,8,176,1311,1733,19,76,0,1,1,1,0,Very High
11091,738,64,2,231,1036,2208,32,107,0,0,1,1,1,Very High
11092,4659,256,6,150,1042,2504,5,37,1,1,1,1,0,Very High
11093,4287,16,12,135,596,809,23,48,1,0,1,0,1,Very High
11094,1620,64,8,121,855,1635,7,96,0,0,1,1,1,Very High
11095,3469,16,12,104,471,2370,22,41,1,0,1,1,1,Very High
11096,4811,128,4,133,1274,861,32,93,1,1,1,1,0,Very High
11097,1192,16,2,234,578,1322,16,40,0,1,0,1,1,Medium
11098,1831,128,12,143,643,875,2,85,1,1,1,1,1,Very High
11099,4221,32,3,133,1336,929,4,92,1,1,0,1,1,Very High
11100,1010,32,2,187,1188,1834,6,25,1,1,1,1,1,High
11101,1438,512,4,94,1007,2466,23,6,1,1,1,1,0,Very High
11102,3941,512,12,198,629,1788,31,35,0,0,1,1,1,Very High
11103,1245,256,8,116,1122,1777,18,101,1,1,0,0,1,Very High
11104,3161,64,4,205,1399,2547,31,34,0,0,1,1,1,Very High
11105,2504,256,3,176,939,1773,15,80,0,0,1,1,1,Very High
11106,3912,128,12,193,792,2329,10,48,1,1,0,1,1,Very High
11107,4510,256,16,212,780,665,31,16,0,0,1,1,1,Very High
11108,1513,16,16,168,1133,1713,4,55,1,0,1,1,1,Very High
11109,4824,128,6,132,1165,1917,27,53,0,0,1,1,0,Very High
11110,2732,512,2,186,986,732,14,28,1,1,1,1,1,Very High
11111,944,32,8,120,581,498,4,28,1,1,0,1,1,High
11112,971,512,6,188,674,1639,12,64,0,0,1,0,0,Very High
11113,4211,64,12,106,1089,702,3,15,1,1,1,1,1,Very High
11114,2471,128,16,172,499,482,25,17,1,0,1,1,1,Very High
11115,1962,128,16,199,385,1739,16,95,1,1,1,1,1,Very High
11116,3124,16,16,121,1139,1333,14,76,1,0,1,0,1,Very High
11117,1620,64,12,230,490,1968,20,78,0,0,1,1,1,Very High
11118,4130,32,16,124,793,707,23,76,0,1,0,1,0,Very High
11119,3324,128,4,222,853,2157,17,68,0,1,1,1,1,Very High
11120,4460,128,12,118,758,978,19,24,1,1,1,1,0,Very High
11121,2750,16,8,159,1154,2365,8,76,0,1,1,0,1,Very High
11122,4200,256,6,242,546,2495,14,77,1,1,1,1,1,Very High
11123,1865,32,8,184,761,1642,5,75,1,0,1,0,1,Very High
11124,1075,512,3,111,715,1779,10,82,1,0,1,0,1,Very High
11125,2733,64,16,158,1047,1556,31,32,0,0,1,1,1,Very High
11126,845,128,3,178,403,1194,11,6,0,1,1,1,1,Medium
11127,1131,128,2,161,1356,1427,10,47,0,1,1,0,1,Very High
11128,1404,512,2,218,1012,1349,8,12,0,0,0,0,1,Very High
11129,3332,32,3,176,812,1550,16,17,1,0,0,1,1,Medium
11130,1663,256,12,185,1289,573,29,89,0,0,1,1,1,Very High
11131,2934,128,8,164,672,1039,9,96,0,0,1,1,0,Very High
11132,2741,32,3,143,1400,2255,20,39,0,1,1,1,1,High
11133,2528,512,2,177,359,915,12,27,0,0,1,1,0,Very High
11134,2808,16,3,246,959,1331,6,50,1,1,1,1,1,High
11135,4768,256,12,143,492,684,3,19,0,0,1,1,1,Very High
11136,1638,64,3,105,578,1579,11,6,0,1,1,1,1,Medium
11137,1506,128,8,188,836,556,17,65,0,1,1,1,1,Very High
11138,2163,32,6,109,1049,1295,24,80,1,1,0,1,1,Very High
11139,4115,16,12,135,842,1247,14,68,0,1,0,1,1,Very High
11140,710,64,2,216,1158,585,9,56,0,0,1,0,1,High
11141,2568,32,8,147,436,2226,10,40,0,0,1,1,1,Very High
11142,1584,32,3,200,503,1945,12,71,1,0,0,1,1,Very High
11143,4264,64,3,218,481,724,12,73,1,1,0,0,1,Very High
11144,2089,16,6,170,862,1885,24,71,0,0,1,1,1,Very High
11145,4101,512,2,246,1158,1461,27,51,0,0,0,1,1,Very High
11146,1524,16,2,173,1409,2216,32,87,1,0,1,1,1,Very High
11147,2965,256,4,159,1413,621,17,6,1,1,1,1,1,Very High
11148,1636,128,2,97,766,1372,11,48,1,1,0,1,1,High
11149,3500,64,6,118,735,1871,30,105,1,1,1,1,1,Very High
11150,3253,512,16,201,851,1024,25,68,1,0,0,1,1,Very High
11151,4545,64,4,250,760,1949,13,85,0,0,1,1,1,Very High
11152,2496,64,4,220,1057,1242,26,82,0,0,1,0,1,Very High
11153,753,16,3,197,783,1103,7,32,0,1,0,0,1,High
11154,1426,128,3,198,715,1135,29,95,0,0,0,1,1,Very High
11155,3436,256,2,109,1030,1727,13,58,1,1,0,0,1,Very High
11156,3870,32,4,162,714,522,11,78,1,1,0,0,1,Very High
11157,2613,32,3,93,645,1506,19,71,1,1,1,0,1,Very High
11158,2296,64,6,108,1434,2140,19,40,1,1,1,1,1,Very High
11159,2614,128,3,191,1069,1771,5,106,1,0,1,1,1,Very High
11160,3166,512,12,230,1413,1075,32,67,0,0,1,1,0,Very High
11161,3437,16,12,230,961,1492,10,29,0,1,1,1,1,Very High
11162,1549,128,3,175,533,1437,8,90,0,0,1,0,1,Very High
11163,2809,128,4,141,688,1040,19,52,0,1,1,1,0,Very High
11164,702,16,16,200,368,1810,9,43,0,0,1,1,1,Very High
11165,4955,64,16,198,1395,1792,12,51,1,0,1,1,1,Very High
11166,4769,128,4,175,452,2301,8,98,1,1,1,1,0,Very High
11167,1592,32,8,132,1318,2030,10,25,1,1,1,1,1,Very High
11168,2730,16,16,131,1105,1329,9,34,1,1,1,0,1,Very High
11169,3860,512,12,179,692,1758,4,96,1,1,1,1,1,Very High
11170,3076,256,6,204,798,2013,18,35,0,0,1,0,1,Very High
11171,2633,64,4,115,1151,2294,3,30,0,1,1,1,1,High
11172,2080,16,2,240,969,2221,16,26,0,0,1,1,1,High
11173,4381,256,12,132,1001,1085,15,25,1,1,1,1,1,Very High
11174,1990,256,6,166,1007,1966,30,5,1,0,1,0,1,Very High
11175,2340,512,6,245,401,1774,19,41,1,1,1,0,1,Very High
11176,3382,128,4,226,406,1225,17,81,1,0,0,1,1,Very High
11177,1687,512,6,109,544,1037,21,89,0,0,1,1,1,Very High
11178,1918,128,4,128,335,1421,23,50,1,0,1,1,1,Very High
11179,2055,128,16,101,1141,1749,5,13,0,1,0,1,1,Very High
11180,4965,16,3,100,482,1419,26,21,1,1,1,1,1,High
11181,4835,16,12,243,833,2090,21,51,0,1,1,1,1,Very High
11182,2260,64,8,131,669,2205,7,89,1,1,1,0,1,Very High
11183,2118,128,3,244,1000,1464,7,99,1,0,0,0,1,Very High
11184,1654,256,12,100,1435,2067,27,107,0,0,0,1,1,Very High
11185,1683,32,4,127,500,1816,12,63,0,0,1,1,1,Very High
11186,1674,64,12,187,1062,2354,27,58,1,1,1,0,1,Very High
11187,4833,16,16,108,979,1141,18,90,0,0,1,0,1,Very High
11188,4672,512,4,223,812,512,25,16,1,0,1,0,1,Very High
11189,1613,64,3,205,1242,2296,29,68,1,1,1,1,1,Very High
11190,736,64,2,202,447,2369,4,10,0,1,1,0,1,Medium
11191,4087,64,2,154,884,1636,32,57,1,0,1,1,1,Very High
11192,2411,64,12,188,869,540,14,20,1,1,1,1,1,Very High
11193,3720,32,2,161,772,2023,23,94,0,1,1,1,1,Very High
11194,1495,512,4,141,790,751,4,9,1,1,1,0,1,High
11195,4736,512,6,207,1307,1679,17,77,1,1,1,1,0,Very High
11196,3811,512,4,209,1057,2286,16,50,1,0,1,0,1,Very High
11197,2024,128,6,96,543,1634,12,108,1,0,1,1,0,Very High
11198,1017,256,3,100,473,1605,19,18,0,0,1,0,1,High
11199,3096,512,8,192,879,789,16,48,0,0,1,1,1,Very High
11200,2862,64,6,150,670,1795,6,67,0,0,0,1,1,Very High
11201,3445,64,2,157,668,2225,17,98,1,1,1,1,1,Very High
11202,2291,512,4,242,501,817,31,56,0,0,0,1,1,Very High
11203,3811,512,3,229,956,489,17,30,0,0,0,1,0,Very High
11204,4630,64,2,243,1337,528,18,57,0,1,1,1,1,Very High
11205,2696,128,3,191,498,1990,10,33,1,1,0,1,0,High
11206,2012,16,8,199,1382,1824,28,23,0,1,0,1,0,High
11207,1985,16,16,229,1091,1210,24,51,0,0,1,1,0,Very High
11208,3083,512,4,140,1213,1274,4,12,1,1,1,1,1,Very High
11209,3939,32,12,206,1346,2128,21,27,1,1,1,1,1,Very High
11210,2839,512,4,135,1335,612,14,39,1,1,0,1,1,Very High
11211,2404,512,8,142,383,855,23,99,1,0,0,0,1,Very High
11212,1062,16,4,177,348,750,4,57,1,1,0,0,0,Medium
11213,3304,64,12,210,691,1986,29,103,1,1,1,0,1,Very High
11214,2416,512,6,102,416,555,8,100,0,0,1,0,0,Very High
11215,4986,64,3,178,1312,2436,30,62,0,1,1,1,1,Very High
11216,4438,64,12,214,340,2146,7,9,1,0,1,1,0,Very High
11217,3169,32,2,207,1054,808,10,20,1,0,0,1,1,Medium
11218,1256,64,8,143,1389,520,13,21,0,1,1,1,1,Very High
11219,1525,16,6,205,385,1670,16,36,1,0,1,1,1,High
11220,3508,128,2,207,922,2536,22,106,1,1,1,1,1,Very High
11221,3419,128,2,93,657,492,21,100,0,1,1,1,1,Very High
11222,4208,256,8,164,442,1403,4,56,1,1,1,1,0,Very High
11223,4441,512,6,138,766,2322,11,24,1,1,1,0,1,Very High
11224,2274,16,16,96,930,1712,2,70,0,0,1,1,1,Very High
11225,4698,64,2,199,990,1694,20,88,0,1,1,1,0,Very High
11226,2829,128,2,211,934,1132,20,86,0,1,1,1,1,Very High
11227,3103,16,6,100,1216,2183,24,5,0,1,1,1,0,High
11228,4029,128,4,181,600,1100,24,62,0,0,1,1,1,Very High
11229,1288,64,2,112,1386,2442,14,97,1,0,1,1,1,Very High
11230,2712,128,3,117,915,2125,32,97,1,1,0,0,1,Very High
11231,2247,512,6,200,1022,896,13,87,1,0,0,0,1,Very High
11232,994,512,2,146,1394,1143,2,48,1,0,1,1,0,Very High
11233,2685,256,8,115,529,2258,20,108,1,1,0,1,1,Very High
11234,3817,256,12,242,445,1859,30,10,0,1,1,1,1,Very High
11235,2390,128,3,143,811,627,25,107,1,1,0,1,1,Very High
11236,1836,16,12,118,1279,2525,17,54,1,1,1,1,1,Very High
11237,2764,512,12,186,1289,1868,26,76,1,1,1,1,1,Very High
11238,1707,16,2,103,900,2205,24,92,1,0,1,1,1,Very High
11239,3214,16,3,167,1096,881,24,24,1,1,1,0,1,High
11240,4226,128,3,124,577,1995,29,18,0,1,1,1,0,Very High
11241,1947,16,4,119,549,2511,16,9,1,1,1,1,1,Medium
11242,4602,512,12,181,508,708,17,45,1,1,0,0,0,Very High
11243,2135,64,3,106,329,2078,12,44,1,1,1,0,1,Very High
11244,1271,256,4,247,1419,747,25,38,1,0,1,1,1,Very High
11245,3082,64,6,182,995,1908,7,84,1,1,0,0,1,Very High
11246,1945,16,4,168,821,2296,12,49,1,0,1,1,0,Very High
11247,2784,64,8,199,404,1514,4,75,0,1,0,1,1,Very High
11248,977,512,16,191,368,1823,16,84,1,1,1,1,1,Very High
11249,2587,512,2,195,1157,605,2,75,0,1,1,1,0,Very High
11250,1965,16,6,136,1327,2205,8,31,0,0,1,1,1,High
11251,1740,128,16,153,1008,1592,2,82,1,1,0,1,1,Very High
11252,1617,64,16,153,706,1855,18,82,1,1,1,1,0,Very High
11253,1585,128,6,176,1289,1168,10,48,1,1,1,1,1,Very High
11254,3452,128,8,96,1325,1760,30,37,0,1,1,1,1,Very High
11255,721,32,4,111,537,1712,27,37,1,1,1,1,1,High
11256,3891,16,2,170,1324,760,24,48,1,1,1,1,1,Very High
11257,3053,256,4,163,574,922,14,24,1,1,0,1,1,Very High
11258,1386,512,3,227,555,2343,12,40,0,0,1,1,1,Very High
11259,984,512,4,224,1369,1316,30,11,0,1,0,0,1,Very High
11260,4447,16,6,214,590,868,21,36,1,1,0,1,1,Very High
11261,1462,256,2,139,442,1096,7,71,0,1,1,0,1,Very High
11262,3128,512,4,141,975,626,2,43,1,0,0,1,0,Very High
11263,3207,16,2,250,578,1000,8,97,0,0,1,1,0,Very High
11264,728,512,2,90,1267,1109,13,28,1,1,1,0,1,Very High
11265,1606,128,3,93,366,768,32,90,0,0,1,1,1,Very High
11266,3804,64,3,234,1182,1889,23,74,1,1,1,1,0,Very High
11267,4699,64,6,221,844,493,21,92,1,1,1,1,0,Very High
11268,3694,512,8,93,1207,736,24,108,0,0,1,1,1,Very High
11269,3206,32,16,90,527,2201,20,91,0,1,1,1,1,Very High
11270,4309,256,2,160,1066,1903,18,58,0,0,1,1,1,Very High
11271,4253,256,8,124,468,1710,5,42,0,0,1,1,1,Very High
11272,2153,256,16,97,757,1337,4,78,0,0,1,0,1,Very High
11273,4056,128,16,241,474,1675,2,84,1,1,1,0,1,Very High
11274,1215,256,6,125,1433,943,19,79,1,1,1,1,1,Very High
11275,738,64,16,212,677,749,28,36,0,1,1,1,0,Very High
11276,4042,128,16,132,775,1724,22,49,1,1,0,1,1,Very High
11277,1586,16,2,116,1095,1686,16,65,1,1,0,1,1,High
11278,3544,256,2,121,948,551,9,74,0,1,0,0,1,Very High
11279,2904,256,12,167,1151,1786,2,92,1,1,0,1,0,Very High
11280,1798,16,8,210,805,2230,21,101,1,0,0,1,1,Very High
11281,2523,256,4,235,852,976,15,57,0,1,1,1,1,Very High
11282,3901,16,3,245,519,1467,5,55,0,1,1,1,0,Very High
11283,3855,128,4,246,690,1389,6,80,1,1,1,1,1,Very High
11284,3793,64,8,105,1333,852,24,60,0,0,0,1,1,Very High
11285,4230,16,3,188,1172,841,14,31,1,0,1,1,1,High
11286,4478,32,4,136,567,1824,29,42,0,0,1,1,1,Very High
11287,3596,16,12,120,1107,803,25,66,0,1,1,0,1,Very High
11288,4153,256,3,93,583,1054,16,22,0,0,1,1,1,Very High
11289,4211,128,2,106,1401,1215,7,107,0,0,1,0,1,Very High
11290,1688,512,4,128,350,1695,2,68,1,1,1,0,0,Very High
11291,4816,128,3,137,924,2175,24,81,0,1,1,1,1,Very High
11292,4726,512,12,128,821,2387,20,108,0,1,0,1,1,Very High
11293,4879,16,16,221,1427,1198,32,34,1,0,1,1,0,Very High
11294,2382,64,3,119,1205,1260,14,53,1,1,0,1,1,High
11295,4663,32,3,247,868,1499,30,45,1,1,1,1,1,Very High
11296,1633,128,12,111,1158,1883,30,17,1,1,1,1,1,Very High
11297,4298,256,16,155,1436,1906,7,38,0,1,1,0,1,Very High
11298,3933,512,4,197,1167,1143,16,104,1,1,0,1,1,Very High
11299,2680,256,6,101,933,2252,17,98,0,1,0,1,0,Very High
11300,2555,64,4,125,731,490,25,29,1,0,0,1,0,High
11301,3756,512,16,107,751,1518,24,70,0,1,0,0,1,Very High
11302,1492,128,8,179,997,1064,17,104,1,0,0,1,1,Very High
11303,1491,16,12,90,478,1555,11,22,0,0,0,0,1,High
11304,2509,256,4,216,333,1854,23,9,0,1,0,1,1,High
11305,2955,64,3,179,692,1931,10,23,1,0,1,1,1,High
11306,4310,128,12,176,544,2334,10,46,0,0,1,1,1,Very High
11307,2307,128,2,179,1416,2269,18,22,0,0,0,1,1,Medium
11308,1684,128,16,223,830,1222,18,36,0,1,1,1,0,Very High
11309,4376,128,4,159,922,2256,18,25,0,0,1,1,1,Very High
11310,4080,512,12,133,535,683,25,14,1,0,1,1,1,Very High
11311,1219,128,4,241,1307,1556,13,41,0,0,1,1,1,Very High
11312,1290,256,12,175,1159,1453,14,53,0,0,1,0,1,Very High
11313,1750,64,3,108,1046,1878,31,90,1,1,1,1,1,Very High
11314,4333,512,2,190,873,2345,13,17,1,1,1,1,1,Very High
11315,1659,128,2,235,1385,1779,15,59,1,0,1,1,1,Very High
11316,1392,32,8,184,995,1534,11,21,0,1,1,1,1,High
11317,4599,32,12,190,1192,1638,24,13,0,1,1,1,1,Very High
11318,3646,64,4,119,602,584,20,92,1,0,1,1,1,Very High
11319,1226,16,2,122,1401,732,30,48,0,1,1,1,0,Medium
11320,3924,16,16,101,1153,774,3,82,1,1,1,1,1,Very High
11321,2953,512,2,207,856,1661,5,50,0,0,1,1,1,Very High
11322,4044,512,6,183,1416,1028,20,12,1,0,0,0,1,Very High
11323,4665,512,6,244,1242,2257,8,41,0,1,1,1,1,Very High
11324,2575,16,2,226,1161,778,27,23,1,1,0,0,1,Medium
11325,2463,32,12,238,1267,2228,16,67,0,1,1,1,1,Very High
11326,1220,16,8,165,984,2323,16,96,1,1,1,1,1,Very High
11327,1716,256,2,118,386,580,25,50,0,0,0,1,1,Very High
11328,816,128,3,250,325,2254,7,98,0,0,1,1,0,Very High
11329,3133,512,4,206,956,1353,4,75,0,0,0,1,1,Very High
11330,1283,32,8,104,633,571,7,30,1,0,1,0,1,High
11331,1094,64,3,91,884,926,32,108,0,0,0,1,1,Very High
11332,4488,64,8,206,1145,588,17,50,0,1,1,1,1,Very High
11333,3468,128,3,107,825,796,3,50,0,1,1,1,1,Very High
11334,4867,32,4,92,1425,2315,32,79,1,0,1,1,0,Very High
11335,4560,16,4,224,1345,2423,29,18,0,0,1,1,0,High
11336,973,16,6,250,523,1938,8,89,1,0,0,1,1,Very High
11337,2713,256,12,197,981,921,31,67,0,1,1,1,1,Very High
11338,2089,256,3,184,1124,1725,12,76,1,1,0,1,1,Very High
11339,4266,16,6,211,723,2031,27,7,1,1,0,1,1,High
11340,865,64,3,100,855,757,31,32,0,0,0,1,1,Medium
11341,2267,512,6,157,896,1048,8,33,1,0,1,1,1,Very High
11342,1428,64,4,212,1082,1489,5,91,1,0,1,1,1,Very High
11343,2743,256,8,202,436,1318,30,22,0,0,0,0,1,Very High
11344,4897,128,16,187,947,2087,25,39,1,0,0,1,1,Very High
11345,4196,16,6,182,1068,509,21,81,1,1,0,1,1,Very High
11346,1478,256,3,111,424,2422,8,80,1,0,1,0,1,Very High
11347,913,256,3,216,814,1737,5,51,1,1,1,0,1,Very High
11348,4462,512,16,223,365,844,30,9,0,1,0,1,1,Very High
11349,2276,16,12,114,1142,2280,13,107,1,1,1,1,0,Very High
11350,3148,512,4,174,1301,2302,6,79,1,1,1,1,1,Very High
11351,3636,16,3,144,1279,2342,24,63,0,1,1,1,1,Very High
11352,3817,512,2,233,1164,1384,30,79,0,0,1,1,0,Very High
11353,1291,64,8,184,768,1177,31,63,1,0,1,1,1,Very High
11354,3420,128,6,231,855,2335,31,51,0,0,1,1,1,Very High
11355,1413,128,12,245,830,830,30,99,0,1,1,1,1,Very High
11356,1635,16,16,208,859,659,27,99,0,1,1,0,0,Very High
11357,701,32,8,98,335,1983,20,17,0,1,1,1,1,Medium
11358,3548,256,4,239,562,1666,27,82,0,1,1,1,1,Very High
11359,4744,256,12,249,1231,2286,6,93,0,1,0,1,1,Very High
11360,2649,16,6,131,1080,1253,28,37,0,1,0,1,1,Very High
11361,1617,512,6,142,1024,989,31,101,0,0,1,0,1,Very High
11362,3874,32,16,163,434,844,20,66,0,1,1,1,1,Very High
11363,2941,64,2,128,716,832,22,83,1,1,1,1,1,Very High
11364,789,512,16,211,713,1586,31,20,1,0,1,1,1,Very High
11365,2409,512,4,104,1418,1728,4,48,1,1,1,1,1,Very High
11366,2869,16,12,246,1297,891,28,62,1,0,0,1,1,Very High
11367,4938,16,12,212,616,1214,27,106,1,0,1,1,1,Very High
11368,3741,256,3,200,1321,597,12,10,0,0,1,1,1,High
11369,805,16,2,220,497,961,8,93,0,1,0,1,0,High
11370,1586,16,2,172,1286,671,30,19,1,0,0,1,1,High
11371,1127,16,12,99,634,586,18,8,1,0,0,1,1,Medium
11372,2595,256,12,181,1382,861,26,60,0,1,1,0,1,Very High
11373,1016,64,8,118,578,1262,10,68,1,0,1,1,1,Very High
11374,1334,64,8,124,326,723,22,72,0,1,1,1,1,Very High
11375,2625,16,8,95,368,947,10,98,1,1,1,1,1,Very High
11376,2756,256,2,229,480,1345,11,38,0,0,0,1,1,Very High
11377,3844,64,3,200,495,2041,14,95,1,1,1,1,1,Very High
11378,2970,512,6,127,1345,1713,16,99,0,1,1,0,1,Very High
11379,2139,64,8,166,1320,1083,23,60,1,0,1,1,1,Very High
11380,1252,64,3,182,774,2140,32,36,1,0,1,1,1,High
11381,1415,256,16,236,595,1576,6,107,0,0,1,1,1,Very High
11382,4611,512,4,156,817,2495,30,13,0,0,1,1,1,Very High
11383,2413,256,8,225,995,2138,4,67,1,1,1,1,1,Very High
11384,4089,16,16,97,1371,2213,28,76,1,0,1,1,0,Very High
11385,1807,128,6,211,1344,2093,28,82,0,0,1,0,1,Very High
11386,4906,64,4,173,375,1339,9,37,0,0,0,1,1,Very High
11387,950,128,4,221,866,2359,21,91,0,1,1,0,1,Very High
11388,3130,256,6,174,355,1756,11,25,1,1,1,1,1,Very High
11389,2754,256,8,134,758,492,14,59,1,1,1,1,1,Very High
11390,1158,256,2,225,914,1579,32,80,0,1,1,1,1,Very High
11391,907,128,6,176,626,1554,30,61,1,1,1,1,1,Very High
11392,1599,256,6,105,938,1266,4,6,1,0,0,1,1,High
11393,4161,16,6,166,676,628,30,17,0,1,1,1,0,High
11394,4085,256,4,98,500,2234,23,8,1,1,1,1,1,Very High
11395,721,32,3,149,387,1783,9,88,0,1,1,1,1,Very High
11396,1109,128,16,167,611,1659,30,54,0,0,0,1,0,Very High
11397,1594,32,2,166,1011,561,32,52,1,0,0,0,1,High
11398,1214,256,8,160,500,971,10,82,1,1,0,1,1,Very High
11399,4809,16,8,104,753,2505,31,34,0,0,1,1,0,Very High
11400,2834,64,16,160,1233,1404,23,33,0,1,1,1,1,Very High
11401,4295,512,3,191,385,1776,22,12,0,0,1,1,0,Very High
11402,3656,512,6,111,1364,2083,13,16,1,0,1,1,1,Very High
11403,2260,256,2,241,703,2076,12,45,0,1,1,0,1,Very High
11404,1966,16,8,202,358,602,3,106,0,0,1,1,1,Very High
11405,2869,128,16,90,1141,1187,19,30,0,1,1,1,1,Very High
11406,4338,32,12,99,921,1470,10,54,0,1,1,1,1,Very High
11407,1449,32,16,199,1104,2520,3,6,1,1,1,1,0,Very High
11408,4127,32,8,202,990,1189,3,59,1,0,1,1,1,Very High
11409,2627,128,6,139,1416,1273,4,108,0,0,1,1,1,Very High
11410,4504,512,12,101,798,1191,17,60,1,1,1,1,0,Very High
11411,4402,16,3,178,880,2197,20,18,1,1,1,0,1,High
11412,3056,128,2,243,420,736,5,10,1,0,0,0,1,Medium
11413,3035,32,3,201,833,1692,24,108,0,1,0,1,1,Very High
11414,1006,256,3,167,495,1350,26,99,1,0,0,1,1,Very High
11415,4365,64,16,210,557,2211,19,85,1,0,1,1,1,Very High
11416,2689,128,2,112,1229,1288,21,93,0,0,0,1,1,Very High
11417,1361,128,2,223,1402,750,26,65,0,1,0,1,1,Very High
11418,1011,16,8,114,1190,2023,31,100,1,1,1,0,0,Very High
11419,3620,16,8,107,814,1029,19,16,1,0,1,1,1,Very High
11420,1782,128,2,230,1266,1617,11,17,0,1,1,0,1,Medium
11421,3671,32,12,132,1074,1047,12,23,0,1,1,0,1,Very High
11422,1454,64,4,167,530,838,30,48,0,0,0,1,1,Very High
11423,4830,16,8,117,459,2153,18,93,0,0,0,1,0,Very High
11424,1052,32,4,235,860,2117,27,99,1,1,1,1,1,Very High
11425,1602,256,16,148,589,1837,25,63,0,0,1,0,0,Very High
11426,4588,16,12,152,1355,2192,26,41,1,1,1,0,0,Very High
11427,858,32,2,181,825,1842,24,29,1,0,0,1,1,Medium
11428,2677,32,12,145,351,1277,25,20,1,0,1,1,0,High
11429,1656,64,8,244,1417,1764,21,42,0,1,1,0,0,Very High
11430,2771,64,3,249,1412,1366,17,47,0,1,0,0,1,High
11431,1103,256,16,200,1132,2238,21,91,1,1,0,1,0,Very High
11432,3479,32,2,226,681,1702,14,18,1,1,1,1,0,High
11433,2087,512,6,157,1248,766,3,10,1,1,1,1,0,Very High
11434,4153,32,16,135,419,2195,25,93,1,0,1,1,1,Very High
11435,1655,64,4,156,328,2265,32,27,1,0,1,1,1,Very High
11436,2412,512,12,243,1016,1222,28,64,0,1,1,1,1,Very High
11437,1973,16,2,225,1372,1985,3,16,0,0,1,1,1,Low
11438,4511,16,16,95,781,2520,26,17,0,1,1,1,1,Very High
11439,3325,128,12,113,1240,1526,15,104,1,0,1,0,0,Very High
11440,3082,64,2,183,709,775,5,107,1,0,0,1,0,Very High
11441,2141,128,8,102,951,2533,18,102,0,1,1,0,1,Very High
11442,3679,512,16,114,1001,1160,14,10,0,1,1,1,1,Very High
11443,2497,64,8,237,476,2371,5,67,1,1,0,0,1,Very High
11444,4709,256,16,207,654,1274,4,42,0,0,1,0,1,Very High
11445,2094,32,8,171,579,682,13,54,0,1,1,1,1,Very High
11446,4981,256,12,200,401,804,23,56,0,1,1,1,0,Very High
11447,1969,512,6,171,1073,806,24,44,1,1,1,0,1,Very High
11448,4414,64,16,155,1039,1466,9,12,1,1,1,1,1,Very High
11449,1229,512,16,134,394,1240,3,65,0,1,0,1,1,Very High
11450,4323,32,8,203,945,1516,7,12,1,1,1,1,1,High
11451,3658,16,2,152,381,1386,32,108,0,0,1,1,1,Very High
11452,3614,16,16,165,1193,1883,23,101,0,0,0,1,1,Very High
11453,4291,512,8,203,639,844,11,38,1,0,0,1,1,Very High
11454,2847,128,3,200,421,1724,13,83,1,0,1,1,1,Very High
11455,4069,64,8,236,1193,2128,22,104,1,1,1,1,1,Very High
11456,1639,64,12,124,1273,1549,11,64,0,1,1,1,1,Very High
11457,1225,16,6,142,574,753,11,61,0,0,0,1,1,Very High
11458,701,256,3,115,889,2432,24,103,0,0,0,1,1,Very High
11459,1074,32,12,103,431,2364,4,50,1,0,1,1,0,Very High
11460,3040,256,12,207,1304,603,21,26,0,1,0,1,1,Very High
11461,4705,256,12,134,1317,1832,11,91,0,1,1,0,0,Very High
11462,3752,512,2,140,780,2171,30,44,0,1,1,1,1,Very High
11463,3065,16,12,208,1027,921,10,49,0,0,0,1,1,Very High
11464,2225,16,2,240,1206,1720,21,59,1,0,0,1,1,High
11465,2346,16,12,108,1435,1390,20,55,1,0,1,1,0,Very High
11466,713,512,4,171,1395,1505,15,90,1,0,0,1,1,Very High
11467,2978,128,3,165,839,2039,3,9,0,0,1,1,1,High
11468,3855,256,4,181,1131,2221,6,99,0,1,1,1,1,Very High
11469,829,512,12,122,555,2214,21,17,0,1,0,1,1,Very High
11470,4514,64,3,236,1246,1105,30,32,1,1,1,1,1,Very High
11471,3916,32,3,117,876,2170,30,88,1,1,0,1,1,Very High
11472,3638,128,16,212,968,1477,9,101,1,1,0,1,1,Very High
11473,4628,64,6,215,553,570,8,84,1,0,0,1,0,Very High
11474,2740,256,4,126,1375,686,7,66,1,1,1,1,1,Very High
11475,727,16,6,243,898,1568,12,97,0,0,1,1,0,Very High
11476,2813,256,3,188,861,2391,13,91,1,1,1,1,1,Very High
11477,1952,512,2,187,433,995,19,28,1,0,1,1,0,Very High
11478,2746,32,3,216,523,1660,20,102,1,0,1,1,1,Very High
11479,4723,512,6,169,1372,2272,11,11,0,0,1,1,1,Very High
11480,4074,128,4,127,962,2381,26,42,1,0,1,0,1,Very High
11481,4166,128,12,166,793,2485,30,41,1,0,1,1,1,Very High
11482,3781,32,16,215,1016,874,26,72,1,0,0,1,0,Very High
11483,4478,64,16,176,572,1577,32,102,0,1,0,1,1,Very High
11484,1329,64,16,143,1224,666,22,46,0,0,1,0,1,Very High
11485,969,128,12,239,705,2077,15,90,1,0,1,1,1,Very High
11486,3339,128,16,105,381,2071,4,9,1,1,1,1,1,Very High
11487,2693,16,4,117,834,1209,19,68,1,0,1,0,1,Very High
11488,3591,64,12,135,749,719,25,54,1,1,1,0,1,Very High
11489,4132,32,16,161,899,620,16,91,0,1,1,1,1,Very High
11490,1980,64,12,174,1062,618,7,19,1,0,1,1,1,Very High
11491,3060,16,6,115,994,549,11,99,0,0,1,1,1,Very High
11492,1275,512,4,174,630,864,28,77,1,1,1,0,1,Very High
11493,2007,128,8,242,790,1109,13,57,0,0,1,1,1,Very High
11494,3892,128,2,154,1128,684,8,29,0,1,0,1,0,Very High
11495,3878,16,16,223,491,2229,18,93,1,0,1,1,1,Very High
11496,3434,32,2,240,895,1047,2,89,0,1,1,1,1,Very High
11497,2912,128,12,204,350,1461,27,13,1,0,1,1,1,Very High
11498,3052,256,2,153,366,1284,19,42,0,0,0,1,1,Very High
11499,4268,128,4,176,449,2190,27,26,0,1,1,1,1,Very High
11500,2355,256,4,196,671,1361,16,91,1,1,1,1,1,Very High
