Customer_ID,Customer_Age,Customer_Gender,Customer_City,Monthly_Income,Membership,Previous_Purchases,Website_Visits,Average_Spending,Preferred_Category,Preferred_Price_Level,Preferred_Rating
1,54,Female,Bhaktapur,85776,Basic,77,52,5657.77,Electronics,Medium,4.0
2,42,Male,Bhaktapur,64462,Silver,23,88,10822.98,Beauty,Low,4.4
3,65,Female,Butwal,52574,Basic,66,98,21259.82,Home,Low,3.5
4,44,Female,Butwal,122072,Premium,62,23,11103.93,Sports,Medium,3.2
5,31,Male,Pokhara,176258,Silver,93,48,43951.46,Home,Medium,4.1
6,65,Female,Chitwan,173885,Silver,98,40,8756.03,Books,Low,3.7
7,64,Female,Chitwan,98282,Silver,47,6,23327.38,Books,Medium,3.9
8,53,Female,Butwal,129779,Gold,62,38,30679.26,Clothing,Medium,4.3
9,56,Male,Pokhara,38557,Gold,77,41,34901.33,Beauty,Low,4.0
10,33,Female,Chitwan,179132,Gold,11,100,19770.4,Beauty,Medium,4.2
11,39,Male,Pokhara,92104,Basic,27,27,43585.85,Beauty,Medium,4.1
12,38,Female,Pokhara,157152,Basic,43,75,28847.64,Books,Medium,4.5
13,38,Male,Bhaktapur,164926,Basic,92,69,22535.88,Beauty,Low,4.4
14,25,Female,Chitwan,142013,Gold,42,57,4294.79,Electronics,Low,4.1
15,33,Male,Chitwan,178097,Basic,16,17,23769.78,Electronics,Medium,4.4
16,48,Male,Bhaktapur,61081,Silver,39,71,41216.06,Sports,High,4.7
17,59,Male,Butwal,155440,Gold,48,91,31112.51,Beauty,Medium,3.9
18,27,Male,Bhaktapur,139181,Premium,84,47,41775.96,Clothing,Low,3.8
19,49,Male,Chitwan,47094,Silver,56,79,25206.57,Sports,Medium,4.5
20,51,Male,Chitwan,86766,Silver,86,13,6804.62,Books,High,4.2
21,26,Female,Butwal,103053,Basic,83,11,1668.35,Beauty,Low,3.1
22,34,Female,Bhaktapur,175063,Gold,63,90,15857.76,Electronics,High,4.8
23,28,Male,Kathmandu,21301,Gold,74,86,35201.53,Clothing,High,3.1
24,49,Male,Kathmandu,179682,Basic,56,92,39722.74,Sports,Low,4.5
25,27,Male,Butwal,101463,Silver,97,24,15491.89,Clothing,High,4.5
26,39,Male,Bhaktapur,44466,Gold,73,93,25287.04,Beauty,Low,4.9
27,34,Female,Bhaktapur,46081,Premium,73,73,21634.83,Home,High,3.1
28,21,Male,Pokhara,44354,Basic,69,4,21115.62,Clothing,Medium,4.2
29,65,Female,Chitwan,113297,Silver,99,46,12336.09,Clothing,Medium,3.9
30,64,Female,Lalitpur,38300,Basic,87,18,7682.18,Books,Medium,3.7
31,42,Male,Butwal,84384,Basic,75,43,10637.74,Electronics,Medium,3.2
32,38,Male,Lalitpur,115027,Premium,42,80,3711.29,Beauty,Low,4.1
33,54,Female,Lalitpur,141684,Gold,22,33,10708.41,Clothing,Medium,4.0
34,55,Female,Butwal,80892,Gold,26,93,1450.84,Beauty,Low,3.2
35,18,Male,Bhaktapur,55525,Basic,57,10,31735.66,Electronics,Low,4.2
36,42,Male,Butwal,177604,Gold,36,73,16502.39,Books,Low,4.5
37,53,Male,Lalitpur,26464,Silver,5,59,48684.09,Beauty,Medium,4.5
38,34,Female,Chitwan,36562,Basic,64,31,10492.14,Electronics,Low,4.8
39,58,Female,Chitwan,127392,Silver,5,28,17945.6,Electronics,Low,3.8
40,41,Male,Chitwan,75514,Basic,49,60,18534.22,Sports,Low,4.9
41,19,Female,Bhaktapur,133428,Gold,21,3,1414.12,Books,Low,4.7
42,57,Female,Kathmandu,132564,Silver,87,55,42121.19,Books,Medium,3.6
43,32,Male,Butwal,128047,Basic,24,14,2567.73,Beauty,High,3.3
44,49,Male,Chitwan,52634,Basic,78,58,47068.81,Home,Low,3.9
45,56,Female,Butwal,20060,Basic,89,89,44711.64,Sports,High,3.8
46,23,Female,Chitwan,29269,Basic,71,15,27240.57,Books,Medium,4.2
47,18,Male,Bhaktapur,43065,Silver,50,2,27636.18,Electronics,Medium,4.2
48,64,Male,Kathmandu,22895,Gold,87,24,33035.12,Books,Medium,4.5
49,40,Male,Kathmandu,100859,Basic,47,78,19965.45,Home,High,4.0
50,56,Male,Chitwan,163424,Basic,69,64,32713.89,Clothing,Low,3.2
51,34,Male,Bhaktapur,124127,Silver,98,71,3193.65,Clothing,Medium,4.7
52,51,Female,Pokhara,116426,Gold,64,100,3648.33,Books,Medium,3.6
53,58,Female,Butwal,31962,Basic,59,24,23404.29,Books,Medium,4.9
54,46,Female,Butwal,53302,Basic,45,27,27931.49,Sports,High,3.2
55,26,Female,Lalitpur,105382,Silver,35,37,44503.06,Books,Low,4.9
56,30,Male,Bhaktapur,24011,Basic,57,94,6128.37,Home,Medium,3.2
57,23,Male,Lalitpur,149716,Basic,75,91,41309.75,Books,Medium,3.5
58,23,Male,Chitwan,39782,Gold,37,39,11292.32,Beauty,Low,3.1
59,37,Female,Lalitpur,140654,Silver,10,63,20310.1,Home,Low,4.4
60,20,Female,Kathmandu,29196,Silver,11,79,16513.52,Sports,Medium,4.7
61,34,Female,Butwal,63459,Gold,41,26,20607.61,Beauty,High,3.9
62,29,Male,Lalitpur,107245,Gold,38,65,8374.28,Beauty,Medium,4.9
63,65,Female,Kathmandu,98863,Basic,70,4,25674.93,Clothing,High,4.2
64,64,Male,Bhaktapur,143206,Silver,10,29,40280.49,Home,Medium,4.3
65,62,Male,Lalitpur,121010,Basic,35,1,22635.17,Beauty,Low,4.7
66,18,Male,Chitwan,52769,Basic,51,50,25040.07,Sports,Low,3.6
67,34,Male,Chitwan,127529,Gold,30,86,42589.61,Clothing,Low,3.7
68,20,Male,Chitwan,44700,Gold,32,11,35596.85,Beauty,Low,4.8
69,43,Male,Butwal,25269,Premium,12,74,25032.27,Home,Low,4.8
70,32,Female,Lalitpur,141631,Silver,17,59,13627.09,Clothing,Medium,5.0
71,53,Male,Bhaktapur,63880,Basic,40,62,44361.41,Home,Medium,4.8
72,49,Male,Lalitpur,134003,Basic,57,81,29274.0,Home,Low,3.3
73,49,Female,Butwal,159392,Gold,55,36,11836.23,Home,Low,4.6
74,21,Male,Kathmandu,69589,Silver,23,56,14186.87,Clothing,Low,3.8
75,35,Female,Butwal,55897,Silver,72,90,40353.52,Beauty,Medium,5.0
76,36,Female,Chitwan,34380,Gold,30,21,3163.13,Books,Low,3.9
77,60,Female,Kathmandu,90934,Gold,54,13,49612.52,Electronics,Low,4.1
78,52,Male,Chitwan,75830,Gold,9,9,7387.23,Beauty,High,4.1
79,57,Male,Pokhara,25529,Basic,59,11,40007.36,Clothing,High,3.6
80,31,Female,Butwal,114598,Gold,1,75,20343.99,Electronics,Low,3.2
81,50,Male,Butwal,102987,Gold,14,70,25118.59,Electronics,Medium,4.8
82,31,Male,Bhaktapur,69178,Basic,2,1,44151.88,Electronics,Low,4.6
83,51,Female,Lalitpur,158009,Silver,42,70,21232.65,Books,Medium,3.3
84,21,Female,Kathmandu,141952,Basic,30,77,27337.19,Sports,Medium,4.6
85,41,Male,Kathmandu,59886,Premium,69,86,3415.68,Clothing,Low,4.3
86,46,Female,Bhaktapur,69699,Basic,66,56,1115.03,Books,Medium,3.8
87,36,Female,Bhaktapur,96396,Silver,55,31,12995.19,Books,Low,3.5
88,23,Female,Lalitpur,110678,Basic,62,86,34348.57,Sports,Low,4.7
89,50,Male,Chitwan,45279,Gold,74,37,6941.98,Electronics,Low,4.4
90,57,Male,Lalitpur,130776,Basic,14,47,6574.34,Sports,Medium,4.1
91,36,Male,Butwal,121444,Basic,91,91,21137.07,Sports,Low,4.2
92,18,Female,Chitwan,126300,Silver,9,78,32744.01,Books,Low,3.2
93,22,Male,Pokhara,133793,Premium,37,47,35891.53,Clothing,Low,3.9
94,44,Female,Lalitpur,136278,Basic,46,69,9744.08,Home,Low,3.4
95,33,Male,Bhaktapur,123247,Basic,56,58,4899.82,Sports,Medium,3.4
96,23,Male,Chitwan,28997,Gold,49,36,47079.45,Sports,Low,4.3
97,57,Female,Lalitpur,126102,Silver,70,32,13772.65,Electronics,Low,4.8
98,30,Male,Kathmandu,105711,Premium,14,98,42813.98,Electronics,Medium,3.8
99,65,Female,Pokhara,136045,Basic,17,64,43311.08,Books,Medium,3.4
100,52,Male,Butwal,60860,Silver,81,71,38853.61,Electronics,High,4.3
101,36,Male,Kathmandu,23225,Basic,87,42,9272.85,Beauty,Medium,4.7
102,29,Female,Kathmandu,130114,Basic,1,48,41268.27,Sports,Low,4.5
103,33,Female,Pokhara,133218,Gold,83,74,38693.28,Electronics,Medium,4.7
104,60,Female,Butwal,120764,Silver,97,81,30239.43,Clothing,Medium,4.1
105,27,Male,Bhaktapur,127041,Gold,42,30,17522.9,Beauty,Low,4.5
106,42,Male,Chitwan,132224,Basic,25,21,13862.92,Books,High,3.3
107,37,Male,Butwal,83656,Silver,70,60,6972.57,Home,Low,3.7
108,48,Female,Lalitpur,96290,Silver,37,13,25978.1,Sports,High,3.8
109,21,Female,Kathmandu,76633,Premium,93,1,29677.78,Sports,High,4.0
110,61,Female,Lalitpur,46655,Basic,41,65,18607.61,Clothing,Medium,4.9
111,40,Male,Bhaktapur,141118,Basic,4,33,24292.59,Home,High,4.7
112,19,Male,Lalitpur,23114,Silver,10,38,18812.21,Home,Medium,3.3
113,39,Female,Butwal,46502,Silver,64,25,32409.3,Books,Low,3.3
114,54,Male,Lalitpur,69768,Basic,33,26,45161.7,Books,Medium,3.7
115,25,Female,Bhaktapur,68128,Premium,0,77,9032.09,Beauty,Low,3.6
116,24,Male,Bhaktapur,171100,Basic,82,59,19689.03,Sports,Low,4.2
117,31,Male,Bhaktapur,103123,Premium,1,92,7902.56,Electronics,Medium,4.8
118,20,Female,Butwal,128255,Basic,84,33,31622.24,Books,Low,4.9
119,33,Male,Bhaktapur,23174,Gold,19,41,36714.65,Clothing,Low,4.3
120,36,Male,Kathmandu,137769,Premium,60,30,46663.72,Clothing,Medium,4.7
121,35,Female,Bhaktapur,55398,Basic,86,57,14664.72,Clothing,High,4.1
122,33,Female,Lalitpur,155393,Premium,20,49,47560.35,Books,Low,3.4
123,25,Male,Chitwan,143549,Silver,87,48,4099.87,Books,Low,4.0
124,50,Female,Lalitpur,92635,Premium,67,72,30547.68,Clothing,Low,4.1
125,29,Male,Chitwan,43760,Gold,11,49,3799.5,Books,Medium,4.5
126,28,Female,Lalitpur,162432,Basic,21,47,44794.94,Electronics,Low,3.4
127,22,Male,Butwal,161385,Basic,19,56,26960.64,Electronics,Medium,3.7
128,44,Male,Lalitpur,150674,Basic,81,65,33798.07,Beauty,Low,3.7
129,29,Female,Butwal,156873,Basic,0,12,41747.12,Sports,Low,4.9
130,34,Male,Butwal,34130,Basic,29,69,8365.22,Electronics,High,3.9
131,23,Male,Bhaktapur,165343,Basic,96,88,2890.99,Beauty,Low,4.5
132,50,Female,Kathmandu,167147,Silver,23,6,44065.18,Home,Medium,4.5
133,22,Female,Chitwan,127215,Gold,13,89,16431.73,Sports,Low,3.5
134,45,Male,Bhaktapur,170056,Basic,35,65,7319.97,Electronics,Medium,4.1
135,31,Female,Bhaktapur,108095,Basic,68,25,23954.6,Home,Medium,4.8
136,22,Female,Butwal,80942,Silver,74,1,30317.0,Beauty,Low,4.0
137,50,Male,Butwal,163933,Basic,23,32,2517.56,Electronics,Low,4.9
138,65,Male,Chitwan,118970,Basic,59,3,14469.89,Electronics,Low,3.4
139,58,Female,Lalitpur,102203,Basic,94,49,2607.19,Books,Medium,3.1
140,36,Female,Lalitpur,172049,Premium,54,19,21596.43,Home,Medium,4.8
141,39,Female,Bhaktapur,108177,Gold,76,60,44859.9,Electronics,Medium,4.7
142,22,Male,Pokhara,92902,Silver,79,29,49149.97,Clothing,Medium,5.0
143,19,Male,Pokhara,112172,Gold,23,50,32215.33,Books,Low,4.4
144,47,Male,Lalitpur,166702,Silver,76,2,8920.25,Books,Low,4.9
145,64,Male,Pokhara,40056,Gold,23,73,45386.62,Electronics,Low,4.7
146,56,Male,Lalitpur,158454,Gold,53,56,26296.14,Books,Low,4.7
147,21,Male,Butwal,75739,Silver,25,17,8533.72,Sports,Low,4.1
148,50,Male,Bhaktapur,101685,Basic,65,60,46164.61,Home,Medium,3.8
149,30,Female,Kathmandu,68639,Basic,79,36,38115.98,Sports,Medium,4.9
150,37,Female,Bhaktapur,20992,Silver,37,61,36853.56,Beauty,High,3.9
151,24,Male,Lalitpur,92394,Premium,64,17,35749.85,Sports,Low,4.1
152,32,Male,Lalitpur,87657,Silver,74,49,10816.65,Clothing,Medium,3.9
153,40,Male,Bhaktapur,47160,Gold,50,76,11339.33,Books,High,4.1
154,31,Female,Chitwan,65156,Premium,34,60,34726.36,Books,Medium,3.9
155,40,Male,Lalitpur,106442,Basic,42,20,11766.41,Clothing,Low,3.1
156,36,Female,Pokhara,170644,Gold,28,50,22494.91,Books,Low,4.8
157,46,Female,Pokhara,137925,Gold,36,3,39318.09,Sports,Low,3.9
158,37,Female,Lalitpur,24136,Premium,80,43,39413.67,Beauty,Low,4.2
159,46,Female,Lalitpur,81868,Premium,57,57,23209.83,Electronics,Medium,3.3
160,41,Female,Chitwan,102263,Gold,53,50,39817.31,Clothing,Low,3.0
161,35,Male,Pokhara,52167,Basic,38,68,42092.47,Sports,Low,3.5
162,27,Male,Lalitpur,130957,Gold,41,81,33084.01,Sports,Medium,4.4
163,58,Female,Lalitpur,35479,Basic,27,50,12192.87,Sports,Medium,3.2
164,25,Male,Chitwan,139392,Gold,28,37,14426.58,Electronics,Medium,4.8
165,43,Female,Chitwan,155895,Premium,42,46,16427.22,Home,Medium,3.4
166,46,Female,Bhaktapur,39585,Silver,2,42,6723.4,Books,Low,3.4
167,27,Male,Chitwan,168344,Silver,9,15,14384.82,Books,Low,3.4
168,34,Male,Kathmandu,46619,Silver,58,33,11266.44,Beauty,Low,3.0
169,19,Male,Pokhara,95069,Silver,13,80,23311.11,Home,Medium,4.5
170,23,Male,Bhaktapur,59895,Basic,75,11,45513.44,Books,High,4.8
171,22,Male,Kathmandu,23720,Gold,46,20,6119.54,Beauty,Low,4.2
172,45,Female,Lalitpur,39267,Premium,41,24,36293.13,Beauty,Medium,3.4
173,58,Male,Lalitpur,166768,Premium,93,64,34676.87,Sports,Low,3.6
174,22,Male,Bhaktapur,73364,Basic,31,80,5691.96,Clothing,Medium,4.0
175,35,Male,Chitwan,174417,Premium,31,94,46206.05,Sports,Low,4.9
176,43,Female,Lalitpur,71567,Gold,41,98,28855.14,Electronics,Low,3.5
177,37,Male,Butwal,111229,Basic,31,65,18822.55,Books,High,4.5
178,58,Female,Bhaktapur,170457,Basic,25,88,38070.39,Beauty,Medium,3.9
179,44,Male,Kathmandu,98518,Basic,0,88,13610.91,Clothing,Medium,3.6
180,29,Male,Bhaktapur,102844,Premium,55,73,34981.98,Books,Low,3.9
181,24,Female,Pokhara,110697,Silver,1,86,2945.85,Beauty,Low,3.1
182,20,Male,Chitwan,77196,Gold,80,76,42130.99,Beauty,Low,4.6
183,27,Male,Chitwan,135600,Basic,29,17,22960.37,Sports,High,3.5
184,51,Female,Bhaktapur,120625,Gold,70,89,32197.95,Clothing,High,4.5
185,42,Male,Lalitpur,151567,Basic,51,92,11840.65,Clothing,Medium,3.1
186,52,Female,Lalitpur,64755,Silver,90,61,34176.61,Books,Low,4.9
187,33,Female,Butwal,53324,Silver,8,15,38839.77,Beauty,High,3.4
188,19,Female,Butwal,98929,Basic,21,94,24187.45,Clothing,Medium,4.8
189,41,Female,Chitwan,152624,Gold,33,51,31268.62,Clothing,Medium,4.6
190,27,Female,Butwal,71272,Basic,48,27,23359.97,Books,Low,4.9
191,55,Male,Kathmandu,94462,Gold,0,86,44810.48,Sports,Medium,4.0
192,39,Male,Butwal,174961,Silver,72,74,25395.59,Home,Medium,4.5
193,43,Male,Kathmandu,74675,Silver,83,61,42248.63,Electronics,High,3.7
194,60,Female,Butwal,93591,Basic,52,58,40266.25,Home,Medium,3.4
195,56,Female,Chitwan,173706,Basic,82,31,21114.74,Clothing,Low,3.9
196,44,Female,Chitwan,52363,Premium,99,91,12274.14,Beauty,Medium,3.3
197,46,Female,Kathmandu,97004,Basic,39,12,20898.02,Electronics,High,5.0
198,64,Male,Bhaktapur,60718,Gold,44,46,41484.65,Electronics,Low,3.2
199,55,Male,Chitwan,133627,Premium,67,31,12153.99,Beauty,Low,4.2
200,37,Female,Bhaktapur,46870,Basic,8,32,26697.38,Electronics,Low,4.3
201,44,Female,Lalitpur,57394,Basic,21,32,40498.74,Beauty,Medium,4.1
202,58,Male,Kathmandu,72057,Gold,17,99,18320.4,Electronics,Low,4.3
203,37,Female,Chitwan,99795,Premium,75,53,32468.27,Books,Medium,3.2
204,61,Female,Pokhara,100409,Premium,42,61,13035.95,Books,Low,4.1
205,36,Female,Lalitpur,33016,Silver,38,46,6354.69,Home,High,3.6
206,37,Male,Bhaktapur,62137,Gold,72,85,39924.83,Electronics,Low,4.9
207,52,Male,Chitwan,151225,Basic,5,74,5849.46,Sports,Low,4.5
208,64,Female,Kathmandu,158925,Premium,82,80,14297.69,Beauty,Medium,4.9
209,19,Male,Butwal,32379,Premium,47,7,42900.36,Electronics,Medium,3.1
210,47,Female,Pokhara,166864,Basic,6,4,17977.0,Books,Low,3.6
211,51,Female,Bhaktapur,141169,Basic,79,91,48679.22,Books,Low,3.4
212,39,Male,Lalitpur,169172,Basic,68,52,49006.98,Beauty,Low,3.0
213,20,Female,Kathmandu,146082,Basic,15,89,14145.53,Sports,Medium,3.5
214,23,Female,Pokhara,133089,Gold,0,31,3007.93,Electronics,Medium,4.4
215,32,Male,Kathmandu,31049,Silver,36,75,35548.1,Electronics,Medium,3.5
216,44,Female,Chitwan,151858,Basic,82,84,23098.34,Sports,Medium,4.0
217,27,Female,Butwal,142784,Basic,36,36,5936.89,Sports,Medium,4.8
218,26,Female,Lalitpur,67691,Premium,80,54,35668.62,Sports,Low,4.4
219,50,Male,Kathmandu,77986,Silver,63,54,2527.57,Books,High,3.8
220,49,Female,Bhaktapur,174672,Silver,89,17,43639.64,Beauty,High,3.7
221,65,Male,Chitwan,114774,Basic,85,75,7793.97,Sports,Low,3.9
222,23,Female,Chitwan,170882,Premium,61,30,7238.28,Beauty,Low,3.4
223,58,Female,Lalitpur,125315,Gold,71,99,9607.94,Home,Low,4.3
224,53,Female,Chitwan,77204,Basic,60,22,48053.05,Electronics,Low,3.7
225,19,Female,Bhaktapur,40085,Basic,32,43,34965.3,Electronics,Medium,4.7
226,46,Male,Kathmandu,53980,Basic,65,27,40267.21,Clothing,Medium,4.5
227,21,Male,Lalitpur,76117,Basic,29,37,20484.11,Home,Medium,4.2
228,18,Female,Chitwan,165213,Silver,19,46,17479.32,Sports,Medium,3.7
229,36,Female,Chitwan,160416,Premium,59,35,12489.72,Sports,Medium,3.4
230,43,Female,Bhaktapur,35896,Silver,81,4,24551.75,Books,Medium,4.6
231,42,Female,Butwal,109353,Gold,73,80,28039.61,Home,Low,4.0
232,27,Female,Butwal,49813,Silver,23,80,31956.97,Sports,Low,3.4
233,32,Female,Chitwan,85679,Gold,3,85,13598.81,Clothing,Medium,3.4
234,39,Female,Kathmandu,161753,Gold,36,26,47484.05,Beauty,Low,3.3
235,65,Female,Lalitpur,23228,Basic,3,100,9318.17,Electronics,Low,4.6
236,38,Male,Chitwan,155654,Silver,76,19,48317.01,Home,High,3.5
237,39,Male,Pokhara,31397,Silver,88,81,1727.95,Electronics,Medium,4.1
238,53,Male,Lalitpur,57011,Basic,76,45,24575.16,Beauty,Low,3.9
239,51,Female,Butwal,99183,Silver,17,26,17335.02,Home,Medium,4.2
240,47,Female,Chitwan,113254,Silver,87,22,23007.05,Beauty,Medium,4.8
241,42,Female,Bhaktapur,62317,Premium,65,58,28962.56,Sports,Low,4.7
242,62,Male,Pokhara,122489,Silver,47,63,22343.87,Sports,Low,3.9
243,45,Female,Chitwan,60096,Gold,32,28,21327.5,Sports,High,3.0
244,18,Male,Kathmandu,73785,Silver,57,65,36903.45,Beauty,Low,3.9
245,62,Female,Pokhara,72344,Gold,82,44,34607.94,Beauty,Low,4.2
246,21,Male,Chitwan,140382,Silver,72,100,41830.29,Beauty,Medium,4.1
247,24,Male,Kathmandu,179484,Premium,27,43,13247.99,Electronics,Medium,4.3
248,26,Male,Pokhara,130489,Silver,34,37,30866.9,Beauty,Low,3.3
249,53,Female,Kathmandu,31549,Silver,9,66,29674.54,Sports,Low,4.3
250,36,Male,Kathmandu,45739,Silver,64,17,19117.15,Clothing,Low,3.4
251,18,Female,Pokhara,41209,Silver,41,40,24816.82,Beauty,High,4.5
252,27,Female,Pokhara,127051,Basic,84,38,16375.33,Clothing,Low,3.7
253,53,Female,Kathmandu,35116,Basic,8,85,7950.38,Sports,Medium,4.4
254,26,Female,Butwal,40045,Basic,59,61,11476.26,Beauty,High,3.1
255,62,Female,Pokhara,177399,Premium,14,9,6170.17,Electronics,Low,3.8
256,63,Male,Chitwan,55709,Basic,98,77,34470.41,Electronics,High,4.4
257,59,Female,Lalitpur,63617,Basic,56,75,33375.64,Clothing,High,3.5
258,49,Female,Bhaktapur,177977,Gold,68,61,47579.71,Books,High,4.6
259,49,Female,Kathmandu,139779,Basic,21,80,36754.24,Electronics,Low,4.3
260,23,Female,Kathmandu,62919,Silver,63,16,3550.25,Electronics,Medium,4.2
261,65,Female,Bhaktapur,103521,Basic,40,2,44328.01,Electronics,Medium,3.7
262,55,Male,Butwal,26447,Premium,86,72,43271.08,Sports,High,4.0
263,34,Male,Bhaktapur,25499,Gold,70,43,22722.7,Electronics,Low,4.2
264,27,Female,Pokhara,59041,Gold,55,42,29707.29,Home,Medium,3.9
265,44,Male,Bhaktapur,51315,Silver,22,77,48827.84,Beauty,Low,4.4
266,52,Male,Kathmandu,152371,Gold,24,57,27082.91,Electronics,Low,3.9
267,38,Female,Bhaktapur,140506,Basic,90,81,45360.77,Books,Medium,3.4
268,42,Male,Lalitpur,156066,Basic,5,88,5068.9,Books,Medium,3.4
269,45,Female,Chitwan,158561,Basic,33,67,10361.54,Electronics,Medium,3.0
270,64,Male,Pokhara,111647,Silver,62,30,22596.99,Electronics,Medium,3.6
271,32,Male,Bhaktapur,52355,Silver,8,13,29653.08,Home,High,4.5
272,21,Male,Kathmandu,93805,Silver,59,19,40995.16,Electronics,Low,4.6
273,46,Female,Chitwan,88367,Basic,48,7,49424.84,Electronics,Medium,3.4
274,26,Male,Pokhara,129906,Silver,96,9,20053.72,Beauty,Low,4.9
275,44,Male,Kathmandu,137409,Gold,50,83,3323.37,Books,Low,4.0
276,43,Female,Butwal,97355,Silver,59,54,40257.4,Home,Medium,4.8
277,36,Female,Lalitpur,136220,Gold,69,86,30614.66,Books,High,4.4
278,45,Male,Butwal,107173,Basic,36,82,10728.6,Home,Medium,4.4
279,34,Female,Lalitpur,21996,Gold,30,61,25246.59,Books,Medium,3.2
280,60,Male,Bhaktapur,64387,Silver,97,87,37373.2,Electronics,Low,3.4
281,58,Male,Pokhara,23089,Basic,40,2,38750.18,Books,Low,3.0
282,59,Female,Bhaktapur,118827,Basic,61,50,25481.3,Books,Medium,4.4
283,37,Female,Lalitpur,40659,Silver,92,75,15955.51,Home,Low,3.7
284,62,Female,Lalitpur,65178,Gold,57,31,48713.39,Clothing,Low,4.6
285,57,Male,Lalitpur,115965,Silver,13,33,33504.77,Home,Medium,3.7
286,56,Female,Chitwan,101268,Basic,35,78,21003.64,Home,Low,4.6
287,40,Male,Kathmandu,105042,Gold,35,80,14742.7,Home,Low,3.3
288,64,Female,Pokhara,126471,Gold,78,11,36824.05,Sports,Medium,3.3
289,49,Male,Bhaktapur,90111,Silver,7,33,12866.99,Sports,Medium,3.7
290,64,Female,Bhaktapur,120435,Silver,25,7,9413.79,Sports,High,3.8
291,50,Male,Butwal,109242,Basic,35,31,26961.86,Home,Medium,3.7
292,63,Female,Lalitpur,133204,Silver,47,48,15209.38,Clothing,Medium,4.5
293,22,Male,Lalitpur,173956,Silver,84,47,31816.35,Home,High,3.2
294,60,Female,Lalitpur,37199,Premium,27,78,6779.0,Electronics,Medium,3.7
295,65,Female,Bhaktapur,80038,Silver,67,92,33092.11,Clothing,Low,4.7
296,51,Male,Butwal,77786,Silver,61,53,14881.53,Sports,Low,3.1
297,57,Female,Kathmandu,129636,Silver,79,80,1011.9,Books,Medium,4.9
298,28,Male,Chitwan,69294,Premium,85,19,7219.87,Books,Medium,5.0
299,20,Male,Pokhara,163737,Gold,75,81,46747.15,Beauty,Medium,3.2
300,50,Female,Kathmandu,20534,Silver,79,90,43500.38,Clothing,Medium,3.6
301,28,Male,Bhaktapur,111828,Gold,50,6,12446.84,Sports,Medium,3.7
302,33,Female,Chitwan,56132,Silver,41,49,39140.22,Clothing,High,4.6
303,35,Female,Chitwan,135720,Silver,100,73,30820.01,Clothing,Medium,4.2
304,47,Male,Chitwan,56110,Basic,28,50,48574.33,Books,Low,4.3
305,65,Female,Lalitpur,83580,Silver,81,81,19306.68,Home,High,4.5
306,27,Male,Pokhara,173541,Basic,9,95,34391.57,Electronics,Low,3.2
307,35,Male,Bhaktapur,84016,Premium,38,12,4113.25,Beauty,Medium,4.7
308,55,Female,Bhaktapur,66233,Basic,81,23,20416.12,Sports,High,4.4
309,36,Female,Chitwan,149863,Premium,0,54,48227.07,Clothing,Medium,4.2
310,53,Male,Bhaktapur,126311,Silver,38,69,27410.06,Beauty,Medium,4.8
311,30,Male,Pokhara,54409,Silver,20,100,15106.1,Clothing,Medium,4.4
312,63,Female,Pokhara,170396,Silver,64,59,6893.28,Books,Low,3.4
313,20,Female,Butwal,159810,Basic,14,36,35472.89,Electronics,Low,3.9
314,27,Female,Butwal,44054,Silver,3,3,32597.95,Books,Medium,4.0
315,55,Female,Kathmandu,49709,Basic,59,58,19323.0,Beauty,Medium,3.1
316,18,Male,Pokhara,129321,Silver,60,88,47596.13,Sports,Medium,4.9
317,44,Female,Pokhara,20363,Silver,19,55,2087.94,Clothing,Low,3.3
318,63,Male,Pokhara,30358,Gold,9,57,15882.47,Electronics,Medium,4.4
319,25,Male,Butwal,154312,Basic,86,17,46132.4,Books,Medium,4.0
320,63,Female,Chitwan,65689,Basic,33,39,16725.84,Beauty,Medium,3.1
321,59,Male,Chitwan,21936,Silver,47,90,13360.39,Books,Medium,4.8
322,34,Female,Bhaktapur,132272,Premium,32,68,27176.8,Clothing,Medium,4.7
323,26,Male,Chitwan,111074,Gold,97,55,41366.29,Clothing,Medium,4.0
324,23,Female,Lalitpur,20882,Silver,60,45,6054.19,Sports,Medium,3.5
325,60,Male,Butwal,171296,Silver,9,76,47208.01,Electronics,High,3.2
326,42,Male,Pokhara,125227,Basic,53,1,39958.57,Home,Low,3.7
327,56,Female,Chitwan,145865,Premium,83,21,9881.26,Books,High,3.5
328,45,Female,Butwal,143745,Gold,64,83,35888.39,Clothing,Low,4.0
329,50,Male,Chitwan,48885,Basic,76,21,19862.98,Beauty,Low,4.9
330,54,Male,Kathmandu,154275,Silver,0,52,20712.44,Books,High,4.1
331,26,Female,Pokhara,153316,Basic,4,82,39381.21,Sports,Low,4.8
332,35,Male,Kathmandu,118322,Premium,79,43,48176.46,Sports,Medium,4.3
333,38,Female,Pokhara,88619,Basic,14,52,7206.14,Clothing,High,4.0
334,19,Male,Butwal,41584,Silver,27,67,21610.88,Clothing,High,4.7
335,60,Female,Bhaktapur,28521,Basic,94,44,24566.14,Clothing,High,3.9
336,55,Male,Chitwan,53541,Gold,22,32,19439.28,Home,Low,4.7
337,57,Female,Chitwan,49063,Gold,16,10,18796.27,Clothing,Medium,3.6
338,53,Female,Lalitpur,90268,Gold,97,64,3561.16,Books,Low,3.3
339,60,Male,Kathmandu,146218,Silver,12,79,34591.39,Books,Medium,4.7
340,54,Female,Chitwan,138206,Premium,13,69,22374.51,Electronics,High,4.2
341,32,Male,Butwal,153639,Basic,10,68,10544.9,Beauty,Low,4.8
342,45,Female,Bhaktapur,167193,Basic,27,28,40985.64,Clothing,Medium,4.9
343,35,Female,Butwal,152746,Basic,41,53,40325.48,Books,Medium,3.1
344,51,Female,Kathmandu,96411,Premium,95,51,24833.19,Books,Medium,4.0
345,39,Male,Lalitpur,129876,Silver,98,53,15624.08,Books,High,3.7
346,28,Female,Chitwan,160399,Gold,60,4,32266.54,Home,Low,4.3
347,30,Male,Butwal,43331,Gold,63,79,15119.45,Beauty,Medium,4.6
348,21,Female,Pokhara,43004,Basic,30,17,12564.39,Sports,High,3.6
349,39,Male,Bhaktapur,139243,Basic,80,67,36795.22,Books,Medium,4.1
350,24,Male,Butwal,161564,Basic,72,74,2975.94,Clothing,Low,4.4
351,60,Male,Bhaktapur,164821,Silver,9,47,5643.66,Books,Medium,3.3
352,41,Female,Chitwan,83217,Basic,7,56,1332.62,Beauty,Low,4.6
353,21,Male,Pokhara,109044,Basic,20,23,8494.22,Sports,Low,4.2
354,45,Female,Lalitpur,29045,Premium,76,18,4380.51,Home,High,4.9
355,32,Male,Lalitpur,40116,Premium,58,1,49794.32,Electronics,Medium,3.7
356,18,Male,Pokhara,38667,Basic,49,35,15151.69,Clothing,High,3.2
357,20,Male,Bhaktapur,95057,Basic,68,64,8314.13,Electronics,High,4.0
358,31,Male,Chitwan,94205,Basic,69,58,12808.82,Home,Medium,3.2
359,55,Female,Butwal,47302,Gold,29,95,46870.15,Beauty,Low,4.9
360,18,Male,Pokhara,162355,Gold,94,59,26487.85,Beauty,Medium,3.1
361,55,Male,Kathmandu,92534,Basic,16,1,18876.09,Home,Low,4.5
362,55,Female,Bhaktapur,33440,Basic,74,3,43796.18,Books,High,4.1
363,38,Male,Lalitpur,131001,Gold,19,67,20354.52,Home,Low,3.7
364,65,Male,Pokhara,66501,Silver,47,37,17415.42,Clothing,Low,3.1
365,46,Male,Lalitpur,152341,Basic,72,83,11156.84,Sports,Medium,4.2
366,22,Male,Bhaktapur,27868,Silver,1,29,19512.04,Electronics,Low,4.2
367,27,Female,Lalitpur,97909,Basic,36,89,16517.53,Electronics,Low,3.6
368,45,Female,Pokhara,104523,Silver,0,33,34187.89,Beauty,Medium,4.8
369,38,Male,Bhaktapur,35734,Gold,3,100,15189.55,Books,Low,3.6
370,24,Female,Kathmandu,103600,Gold,99,61,29282.79,Beauty,Low,3.9
371,20,Female,Pokhara,28433,Silver,53,93,4228.72,Clothing,Low,4.1
372,62,Male,Butwal,160183,Premium,24,90,10373.17,Home,Medium,3.2
373,64,Female,Chitwan,123986,Silver,2,4,20962.86,Electronics,Medium,4.9
374,37,Male,Pokhara,83753,Gold,8,14,46910.51,Clothing,Medium,3.7
375,36,Female,Bhaktapur,133783,Silver,85,91,19485.35,Beauty,Medium,3.2
376,52,Female,Chitwan,41751,Premium,86,33,33539.63,Beauty,Low,3.8
377,21,Female,Pokhara,167525,Premium,75,22,13499.27,Electronics,High,4.2
378,22,Male,Kathmandu,68570,Basic,73,48,7224.65,Beauty,Low,4.0
379,18,Female,Kathmandu,44503,Premium,33,3,3868.29,Books,Medium,4.4
380,21,Male,Butwal,153851,Gold,42,87,15965.26,Beauty,High,3.1
381,29,Male,Lalitpur,106840,Gold,73,85,8725.39,Sports,High,3.6
382,44,Female,Chitwan,151827,Basic,93,23,9526.51,Home,Low,4.6
383,59,Male,Bhaktapur,59263,Gold,21,68,38277.21,Beauty,Low,3.2
384,40,Female,Bhaktapur,128491,Gold,69,21,1776.07,Sports,Medium,4.7
385,42,Male,Lalitpur,75087,Basic,1,43,28332.7,Clothing,Low,3.2
386,38,Male,Kathmandu,71482,Premium,93,95,19593.61,Beauty,High,4.7
387,41,Female,Kathmandu,142989,Basic,65,85,25820.95,Books,Medium,3.7
388,42,Female,Pokhara,168472,Basic,31,26,28578.68,Clothing,Medium,4.2
389,62,Female,Butwal,60115,Silver,15,41,16355.02,Beauty,Low,3.3
390,63,Female,Chitwan,34249,Silver,75,99,15460.33,Electronics,Medium,3.1
391,49,Male,Butwal,130361,Silver,0,38,36936.69,Sports,Medium,3.4
392,49,Male,Butwal,44600,Basic,71,88,43692.57,Sports,High,3.3
393,22,Male,Pokhara,57706,Premium,47,11,10436.5,Electronics,Low,3.6
394,53,Female,Butwal,39222,Basic,49,29,5783.32,Home,Low,4.0
395,63,Male,Lalitpur,119041,Basic,12,60,44991.99,Books,Low,4.2
396,59,Female,Pokhara,124504,Basic,14,67,18144.88,Sports,Low,4.6
397,59,Male,Lalitpur,61139,Silver,52,65,28014.55,Clothing,Medium,4.3
398,56,Female,Pokhara,134919,Premium,43,61,18617.61,Books,High,4.2
399,33,Male,Butwal,61302,Gold,7,19,7164.31,Sports,Low,3.8
400,50,Male,Lalitpur,107838,Gold,73,46,29877.25,Home,High,3.9
401,38,Female,Lalitpur,159718,Basic,45,49,26731.9,Clothing,Low,3.8
402,26,Male,Lalitpur,164615,Silver,68,22,10946.68,Books,Low,4.7
403,23,Female,Pokhara,173857,Silver,18,78,23141.58,Clothing,Low,3.5
404,62,Male,Bhaktapur,98353,Silver,37,57,40050.43,Electronics,Low,3.0
405,52,Male,Butwal,108992,Basic,10,14,29930.88,Beauty,High,4.3
406,56,Female,Lalitpur,71428,Gold,42,44,5748.95,Electronics,Low,3.4
407,39,Female,Chitwan,43777,Silver,19,16,27853.05,Books,Medium,4.8
408,58,Male,Bhaktapur,77939,Gold,19,97,35434.18,Beauty,Medium,4.7
409,22,Male,Chitwan,106450,Silver,20,77,39842.47,Electronics,High,3.2
410,59,Male,Butwal,43548,Basic,81,12,31826.76,Beauty,Low,3.2
411,40,Male,Butwal,145549,Silver,56,55,8480.25,Sports,Low,4.0
412,34,Male,Lalitpur,157799,Basic,49,51,35798.49,Clothing,Low,4.2
413,29,Male,Lalitpur,167764,Premium,73,39,34189.75,Beauty,Medium,3.5
414,40,Female,Pokhara,51625,Silver,97,33,2196.92,Sports,Low,4.4
415,33,Female,Bhaktapur,44918,Basic,25,33,21175.64,Home,High,4.2
416,20,Female,Bhaktapur,134826,Premium,29,29,17314.56,Electronics,Medium,3.6
417,47,Male,Lalitpur,134881,Silver,72,69,33801.19,Home,Medium,3.1
418,39,Male,Butwal,35577,Basic,30,70,11590.65,Books,Medium,4.5
419,26,Male,Lalitpur,105155,Silver,41,31,29952.72,Sports,Low,3.4
420,46,Female,Butwal,131776,Basic,67,80,45747.09,Home,Medium,4.7
421,64,Female,Butwal,119246,Gold,60,31,40092.32,Home,High,3.8
422,54,Male,Lalitpur,178761,Gold,60,89,46151.43,Sports,High,4.2
423,40,Male,Kathmandu,162226,Premium,69,46,48946.79,Clothing,High,4.7
424,30,Female,Bhaktapur,114948,Silver,77,97,1522.84,Beauty,High,4.7
425,49,Female,Chitwan,41341,Silver,67,77,31514.32,Books,Low,3.7
426,63,Female,Butwal,117554,Gold,89,52,21229.13,Books,Low,3.4
427,64,Male,Butwal,127798,Basic,16,10,43132.87,Electronics,Low,4.6
428,65,Male,Kathmandu,66330,Silver,18,88,13338.92,Beauty,Low,3.9
429,40,Male,Chitwan,107759,Silver,50,74,49070.44,Electronics,Low,3.4
430,62,Female,Pokhara,106807,Basic,69,41,31071.69,Books,Medium,4.8
431,34,Female,Kathmandu,53313,Silver,62,95,39883.33,Beauty,Medium,3.4
432,57,Male,Chitwan,66900,Gold,92,77,5194.38,Home,High,3.1
433,38,Male,Kathmandu,98840,Gold,74,3,9989.44,Clothing,Medium,3.0
434,19,Female,Butwal,106072,Basic,79,59,38161.78,Home,High,4.2
435,54,Male,Bhaktapur,116367,Basic,29,52,2077.34,Clothing,Low,4.3
436,23,Female,Kathmandu,69156,Basic,24,34,41027.02,Sports,Low,3.6
437,61,Female,Pokhara,107453,Premium,74,49,1683.5,Electronics,Medium,3.6
438,35,Male,Lalitpur,178901,Basic,70,28,33198.82,Electronics,Low,3.7
439,47,Female,Chitwan,45938,Gold,25,83,18889.6,Sports,Low,4.4
440,39,Male,Kathmandu,79164,Basic,55,87,30963.25,Beauty,Low,3.1
441,50,Female,Kathmandu,80282,Silver,21,96,35105.54,Sports,Low,4.9
442,47,Female,Pokhara,67801,Silver,88,13,17781.29,Books,Medium,3.4
443,34,Male,Bhaktapur,160537,Gold,18,97,6290.16,Sports,Medium,5.0
444,60,Female,Kathmandu,23326,Basic,30,98,4412.65,Clothing,Medium,3.3
445,49,Male,Kathmandu,154731,Silver,25,97,29857.87,Books,Medium,4.5
446,59,Male,Bhaktapur,178666,Basic,41,69,26512.11,Sports,Low,3.4
447,31,Female,Pokhara,135819,Gold,40,67,37367.85,Electronics,Low,3.2
448,27,Male,Chitwan,24763,Premium,99,61,25977.04,Home,Low,4.7
449,64,Male,Chitwan,161900,Basic,22,60,21699.84,Clothing,Low,4.7
450,53,Male,Kathmandu,67588,Gold,46,71,20506.27,Clothing,Medium,3.8
451,51,Male,Bhaktapur,31221,Silver,12,24,2295.9,Beauty,Medium,4.4
452,26,Male,Kathmandu,162283,Basic,88,63,17442.3,Home,Medium,4.1
453,59,Male,Lalitpur,33569,Silver,65,86,48824.99,Clothing,Low,4.7
454,45,Female,Chitwan,57860,Basic,65,61,43804.22,Sports,Medium,3.6
455,28,Male,Butwal,65337,Gold,15,23,17139.53,Clothing,Medium,4.0
456,31,Female,Lalitpur,164587,Gold,72,30,29801.97,Clothing,Medium,4.0
457,56,Female,Kathmandu,91695,Basic,27,60,42517.54,Clothing,Medium,3.7
458,64,Male,Pokhara,126749,Silver,76,18,22622.44,Beauty,Medium,4.8
459,36,Female,Chitwan,175976,Gold,34,96,1879.94,Clothing,Medium,3.3
460,32,Female,Butwal,63790,Premium,40,56,4651.01,Clothing,Medium,3.3
461,45,Male,Lalitpur,88580,Silver,76,53,26009.24,Beauty,Low,4.2
462,41,Male,Chitwan,25636,Premium,30,7,48502.53,Books,Medium,4.3
463,25,Male,Bhaktapur,97129,Silver,84,97,34967.27,Home,Low,3.4
464,60,Female,Pokhara,153964,Silver,31,69,4474.89,Books,Low,3.8
465,26,Female,Lalitpur,41672,Gold,53,92,10278.68,Electronics,High,4.9
466,64,Male,Bhaktapur,25812,Silver,97,72,38794.83,Beauty,High,3.5
467,50,Male,Kathmandu,20654,Silver,71,79,42230.55,Beauty,Low,4.3
468,50,Female,Bhaktapur,74633,Silver,58,52,31267.03,Clothing,Medium,4.5
469,36,Female,Lalitpur,37143,Gold,40,4,32576.74,Clothing,Low,3.9
470,20,Female,Lalitpur,75934,Gold,65,34,2388.54,Electronics,Medium,4.9
471,27,Female,Kathmandu,87334,Silver,95,69,41597.98,Clothing,High,4.5
472,57,Male,Bhaktapur,123463,Basic,53,33,39625.49,Sports,High,3.9
473,64,Female,Bhaktapur,145851,Silver,39,69,13692.72,Clothing,Medium,4.1
474,59,Female,Kathmandu,49087,Silver,27,38,35725.16,Clothing,Low,4.4
475,18,Female,Bhaktapur,162690,Basic,36,98,11527.88,Sports,Medium,4.2
476,46,Female,Chitwan,28446,Gold,64,26,2976.18,Electronics,Low,4.8
477,51,Male,Kathmandu,122127,Silver,73,1,10855.69,Sports,High,3.7
478,30,Male,Pokhara,68867,Basic,54,4,9752.81,Beauty,High,3.6
479,18,Female,Lalitpur,80101,Basic,3,39,17549.65,Sports,Medium,3.4
480,51,Female,Pokhara,178272,Basic,98,54,21504.03,Home,Low,3.1
481,46,Male,Chitwan,108074,Premium,9,90,25918.41,Beauty,Low,3.1
482,65,Male,Chitwan,138422,Basic,46,33,24360.94,Clothing,Low,4.7
483,64,Female,Butwal,107892,Basic,74,33,14263.06,Beauty,High,4.4
484,30,Female,Butwal,140044,Silver,13,72,2429.36,Electronics,Medium,4.3
485,65,Male,Butwal,59148,Basic,37,20,30649.98,Electronics,Low,4.2
486,46,Male,Kathmandu,102928,Basic,11,16,20391.5,Sports,Medium,4.7
487,56,Male,Bhaktapur,171770,Basic,44,21,15634.94,Beauty,High,4.0
488,41,Male,Chitwan,71660,Silver,16,45,43480.11,Clothing,Low,4.7
489,43,Male,Pokhara,55450,Silver,79,90,37590.42,Electronics,High,3.7
490,34,Male,Pokhara,53757,Silver,34,87,43030.51,Books,High,4.9
491,24,Female,Pokhara,98012,Silver,65,82,25254.16,Clothing,High,4.4
492,30,Male,Pokhara,126750,Premium,74,62,7415.63,Books,Low,3.5
493,22,Male,Butwal,147043,Silver,40,31,35114.85,Home,Low,4.1
494,43,Male,Pokhara,76116,Basic,66,42,11097.62,Books,Low,4.1
495,20,Male,Bhaktapur,164233,Basic,28,12,22620.25,Electronics,Low,3.3
496,24,Female,Butwal,52152,Silver,17,65,4185.04,Sports,Low,4.2
497,56,Female,Pokhara,126379,Gold,19,73,41440.11,Home,Medium,3.6
498,18,Male,Kathmandu,40836,Basic,13,3,7171.09,Beauty,Medium,3.1
499,34,Female,Lalitpur,177403,Gold,33,90,45251.78,Clothing,High,4.9
500,60,Female,Lalitpur,161835,Basic,48,9,43347.3,Electronics,Low,4.3
501,42,Female,Lalitpur,89444,Silver,53,51,23764.56,Home,Medium,4.8
502,20,Female,Butwal,113109,Gold,30,16,37474.04,Home,Medium,4.4
503,32,Female,Pokhara,170259,Basic,57,88,31352.81,Electronics,Medium,3.7
504,46,Female,Chitwan,163029,Silver,41,78,40350.71,Beauty,High,4.0
505,60,Male,Chitwan,155451,Basic,57,3,22158.45,Beauty,Medium,4.4
506,49,Male,Chitwan,179031,Gold,81,98,39504.62,Sports,High,4.9
507,43,Male,Butwal,102018,Basic,29,97,23660.38,Books,Low,3.5
508,33,Male,Bhaktapur,143076,Gold,24,24,47107.32,Beauty,Medium,4.7
509,42,Male,Kathmandu,178177,Basic,62,73,24832.23,Sports,Low,4.8
510,45,Female,Kathmandu,151949,Premium,18,13,23668.34,Books,Low,4.3
511,26,Male,Lalitpur,103788,Silver,71,2,39468.52,Home,Low,4.9
512,18,Male,Lalitpur,116870,Gold,91,71,41257.31,Electronics,Low,3.8
513,46,Female,Chitwan,103308,Basic,7,21,28169.97,Beauty,Low,4.9
514,39,Female,Chitwan,77913,Premium,94,19,9810.09,Sports,Low,4.4
515,33,Male,Lalitpur,22637,Basic,2,89,23920.15,Home,Low,3.1
516,58,Female,Pokhara,62025,Basic,66,47,48435.55,Beauty,High,4.8
517,61,Female,Bhaktapur,119508,Silver,85,22,37896.32,Clothing,Low,4.0
518,58,Female,Bhaktapur,102464,Basic,80,75,40746.97,Home,Medium,3.9
519,24,Female,Bhaktapur,48742,Basic,99,33,2608.45,Beauty,Low,4.1
520,31,Male,Bhaktapur,31831,Premium,16,32,23925.11,Home,High,3.3
521,46,Female,Lalitpur,133768,Premium,13,64,32684.44,Electronics,High,3.9
522,36,Male,Kathmandu,105092,Silver,8,85,41671.6,Electronics,Medium,4.7
523,36,Male,Lalitpur,110879,Premium,61,39,3414.41,Electronics,Medium,3.0
524,19,Female,Bhaktapur,108370,Silver,93,84,42769.51,Books,Low,3.5
525,58,Female,Lalitpur,146537,Basic,20,72,27871.65,Clothing,High,3.0
526,62,Female,Bhaktapur,124824,Gold,75,42,10668.38,Electronics,High,3.8
527,32,Male,Butwal,108741,Gold,36,9,16545.51,Clothing,High,4.5
528,20,Female,Chitwan,38830,Premium,95,25,14814.55,Electronics,Medium,4.6
529,28,Female,Kathmandu,75044,Basic,10,89,27012.09,Books,Low,4.9
530,63,Female,Butwal,93948,Gold,19,97,3532.6,Home,High,4.2
531,47,Female,Pokhara,89202,Basic,34,2,8768.27,Beauty,Low,3.5
532,57,Female,Lalitpur,57045,Basic,52,19,40821.96,Beauty,Medium,4.8
533,35,Male,Pokhara,127509,Basic,46,20,7497.6,Electronics,Low,4.6
534,65,Female,Lalitpur,177699,Premium,74,93,12436.42,Beauty,High,4.1
535,19,Female,Chitwan,35198,Gold,51,70,23215.16,Electronics,Low,4.4
536,49,Female,Butwal,89521,Gold,7,17,26338.92,Electronics,Low,4.8
537,25,Male,Chitwan,126471,Silver,3,89,38416.91,Sports,Medium,4.4
538,39,Female,Bhaktapur,49475,Basic,26,68,22919.29,Sports,Medium,3.7
539,23,Male,Chitwan,39403,Basic,43,94,39703.37,Sports,Medium,4.4
540,29,Male,Chitwan,23681,Basic,39,84,31298.97,Clothing,Low,3.1
541,64,Female,Bhaktapur,111555,Silver,46,3,6541.89,Sports,Low,3.8
542,57,Female,Lalitpur,138884,Gold,93,87,8660.24,Electronics,Medium,3.8
543,53,Female,Bhaktapur,113122,Silver,43,51,22414.65,Books,High,3.3
544,32,Male,Butwal,135260,Basic,47,82,20447.58,Books,High,3.0
545,45,Male,Chitwan,125386,Basic,90,26,37433.67,Home,Medium,3.3
546,62,Male,Bhaktapur,156701,Basic,84,56,29456.12,Sports,High,4.3
547,35,Male,Chitwan,113246,Silver,51,100,20018.52,Books,Medium,4.6
548,19,Male,Butwal,115864,Premium,83,64,9367.25,Sports,Medium,5.0
549,30,Male,Pokhara,28417,Silver,67,8,12115.02,Home,Medium,3.7
550,62,Female,Butwal,138888,Gold,10,81,29199.55,Books,Medium,4.2
551,32,Female,Kathmandu,94499,Silver,76,95,21748.5,Electronics,Medium,4.9
552,37,Male,Kathmandu,150908,Silver,72,37,26231.45,Clothing,Medium,3.3
553,46,Female,Kathmandu,47675,Basic,3,97,9363.19,Sports,Low,4.4
554,59,Female,Chitwan,31332,Premium,75,27,33482.41,Books,Low,4.5
555,46,Male,Lalitpur,39177,Gold,72,45,42774.4,Books,Low,3.2
556,20,Male,Lalitpur,150560,Basic,76,4,13639.04,Home,Medium,4.7
557,36,Female,Lalitpur,77104,Silver,47,86,25084.2,Electronics,Low,4.6
558,20,Male,Chitwan,104335,Silver,25,90,48800.84,Beauty,Low,3.1
559,31,Male,Butwal,134938,Silver,76,96,17328.85,Books,Medium,3.2
560,57,Female,Lalitpur,100730,Premium,38,88,30157.27,Clothing,Medium,3.1
561,21,Male,Pokhara,156023,Silver,91,99,5419.59,Home,Medium,3.7
562,28,Female,Kathmandu,48333,Silver,57,37,30694.74,Books,Medium,4.0
563,48,Female,Butwal,41673,Basic,18,96,5391.96,Books,High,4.1
564,60,Female,Kathmandu,134421,Basic,87,71,48002.54,Home,High,3.5
565,49,Female,Lalitpur,60870,Basic,82,33,36067.47,Home,High,4.8
566,44,Female,Butwal,147536,Basic,76,31,39619.83,Sports,Medium,3.7
567,47,Male,Bhaktapur,91101,Gold,76,55,35501.11,Books,Low,3.1
568,60,Male,Pokhara,42821,Gold,57,12,29896.72,Beauty,High,3.6
569,19,Male,Lalitpur,45494,Basic,27,11,23045.73,Clothing,Low,4.1
570,26,Male,Lalitpur,119477,Gold,65,88,43060.3,Electronics,Low,3.8
571,45,Female,Pokhara,146083,Basic,9,72,47884.95,Electronics,Medium,3.5
572,48,Female,Pokhara,132698,Basic,85,32,25452.77,Beauty,Low,3.3
573,51,Male,Bhaktapur,131560,Basic,76,57,46645.22,Home,High,4.6
574,32,Female,Lalitpur,151907,Silver,57,38,29583.31,Home,Medium,5.0
575,65,Male,Chitwan,38646,Basic,72,60,27380.83,Home,Medium,3.7
576,42,Male,Lalitpur,143777,Silver,96,86,23269.65,Books,Medium,3.8
577,53,Male,Kathmandu,97360,Silver,13,98,11255.1,Home,Medium,4.2
578,25,Female,Butwal,57335,Premium,83,19,1182.26,Home,Low,4.4
579,26,Female,Butwal,89351,Basic,14,84,12833.81,Books,Medium,3.8
580,54,Female,Kathmandu,134934,Basic,95,56,25976.44,Books,Medium,4.8
581,65,Female,Butwal,153501,Basic,32,14,19618.04,Beauty,Medium,4.1
582,62,Male,Pokhara,61950,Silver,16,33,22975.78,Sports,Medium,3.9
583,56,Female,Butwal,80654,Basic,23,10,49051.76,Books,Low,4.3
584,49,Female,Butwal,127422,Gold,29,80,18163.35,Clothing,Low,4.9
585,34,Female,Kathmandu,129934,Silver,61,64,23156.96,Home,Low,4.6
586,52,Male,Bhaktapur,139975,Silver,12,64,7542.26,Sports,Low,3.1
587,54,Male,Butwal,111186,Silver,61,62,3349.93,Electronics,High,3.7
588,36,Female,Chitwan,124234,Basic,46,68,38995.07,Beauty,High,3.9
589,61,Female,Butwal,122326,Basic,15,91,28963.48,Sports,Low,3.6
590,46,Female,Bhaktapur,97527,Basic,65,92,38274.54,Books,Medium,4.4
591,24,Female,Kathmandu,106704,Silver,80,43,8343.28,Home,Medium,4.7
592,45,Male,Bhaktapur,116952,Basic,95,80,29019.61,Home,Low,4.5
593,26,Female,Kathmandu,80782,Basic,42,59,13428.48,Home,Low,5.0
594,45,Female,Pokhara,91116,Premium,7,52,12175.03,Sports,High,3.5
595,23,Female,Kathmandu,109626,Basic,2,97,1564.77,Home,Medium,4.7
596,46,Male,Pokhara,166895,Gold,11,19,7386.7,Books,High,4.5
597,34,Male,Pokhara,66015,Gold,83,21,16154.14,Sports,Low,3.7
598,33,Female,Kathmandu,122877,Basic,15,22,6727.06,Home,Medium,4.5
599,40,Female,Chitwan,35339,Basic,77,9,49307.06,Electronics,Low,3.2
600,48,Female,Lalitpur,154563,Basic,79,9,16123.0,Electronics,Low,4.6
601,20,Female,Kathmandu,151778,Gold,58,73,7385.87,Clothing,Medium,4.1
602,38,Female,Butwal,117493,Silver,48,27,10755.03,Home,Low,3.6
603,43,Male,Chitwan,166800,Gold,62,17,29797.46,Home,Low,4.3
604,53,Male,Chitwan,158069,Premium,61,44,4138.13,Sports,Low,4.3
605,59,Male,Butwal,149526,Gold,48,45,43259.27,Sports,Low,3.4
606,54,Female,Lalitpur,141648,Basic,50,8,48113.48,Home,Medium,3.1
607,39,Male,Chitwan,45163,Basic,32,80,13090.62,Clothing,Medium,3.9
608,59,Male,Pokhara,168790,Gold,29,18,23054.67,Home,Low,4.1
609,29,Male,Lalitpur,107508,Basic,58,33,2084.59,Books,Low,4.8
610,59,Female,Butwal,59619,Basic,75,1,32394.8,Sports,Low,4.9
611,30,Female,Lalitpur,32126,Gold,14,76,21282.38,Home,Medium,4.1
612,28,Male,Kathmandu,84926,Silver,81,6,14232.86,Sports,Low,4.5
613,33,Female,Lalitpur,60633,Premium,91,41,11135.02,Home,Medium,3.9
614,25,Male,Pokhara,23317,Gold,22,55,33047.13,Beauty,Low,4.5
615,57,Male,Kathmandu,64980,Basic,77,5,21394.63,Sports,Low,3.4
616,57,Male,Bhaktapur,64115,Premium,93,59,9803.31,Clothing,High,3.7
617,62,Male,Butwal,63158,Basic,96,80,34766.34,Beauty,Medium,4.3
618,19,Female,Butwal,125364,Basic,44,18,28688.54,Books,Low,3.0
619,47,Female,Lalitpur,35504,Silver,61,49,43074.93,Home,High,4.4
620,47,Female,Chitwan,177732,Basic,78,82,6756.32,Books,Medium,4.7
621,29,Female,Kathmandu,57196,Silver,70,65,39497.66,Sports,High,3.8
622,27,Male,Bhaktapur,85938,Basic,14,83,34002.32,Beauty,Medium,3.9
623,61,Female,Kathmandu,159677,Silver,45,54,6635.54,Books,Medium,4.7
624,28,Male,Butwal,77388,Silver,63,61,35046.22,Clothing,High,4.6
625,32,Female,Kathmandu,75501,Gold,45,8,22635.82,Sports,Low,3.6
626,33,Female,Bhaktapur,47043,Gold,55,3,47304.25,Beauty,Medium,3.6
627,34,Female,Chitwan,53635,Basic,43,25,7938.96,Books,Medium,4.4
628,43,Male,Lalitpur,100691,Silver,74,69,32498.84,Beauty,Low,4.1
629,19,Male,Pokhara,53132,Silver,28,55,19717.02,Beauty,Low,3.3
630,29,Male,Kathmandu,35366,Basic,94,40,47883.92,Books,Low,3.6
631,43,Male,Pokhara,113944,Gold,61,83,17168.77,Electronics,Medium,4.8
632,40,Female,Butwal,135267,Gold,88,82,48147.11,Home,Medium,4.4
633,35,Male,Lalitpur,59236,Basic,51,50,45172.81,Sports,Medium,5.0
634,49,Male,Lalitpur,24150,Silver,53,95,14248.78,Sports,Low,4.5
635,55,Female,Kathmandu,131369,Basic,87,33,40373.55,Sports,Medium,4.9
636,64,Female,Chitwan,39423,Silver,56,18,49784.61,Beauty,High,3.4
637,20,Male,Lalitpur,24137,Basic,82,57,13380.49,Books,Low,4.5
638,55,Female,Kathmandu,49992,Premium,65,16,22402.08,Home,Medium,3.0
639,20,Male,Kathmandu,130540,Gold,21,80,26488.86,Clothing,Medium,4.3
640,47,Female,Pokhara,135140,Silver,19,38,15451.63,Sports,Medium,3.9
641,18,Male,Lalitpur,141225,Silver,32,41,1747.98,Books,Medium,3.7
642,47,Male,Kathmandu,86917,Premium,71,7,11786.33,Home,High,4.7
643,62,Male,Pokhara,93690,Silver,24,78,14814.91,Home,Low,4.7
644,49,Male,Bhaktapur,54235,Basic,45,53,22736.39,Electronics,High,3.0
645,45,Male,Pokhara,39122,Silver,72,63,9384.02,Books,Low,4.2
646,38,Female,Pokhara,43956,Gold,97,89,43789.46,Sports,Low,3.7
647,63,Male,Kathmandu,83879,Silver,56,32,35540.65,Beauty,Low,3.8
648,30,Male,Butwal,78560,Gold,86,38,5174.82,Home,Medium,4.7
649,44,Male,Butwal,130310,Gold,4,22,32854.53,Home,Medium,3.6
650,53,Male,Chitwan,175732,Premium,54,16,33029.17,Clothing,Low,4.9
651,24,Male,Butwal,21168,Premium,60,52,47854.84,Electronics,Low,3.4
652,39,Female,Pokhara,65124,Basic,88,29,1148.02,Home,High,4.3
653,27,Female,Chitwan,166104,Silver,7,16,13148.69,Home,High,4.3
654,56,Male,Kathmandu,72797,Gold,15,76,46461.78,Beauty,Medium,3.5
655,32,Female,Lalitpur,55294,Gold,47,17,46674.56,Beauty,Medium,3.6
656,32,Male,Pokhara,23516,Silver,60,64,36308.73,Clothing,Medium,4.7
657,21,Female,Pokhara,170823,Basic,14,91,38522.4,Books,Low,4.5
658,49,Female,Chitwan,50373,Gold,64,89,5482.66,Clothing,High,3.7
659,40,Male,Kathmandu,142026,Gold,21,13,26179.92,Clothing,Low,4.1
660,23,Female,Bhaktapur,50270,Basic,2,72,12347.57,Beauty,Medium,3.1
661,41,Female,Pokhara,161458,Silver,53,56,9879.68,Books,Low,3.4
662,37,Male,Bhaktapur,85184,Basic,13,5,40704.86,Beauty,Medium,4.0
663,54,Male,Bhaktapur,57879,Basic,35,12,7616.87,Electronics,Medium,3.2
664,37,Female,Butwal,69597,Basic,81,41,23963.93,Sports,Medium,4.7
665,29,Female,Kathmandu,23626,Silver,81,3,46990.33,Sports,Low,4.4
666,50,Female,Bhaktapur,105936,Silver,66,99,10105.77,Electronics,Medium,4.9
667,45,Male,Kathmandu,101515,Silver,9,33,48921.68,Sports,Low,4.4
668,25,Female,Butwal,75390,Gold,48,86,49720.11,Books,Low,4.9
669,18,Female,Kathmandu,167717,Gold,64,50,28225.24,Beauty,Low,4.1
670,54,Female,Pokhara,74144,Basic,90,56,9336.99,Sports,Medium,4.2
671,39,Male,Bhaktapur,164454,Basic,56,9,16489.14,Books,Medium,5.0
672,23,Male,Kathmandu,24025,Gold,26,82,21800.15,Beauty,Medium,4.3
673,38,Male,Lalitpur,99380,Basic,74,50,16156.89,Books,Medium,3.1
674,49,Male,Kathmandu,138910,Premium,4,29,14751.14,Electronics,Medium,4.4
675,52,Female,Bhaktapur,116055,Gold,70,39,48639.26,Clothing,Medium,4.8
676,32,Male,Butwal,146189,Silver,82,91,8514.88,Electronics,Low,4.6
677,22,Female,Butwal,154515,Premium,56,100,36933.07,Sports,Low,4.2
678,63,Female,Bhaktapur,41395,Basic,92,45,1020.1,Beauty,Medium,4.3
679,65,Female,Pokhara,30725,Basic,14,17,30212.95,Books,Medium,5.0
680,23,Female,Pokhara,53461,Silver,98,56,45881.21,Sports,High,3.2
681,42,Male,Butwal,61115,Silver,100,98,15108.77,Sports,High,4.3
682,63,Male,Butwal,130084,Premium,75,46,10090.77,Clothing,Low,3.6
683,57,Male,Bhaktapur,103732,Basic,29,67,32932.31,Sports,Low,4.3
684,46,Male,Pokhara,99557,Silver,19,69,35917.47,Clothing,Medium,4.2
685,24,Male,Butwal,91260,Silver,36,14,34713.5,Beauty,Low,3.3
686,57,Female,Pokhara,179762,Gold,2,67,16646.53,Beauty,Low,3.4
687,30,Male,Butwal,21407,Basic,72,23,13357.92,Books,High,4.2
688,55,Male,Kathmandu,93568,Silver,40,94,47840.02,Clothing,Low,3.3
689,35,Male,Lalitpur,78560,Gold,38,61,46241.68,Electronics,High,3.5
690,19,Male,Chitwan,168866,Basic,25,23,23408.51,Beauty,Medium,4.7
691,25,Female,Kathmandu,170953,Gold,1,27,42463.5,Books,Medium,3.7
692,28,Female,Chitwan,111288,Silver,22,54,23163.85,Electronics,Low,4.0
693,50,Female,Butwal,139020,Gold,22,10,21795.06,Beauty,Low,4.9
694,55,Female,Lalitpur,119301,Gold,84,89,8681.38,Beauty,Medium,3.5
695,65,Female,Lalitpur,34390,Basic,15,77,21893.9,Books,Low,3.8
696,44,Male,Butwal,47307,Silver,8,16,27333.43,Books,Low,4.2
697,37,Female,Butwal,44502,Gold,12,41,2102.71,Home,Low,4.5
698,29,Female,Pokhara,42486,Silver,27,98,22761.54,Sports,Low,4.8
699,60,Female,Butwal,131813,Premium,26,55,39286.45,Sports,Low,4.8
700,48,Male,Bhaktapur,123920,Silver,50,61,34322.26,Electronics,Medium,4.6
701,44,Male,Butwal,102768,Basic,63,86,32122.69,Sports,Low,3.5
702,49,Female,Bhaktapur,161820,Silver,51,81,45568.22,Electronics,Low,3.0
703,27,Male,Butwal,82785,Premium,80,87,1883.57,Beauty,Medium,3.8
704,20,Male,Pokhara,96050,Basic,37,100,28295.33,Home,High,3.3
705,62,Female,Bhaktapur,42738,Gold,99,49,39580.09,Home,Low,4.4
706,44,Male,Kathmandu,94231,Premium,64,73,27525.43,Beauty,Low,4.3
707,52,Male,Bhaktapur,93606,Silver,17,52,16870.88,Books,Medium,3.1
708,48,Male,Pokhara,61662,Basic,62,2,7676.28,Clothing,High,4.7
709,32,Female,Chitwan,138313,Gold,50,96,44490.59,Clothing,Medium,3.5
710,33,Female,Bhaktapur,35123,Basic,8,50,24067.36,Sports,Medium,3.9
711,30,Female,Butwal,176688,Gold,12,86,44027.64,Books,Low,4.3
712,52,Male,Butwal,31182,Silver,39,43,29706.75,Electronics,Medium,3.9
713,28,Female,Chitwan,110369,Silver,54,77,34035.41,Home,Low,3.9
714,38,Male,Pokhara,46128,Gold,78,8,40408.8,Sports,Medium,3.1
715,28,Male,Lalitpur,51556,Silver,42,59,33298.62,Beauty,Medium,3.8
716,47,Male,Butwal,172948,Silver,43,65,20504.69,Books,High,4.5
717,65,Female,Kathmandu,160021,Silver,67,81,26168.04,Home,Low,4.8
718,52,Female,Pokhara,71962,Silver,32,12,40349.23,Electronics,Low,3.8
719,39,Female,Bhaktapur,110054,Silver,23,4,19308.86,Electronics,Medium,3.8
720,55,Female,Bhaktapur,44099,Gold,35,77,20017.95,Clothing,Medium,4.4
721,48,Male,Kathmandu,163788,Silver,9,95,5688.82,Sports,Medium,4.9
722,31,Female,Butwal,73144,Silver,99,41,45814.64,Beauty,Low,3.5
723,41,Male,Pokhara,27837,Gold,19,7,5460.78,Home,Low,3.9
724,49,Female,Kathmandu,170231,Basic,74,87,32762.25,Electronics,Medium,4.6
725,53,Female,Butwal,145212,Basic,11,88,21246.53,Home,Low,4.2
726,49,Female,Pokhara,136680,Premium,61,69,20875.35,Beauty,High,3.2
727,32,Male,Bhaktapur,126802,Gold,17,69,34298.04,Home,Medium,4.3
728,60,Male,Pokhara,122413,Silver,93,81,4287.59,Sports,Medium,3.4
729,52,Male,Chitwan,71012,Silver,100,30,30091.58,Clothing,Medium,4.0
730,20,Male,Lalitpur,150193,Basic,62,73,38829.56,Home,Medium,4.1
731,33,Male,Pokhara,168178,Silver,83,6,41582.43,Books,Low,4.8
732,22,Female,Lalitpur,78123,Silver,24,89,9355.99,Clothing,High,3.9
733,38,Male,Pokhara,131825,Silver,11,19,44973.53,Beauty,Low,3.6
734,27,Male,Lalitpur,28720,Silver,20,80,33151.16,Clothing,Medium,3.5
735,36,Male,Chitwan,172192,Basic,24,85,44210.89,Home,Low,4.7
736,42,Male,Bhaktapur,170862,Basic,10,66,24778.76,Home,Medium,3.3
737,21,Female,Butwal,78655,Premium,63,10,27559.63,Books,Low,3.9
738,46,Male,Lalitpur,113448,Silver,72,16,46032.88,Electronics,Low,3.4
739,36,Female,Chitwan,140507,Silver,49,37,45095.57,Books,High,4.5
740,60,Female,Lalitpur,54812,Basic,61,79,22959.88,Home,Low,3.9
741,19,Female,Bhaktapur,69570,Basic,88,77,14446.22,Clothing,Medium,3.7
742,27,Male,Lalitpur,70901,Gold,98,77,20265.35,Books,High,3.7
743,60,Female,Chitwan,80186,Silver,95,32,20000.45,Books,Low,4.7
744,42,Male,Chitwan,142066,Silver,48,47,15056.48,Electronics,Medium,4.1
745,37,Male,Kathmandu,148364,Basic,13,72,14160.4,Home,Low,4.4
746,65,Male,Bhaktapur,56160,Gold,0,43,43192.08,Home,Low,4.8
747,36,Male,Kathmandu,39156,Basic,80,82,4423.23,Beauty,Medium,4.8
748,40,Male,Bhaktapur,96208,Basic,24,36,34202.95,Electronics,High,3.7
749,41,Female,Lalitpur,169001,Silver,58,26,9468.18,Beauty,Low,4.9
750,28,Female,Chitwan,115377,Basic,71,10,17880.79,Beauty,Medium,3.0
751,63,Male,Kathmandu,62863,Basic,68,31,4015.61,Beauty,Medium,3.8
752,51,Female,Lalitpur,85439,Silver,4,97,14228.71,Sports,High,4.8
753,45,Male,Chitwan,158266,Gold,98,29,38652.63,Beauty,Low,3.5
754,22,Female,Bhaktapur,141361,Gold,18,5,44365.75,Books,Medium,3.5
755,22,Female,Chitwan,116176,Silver,22,77,11854.83,Clothing,Medium,3.6
756,38,Female,Lalitpur,49777,Basic,8,1,23713.84,Books,Medium,4.2
757,29,Female,Kathmandu,177255,Basic,93,87,24045.88,Books,High,3.9
758,21,Female,Kathmandu,178517,Premium,49,3,43805.19,Home,High,4.5
759,59,Male,Chitwan,107201,Silver,15,67,38377.15,Sports,Low,4.8
760,37,Male,Lalitpur,167270,Gold,32,71,26140.78,Beauty,Medium,4.3
761,55,Female,Pokhara,172483,Basic,1,100,33866.61,Home,Low,3.4
762,42,Male,Bhaktapur,35867,Silver,13,35,42520.4,Electronics,Low,4.9
763,31,Female,Bhaktapur,82501,Basic,0,15,1467.41,Electronics,Medium,3.5
764,28,Male,Lalitpur,165338,Silver,89,67,20741.61,Home,Low,3.3
765,49,Female,Pokhara,59422,Premium,57,93,45454.92,Clothing,Medium,3.2
766,28,Female,Kathmandu,141544,Premium,88,30,37275.34,Home,High,4.1
767,35,Female,Butwal,158439,Silver,15,82,27599.23,Home,Low,3.2
768,44,Male,Butwal,55362,Silver,78,75,26952.58,Sports,High,3.3
769,35,Male,Lalitpur,71588,Premium,89,43,18040.73,Electronics,Medium,3.6
770,40,Female,Pokhara,146683,Gold,46,60,26505.51,Electronics,Medium,3.6
771,28,Female,Pokhara,56307,Basic,43,40,33113.78,Beauty,High,4.2
772,38,Male,Bhaktapur,100280,Silver,79,65,21499.79,Books,Low,4.6
773,61,Male,Kathmandu,170939,Basic,13,29,35993.5,Home,Medium,4.5
774,22,Male,Chitwan,76523,Silver,92,74,43200.38,Home,Medium,3.5
775,40,Male,Pokhara,157450,Silver,23,92,8579.56,Clothing,Low,3.5
776,58,Male,Chitwan,127669,Silver,54,95,23125.8,Electronics,High,4.9
777,42,Female,Butwal,178998,Silver,14,19,20992.98,Clothing,High,3.0
778,58,Male,Chitwan,123215,Basic,82,3,34685.78,Sports,Low,4.8
779,27,Female,Kathmandu,118707,Silver,71,36,13243.51,Beauty,Low,3.4
780,39,Female,Kathmandu,164252,Gold,33,43,32372.29,Clothing,Medium,4.9
781,36,Male,Chitwan,112837,Gold,1,15,43996.97,Electronics,Low,3.7
782,18,Male,Lalitpur,138070,Basic,26,97,21488.45,Sports,Medium,3.9
783,24,Female,Pokhara,175086,Premium,73,41,45639.77,Home,Low,4.4
784,21,Male,Lalitpur,99872,Premium,98,90,49665.02,Sports,Medium,4.2
785,18,Female,Chitwan,107736,Basic,86,80,6198.51,Books,Low,3.6
786,32,Male,Pokhara,25470,Basic,71,36,12419.61,Clothing,Low,4.1
787,57,Male,Bhaktapur,166025,Gold,91,97,47568.61,Electronics,Medium,4.5
788,29,Male,Lalitpur,112969,Gold,22,84,47958.06,Clothing,Medium,3.1
789,39,Female,Lalitpur,111493,Premium,67,77,5787.66,Home,High,3.0
790,39,Male,Chitwan,26523,Premium,13,33,1734.93,Home,High,3.9
791,64,Female,Butwal,51169,Silver,62,5,8893.9,Electronics,Low,3.3
792,34,Male,Chitwan,65641,Silver,92,78,49804.63,Books,Low,4.3
793,46,Female,Lalitpur,174062,Basic,64,91,9819.98,Beauty,High,3.4
794,63,Male,Pokhara,49661,Basic,67,87,25624.83,Sports,High,3.9
795,31,Female,Butwal,164491,Silver,62,14,42572.47,Sports,High,3.4
796,37,Female,Chitwan,34457,Silver,95,68,1999.68,Home,Low,4.1
797,65,Female,Chitwan,87600,Silver,96,83,30619.96,Clothing,High,3.2
798,50,Female,Lalitpur,123619,Gold,89,47,14574.25,Clothing,Low,3.0
799,60,Female,Lalitpur,96102,Basic,80,54,43254.41,Books,Medium,3.1
800,32,Female,Bhaktapur,53085,Silver,86,4,14889.6,Beauty,High,4.9
801,29,Male,Chitwan,117064,Basic,63,94,34651.03,Clothing,Low,3.3
802,57,Female,Lalitpur,157202,Silver,31,83,34036.76,Sports,High,4.4
803,37,Female,Kathmandu,125723,Gold,78,95,11853.18,Clothing,Low,3.1
804,47,Female,Butwal,153114,Gold,12,95,2705.16,Beauty,High,3.2
805,55,Male,Kathmandu,90134,Premium,65,9,21053.23,Sports,Low,4.0
806,20,Male,Butwal,62982,Basic,18,53,15170.46,Clothing,High,3.9
807,45,Male,Chitwan,85185,Silver,23,77,40639.91,Sports,Low,4.9
808,43,Female,Bhaktapur,53477,Basic,87,78,40217.85,Home,Medium,4.9
809,47,Male,Lalitpur,134161,Silver,10,60,23394.17,Home,Medium,4.6
810,30,Male,Lalitpur,72709,Gold,58,46,30719.1,Books,Medium,4.2
811,30,Female,Lalitpur,179788,Gold,85,54,30608.72,Home,Low,3.9
812,19,Female,Chitwan,98137,Premium,14,74,41530.75,Clothing,Medium,3.7
813,54,Male,Butwal,56018,Basic,9,95,21825.12,Beauty,Low,4.9
814,55,Female,Lalitpur,159133,Premium,40,37,14496.89,Sports,Medium,4.2
815,19,Female,Kathmandu,159681,Basic,26,23,13986.71,Electronics,Low,4.2
816,53,Female,Lalitpur,55371,Premium,59,27,27273.42,Home,High,3.5
817,43,Female,Chitwan,103021,Basic,72,70,23008.26,Home,Low,3.1
818,28,Male,Bhaktapur,171877,Basic,51,90,22565.92,Electronics,Low,4.9
819,25,Female,Kathmandu,27857,Silver,27,66,5465.73,Electronics,Low,3.6
820,61,Male,Lalitpur,162692,Premium,64,61,36211.58,Clothing,Medium,3.9
821,57,Male,Lalitpur,28177,Basic,16,77,11473.1,Sports,Low,3.2
822,60,Male,Pokhara,108578,Silver,94,51,10650.73,Home,Medium,4.7
823,39,Male,Butwal,109941,Gold,43,50,21225.16,Beauty,High,3.1
824,37,Female,Kathmandu,31826,Silver,9,19,12161.14,Clothing,Medium,4.7
825,25,Female,Pokhara,164962,Basic,62,1,29609.06,Clothing,Medium,3.3
826,46,Female,Bhaktapur,102428,Silver,100,40,19201.7,Beauty,Low,4.8
827,57,Male,Butwal,146044,Silver,92,32,22996.67,Beauty,Medium,4.5
828,43,Male,Kathmandu,95020,Premium,81,22,27321.3,Books,Low,3.3
829,47,Male,Lalitpur,25495,Gold,46,93,10973.24,Beauty,Medium,4.1
830,34,Female,Kathmandu,48481,Silver,37,66,8631.83,Electronics,Low,3.6
831,37,Male,Lalitpur,162339,Premium,69,40,44140.67,Home,Medium,3.4
832,33,Female,Butwal,137897,Silver,75,38,22252.46,Books,Low,4.7
833,63,Female,Lalitpur,157815,Basic,52,48,21192.59,Electronics,High,3.8
834,60,Female,Bhaktapur,123475,Basic,77,55,2745.0,Books,Low,3.8
835,24,Female,Chitwan,77042,Silver,43,75,25400.84,Home,Medium,3.3
836,33,Male,Lalitpur,69476,Basic,73,81,28154.32,Books,Low,3.8
837,62,Female,Bhaktapur,48552,Premium,53,55,28383.2,Electronics,Medium,4.7
838,64,Male,Chitwan,89093,Gold,19,51,35644.53,Sports,High,3.7
839,65,Female,Butwal,89123,Basic,78,60,9696.61,Home,Medium,4.9
840,44,Male,Butwal,36535,Silver,30,8,13358.93,Clothing,Medium,4.9
841,40,Male,Kathmandu,86490,Gold,6,86,40725.79,Home,High,3.3
842,41,Female,Bhaktapur,66562,Premium,57,68,47411.36,Home,Medium,3.4
843,26,Female,Bhaktapur,139042,Premium,9,75,7660.7,Home,Medium,4.7
844,52,Female,Pokhara,109080,Silver,9,72,25384.83,Sports,Medium,3.8
845,37,Male,Pokhara,61269,Gold,38,9,11494.64,Electronics,Medium,3.0
846,54,Female,Chitwan,100674,Silver,27,90,3943.59,Clothing,Low,3.5
847,59,Female,Chitwan,62462,Silver,29,2,16949.66,Electronics,High,4.2
848,34,Male,Pokhara,154199,Basic,36,80,8040.69,Books,Medium,4.6
849,64,Female,Chitwan,43147,Basic,66,95,35786.72,Books,Low,3.3
850,48,Male,Lalitpur,97095,Silver,42,70,27152.55,Books,Medium,3.2
851,25,Female,Pokhara,110925,Basic,78,85,8047.89,Electronics,Low,4.8
852,32,Male,Bhaktapur,86381,Basic,84,90,1452.84,Beauty,Low,4.5
853,48,Male,Lalitpur,119468,Gold,51,59,40599.7,Sports,Medium,4.2
854,47,Female,Chitwan,83749,Basic,100,19,9633.53,Beauty,High,4.5
855,63,Male,Butwal,33731,Silver,55,28,30704.62,Books,High,3.9
856,37,Female,Kathmandu,144647,Silver,75,72,17509.17,Sports,High,4.5
857,56,Female,Pokhara,71024,Premium,67,14,29688.81,Electronics,High,3.7
858,29,Male,Butwal,136712,Silver,8,24,16467.03,Books,Low,3.5
859,34,Female,Chitwan,121121,Basic,91,44,5260.04,Electronics,Low,4.5
860,59,Male,Bhaktapur,23832,Silver,22,56,11924.55,Sports,High,3.8
861,47,Male,Kathmandu,52332,Gold,62,90,10214.87,Electronics,Low,5.0
862,46,Male,Butwal,32467,Premium,60,95,21972.95,Electronics,Medium,3.7
863,36,Male,Kathmandu,61025,Silver,39,51,33255.91,Clothing,Medium,4.8
864,63,Male,Pokhara,164179,Basic,43,32,13926.5,Beauty,Low,4.9
865,28,Male,Chitwan,97994,Premium,85,50,1591.43,Beauty,High,3.5
866,51,Male,Bhaktapur,114202,Basic,23,41,26427.93,Beauty,Medium,4.6
867,24,Male,Chitwan,63481,Silver,50,66,30682.21,Home,Medium,3.9
868,61,Female,Kathmandu,153653,Silver,57,25,48180.65,Clothing,High,4.8
869,51,Female,Butwal,95118,Basic,89,61,29884.07,Books,Medium,3.9
870,37,Male,Pokhara,144010,Basic,93,66,24087.46,Books,Low,4.5
871,55,Female,Pokhara,143714,Basic,32,42,29096.68,Books,Medium,3.9
872,41,Female,Chitwan,159490,Gold,15,65,46467.13,Beauty,High,3.5
873,27,Female,Butwal,104363,Premium,21,36,41590.53,Beauty,Medium,3.4
874,49,Female,Butwal,143607,Basic,56,76,16825.96,Clothing,Medium,3.9
875,32,Female,Kathmandu,83044,Gold,61,9,12625.46,Electronics,Medium,4.5
876,54,Female,Chitwan,31814,Basic,81,36,13869.05,Beauty,Low,4.2
877,37,Male,Chitwan,119340,Silver,70,92,25716.63,Books,High,4.4
878,20,Female,Lalitpur,30024,Basic,89,38,37458.42,Electronics,High,3.6
879,54,Female,Chitwan,129236,Premium,71,33,25657.74,Beauty,Low,4.0
880,57,Female,Pokhara,77836,Gold,69,42,4322.02,Sports,Low,3.1
881,25,Female,Kathmandu,27435,Gold,29,61,36455.45,Home,High,4.6
882,57,Male,Butwal,90601,Gold,22,46,40492.54,Beauty,High,5.0
883,61,Male,Chitwan,140871,Silver,31,86,15185.4,Sports,High,3.8
884,40,Male,Kathmandu,154479,Premium,85,89,33542.16,Clothing,High,3.0
885,57,Male,Chitwan,118943,Gold,56,61,21903.0,Sports,Medium,3.3
886,28,Female,Butwal,52940,Premium,8,18,44566.85,Clothing,Medium,4.3
887,63,Male,Bhaktapur,25666,Silver,30,70,42416.05,Beauty,Medium,4.2
888,25,Male,Butwal,57122,Basic,70,82,26746.17,Clothing,Low,4.6
889,46,Male,Butwal,138647,Silver,8,80,34883.77,Sports,Medium,3.5
890,47,Male,Butwal,176164,Basic,12,15,44284.14,Home,Medium,4.5
891,27,Female,Chitwan,149753,Silver,57,48,25290.13,Electronics,Medium,4.4
892,56,Male,Lalitpur,143402,Silver,2,72,16349.29,Electronics,Medium,3.6
893,45,Female,Butwal,121190,Silver,34,13,37929.64,Home,Medium,4.1
894,53,Male,Pokhara,120468,Basic,96,43,11783.25,Books,Low,3.3
895,30,Female,Pokhara,149207,Basic,20,60,20038.03,Electronics,Low,3.9
896,49,Female,Kathmandu,46505,Silver,63,57,43420.63,Beauty,Low,4.8
897,53,Male,Lalitpur,56713,Premium,94,71,36496.69,Books,Low,3.8
898,54,Male,Kathmandu,63169,Silver,51,17,20786.74,Beauty,High,4.7
899,43,Male,Pokhara,97511,Silver,33,50,11522.48,Sports,Low,4.2
900,39,Male,Pokhara,60522,Gold,95,32,18442.45,Sports,Low,3.4
901,21,Female,Bhaktapur,119397,Silver,34,22,14921.1,Books,Medium,4.2
902,48,Female,Butwal,23880,Basic,14,55,9628.38,Books,Medium,4.0
903,35,Male,Pokhara,63539,Silver,95,57,37423.31,Books,Low,3.8
904,55,Male,Chitwan,34799,Basic,5,13,13351.42,Books,Medium,3.2
905,41,Female,Chitwan,124843,Premium,84,47,23254.21,Clothing,Medium,3.8
906,40,Male,Kathmandu,68784,Basic,96,87,19907.11,Books,Low,3.1
907,39,Female,Kathmandu,133034,Silver,31,62,49121.79,Books,Low,3.2
908,19,Male,Butwal,74362,Basic,51,54,20163.52,Sports,High,3.8
909,48,Female,Butwal,73997,Basic,82,29,4919.14,Beauty,High,3.6
910,28,Female,Bhaktapur,170145,Gold,96,22,5401.46,Sports,Medium,4.9
911,45,Female,Lalitpur,122399,Basic,27,65,29946.93,Electronics,Low,3.8
912,63,Female,Kathmandu,34549,Basic,94,29,30368.81,Clothing,Medium,4.5
913,49,Female,Butwal,76920,Silver,84,48,21519.19,Clothing,Medium,4.1
914,22,Male,Kathmandu,171388,Basic,97,5,22160.34,Beauty,Low,4.4
915,55,Female,Butwal,177255,Basic,63,35,3642.7,Books,Medium,3.5
916,27,Male,Pokhara,113860,Gold,78,74,26310.78,Sports,Medium,4.9
917,57,Female,Kathmandu,44624,Gold,77,83,25732.23,Electronics,Low,4.1
918,63,Female,Pokhara,66705,Premium,18,71,8327.92,Sports,Medium,4.7
919,41,Male,Kathmandu,109326,Gold,14,46,6088.13,Books,High,3.7
920,52,Male,Lalitpur,177828,Gold,5,35,7055.05,Books,Low,3.2
921,61,Male,Bhaktapur,80390,Basic,72,45,5950.38,Home,High,4.3
922,65,Male,Chitwan,88369,Gold,100,13,30875.7,Sports,Low,3.0
923,40,Female,Chitwan,29589,Gold,83,10,10627.65,Beauty,High,4.0
924,34,Male,Chitwan,133012,Gold,97,66,13320.08,Sports,Low,3.4
925,18,Female,Pokhara,165188,Silver,37,70,9505.04,Clothing,Low,4.3
926,48,Male,Butwal,93181,Basic,25,72,47933.93,Electronics,Medium,5.0
927,48,Male,Chitwan,143711,Gold,81,100,42876.26,Beauty,Medium,3.9
928,59,Female,Lalitpur,96425,Gold,91,25,12294.25,Home,High,4.6
929,59,Female,Chitwan,35994,Premium,50,44,17050.75,Electronics,Low,4.0
930,51,Male,Kathmandu,131915,Basic,72,60,11284.75,Electronics,Low,4.0
931,26,Female,Pokhara,142961,Basic,95,47,25101.92,Clothing,Medium,4.9
932,39,Female,Kathmandu,124672,Basic,52,40,1960.92,Clothing,Medium,4.8
933,30,Female,Kathmandu,46639,Gold,55,7,33897.03,Clothing,Low,4.6
934,42,Female,Kathmandu,37205,Basic,58,46,26634.75,Beauty,Medium,3.6
935,65,Female,Bhaktapur,76677,Basic,69,23,45033.31,Sports,Medium,4.1
936,35,Female,Bhaktapur,52930,Premium,77,83,9055.24,Electronics,High,3.4
937,29,Female,Butwal,93313,Basic,91,46,40401.35,Sports,High,3.9
938,57,Female,Pokhara,133153,Gold,57,86,39806.09,Sports,Low,4.0
939,34,Male,Lalitpur,38316,Silver,87,13,7231.88,Clothing,Medium,4.7
940,32,Female,Lalitpur,178376,Gold,12,21,20529.4,Sports,Low,4.8
941,59,Male,Lalitpur,116058,Silver,42,1,9337.48,Electronics,Medium,3.8
942,32,Female,Kathmandu,107876,Premium,75,19,13481.3,Electronics,Medium,3.0
943,32,Female,Bhaktapur,105366,Premium,50,60,13899.06,Books,High,4.7
944,56,Female,Pokhara,33403,Basic,18,33,28255.58,Home,Medium,3.3
945,30,Female,Kathmandu,100052,Basic,20,4,21159.14,Beauty,High,4.2
946,34,Male,Bhaktapur,93495,Basic,90,3,47438.91,Sports,High,3.0
947,49,Male,Bhaktapur,116090,Gold,82,91,7192.14,Beauty,High,3.8
948,26,Female,Chitwan,56701,Premium,23,52,48710.91,Beauty,High,5.0
949,57,Male,Chitwan,154457,Silver,25,99,12301.29,Beauty,Medium,3.2
950,37,Female,Pokhara,77241,Silver,44,28,38870.82,Books,Low,3.8
951,43,Female,Pokhara,161439,Basic,27,70,17609.53,Beauty,Low,3.6
952,44,Male,Pokhara,85030,Gold,81,70,8010.99,Books,Low,4.8
953,38,Male,Kathmandu,176635,Premium,99,55,43036.57,Electronics,Medium,4.7
954,35,Female,Butwal,125185,Basic,28,57,16134.18,Sports,Medium,3.5
955,30,Female,Pokhara,56404,Silver,16,87,33283.91,Books,Medium,3.2
956,33,Male,Chitwan,75182,Basic,67,97,28755.74,Home,High,4.3
957,26,Female,Butwal,52991,Silver,43,16,24116.06,Beauty,High,3.7
958,29,Male,Kathmandu,124601,Silver,60,24,25295.15,Home,Low,4.3
959,61,Female,Butwal,85886,Basic,92,69,36879.66,Electronics,Low,3.1
960,55,Female,Lalitpur,142002,Silver,67,41,5300.87,Electronics,Medium,3.3
961,36,Male,Butwal,103848,Basic,73,77,33740.85,Clothing,Low,4.4
962,24,Male,Pokhara,175199,Silver,24,47,44894.79,Beauty,Medium,3.4
963,52,Male,Kathmandu,77692,Silver,94,76,3831.62,Clothing,Medium,4.7
964,65,Female,Pokhara,57500,Basic,66,69,7892.01,Home,Medium,3.1
965,35,Female,Chitwan,53785,Gold,1,31,36114.96,Sports,High,3.4
966,33,Female,Lalitpur,104146,Gold,88,92,22426.8,Clothing,High,5.0
967,56,Female,Chitwan,67997,Silver,48,92,20773.88,Electronics,Low,3.9
968,21,Male,Pokhara,27170,Basic,69,30,7711.37,Beauty,Medium,4.4
969,42,Female,Pokhara,164375,Gold,25,18,25831.73,Home,Medium,3.4
970,49,Female,Pokhara,91743,Premium,71,44,7200.72,Books,Low,4.2
971,57,Female,Bhaktapur,55187,Basic,98,27,24354.4,Electronics,Low,4.5
972,30,Male,Lalitpur,152965,Basic,26,99,38417.15,Books,Medium,3.6
973,62,Female,Pokhara,164825,Basic,88,26,13654.95,Sports,Low,4.7
974,34,Female,Pokhara,58090,Silver,17,60,24558.52,Beauty,Low,4.2
975,54,Male,Chitwan,79412,Basic,53,18,49608.78,Sports,Medium,3.8
976,23,Female,Chitwan,76030,Silver,0,97,34645.87,Sports,Medium,4.1
977,36,Female,Pokhara,37509,Gold,60,89,42226.48,Beauty,Low,4.2
978,30,Male,Kathmandu,88653,Silver,2,56,21327.53,Beauty,Low,3.3
979,43,Female,Bhaktapur,149626,Silver,67,31,38625.19,Books,High,3.8
980,31,Female,Chitwan,24042,Silver,40,59,2984.95,Sports,Low,3.7
981,48,Female,Kathmandu,57201,Silver,36,2,7022.65,Home,High,3.8
982,21,Male,Bhaktapur,34016,Basic,50,97,10950.46,Books,Medium,4.5
983,56,Female,Pokhara,45022,Basic,14,39,20695.64,Beauty,Low,4.0
984,25,Female,Lalitpur,47938,Premium,7,61,42441.5,Electronics,Low,4.9
985,42,Male,Butwal,138171,Basic,37,63,17967.04,Books,Low,3.6
986,30,Male,Butwal,81720,Gold,82,96,33076.44,Clothing,Low,3.8
987,49,Female,Pokhara,125514,Premium,55,18,35756.4,Home,Low,4.6
988,55,Female,Chitwan,153058,Basic,46,17,29722.94,Books,Medium,4.1
989,55,Female,Kathmandu,96478,Silver,89,98,18504.86,Beauty,Low,4.1
990,45,Female,Lalitpur,163233,Silver,9,39,29275.61,Beauty,Medium,3.1
991,47,Male,Bhaktapur,171761,Premium,77,71,17771.01,Home,Medium,3.8
992,20,Female,Pokhara,147101,Premium,48,54,5109.81,Clothing,Low,3.5
993,45,Male,Lalitpur,114699,Gold,40,99,49647.39,Books,Low,5.0
994,20,Male,Lalitpur,119273,Basic,82,94,7231.94,Books,Low,3.6
995,62,Female,Chitwan,83745,Gold,29,76,4545.07,Sports,Low,4.8
996,51,Female,Bhaktapur,152283,Silver,4,35,44048.01,Electronics,Medium,4.4
997,33,Male,Lalitpur,151301,Silver,94,11,15789.9,Beauty,Low,3.7
998,39,Male,Chitwan,138972,Basic,70,61,32864.55,Books,Medium,4.1
999,49,Female,Kathmandu,165417,Basic,82,44,17121.28,Books,Medium,4.7
1000,55,Male,Chitwan,121489,Gold,30,68,20181.26,Books,Medium,4.8
