Product_ID,Product_Category,Product_Brand,Product_Price,Product_Rating,Popularity_Score,Recommendation_Score,Final_Score,Customer_ID
43,Beauty,Brand_E,32438.68,4.2,48,74.04493871498593,44.60096322899156,1
247,Books,Brand_C,59152.41,3.0,48,73.52248543706956,44.25149126224174,1
326,Home,Brand_F,81964.5,3.6,49,68.90438966352723,41.49963379811633,1
302,Electronics,Brand_E,35760.57,2.6,87,67.77290771836296,40.978744631017776,1
469,Books,Brand_A,8380.31,4.2,41,66.76540668816484,40.2262440128989,1
476,Beauty,Brand_C,59363.06,4.8,100,64.33884251106515,38.84730550663909,1
341,Electronics,Brand_E,80714.15,3.5,62,61.556246964137564,37.25074817848253,1
135,Electronics,Brand_C,69756.09,4.1,73,60.182611441309575,36.45556686478574,1
316,Sports,Brand_D,59805.23,3.6,65,60.01446061366805,36.181676368200826,1
98,Beauty,Brand_E,31378.69,4.5,21,57.55642567239421,34.689855403436525,1
66,Sports,Brand_C,16616.5,3.5,25,64.22562629848369,38.665375779090205,2
388,Clothing,Brand_F,53035.03,4.0,47,62.16159057364342,37.46395434418605,2
178,Electronics,Brand_C,66454.68,3.7,19,61.40934817344556,36.97560890406733,2
96,Sports,Brand_A,78923.14,4.0,30,57.25348962772889,34.50209377663733,2
189,Home,Brand_A,21227.59,3.6,48,56.43098292259143,34.01458975355486,2
438,Beauty,Brand_F,96919.53,3.3,65,54.584827317725804,33.064896390635475,2
484,Books,Brand_D,65947.65,4.6,7,54.85175891245792,33.05605534747475,2
52,Clothing,Brand_B,92974.06,3.1,46,54.76866474041955,33.000198844251734,2
94,Electronics,Brand_F,53486.07,3.7,76,53.685286622946094,32.39817197376765,2
240,Books,Brand_D,58429.24,4.3,35,53.24112806400593,32.108676838403554,2
219,Clothing,Brand_A,2265.14,4.9,75,70.51784983941513,42.53270990364908,3
253,Sports,Brand_D,29658.24,2.6,61,66.16724017214389,39.83934410328634,3
11,Sports,Brand_D,41216.56,4.1,12,59.333389891064044,35.73503393463842,3
486,Beauty,Brand_B,86769.23,4.3,37,56.474772592932695,34.05086355575961,3
260,Electronics,Brand_E,80045.57,2.9,96,55.48222519073717,33.4723351144423,3
480,Sports,Brand_D,56703.48,4.1,34,53.67784931465614,32.36370958879368,3
23,Sports,Brand_C,57289.79,4.2,15,52.653511207776795,31.733106724666076,3
109,Electronics,Brand_D,13010.62,4.4,47,52.10320975286623,31.440925851719737,3
460,Books,Brand_E,81008.75,4.9,30,51.196555872293025,30.894933523375812,3
68,Sports,Brand_D,81513.1,3.1,97,50.92169647038448,30.74301788223069,3
351,Electronics,Brand_B,70645.84,3.0,51,67.59271944038939,40.696631664233635,4
58,Sports,Brand_B,18368.94,2.9,13,67.28339293444292,40.62003576066575,4
285,Electronics,Brand_A,87426.84,4.9,55,62.198808191456,37.5212849148736,4
360,Sports,Brand_A,97114.51,2.8,19,58.88615861026488,35.58469516615892,4
3,Home,Brand_F,24821.99,4.6,23,56.8198970512246,34.25293823073476,4
433,Electronics,Brand_A,22282.48,3.2,2,52.80337201133722,31.780023206802326,4
128,Home,Brand_B,58747.11,2.8,66,49.56913443151849,29.891480658911092,4
186,Sports,Brand_D,59659.89,2.6,26,48.50593473585101,29.3575608415106,4
88,Books,Brand_A,94001.26,3.7,73,47.93186706571648,28.943120239429888,4
207,Sports,Brand_E,37518.94,4.9,53,46.010891381882246,27.956534829129346,4
16,Sports,Brand_A,86591.06,3.9,41,73.1782573826308,44.06495442957848,5
156,Beauty,Brand_F,33719.16,2.7,76,68.77279005915803,41.42067403549482,5
162,Clothing,Brand_A,92009.6,3.3,79,68.58325389723313,41.32795233833988,5
35,Books,Brand_D,15689.96,4.4,3,67.2704880449148,40.49729282694888,5
326,Home,Brand_F,81964.5,3.6,49,65.12103014723209,39.37961808833925,5
266,Electronics,Brand_B,26011.4,4.7,40,62.51704927634547,37.69122956580728,5
98,Beauty,Brand_E,31378.69,4.5,21,57.54183369026139,34.681100214156835,5
125,Home,Brand_E,46361.98,2.6,84,56.38729069040109,34.14437441424066,5
317,Electronics,Brand_F,33624.12,4.5,57,56.5091847777194,34.09751086663164,5
316,Sports,Brand_D,59805.23,3.6,65,56.02830534707883,33.78998320824729,5
469,Books,Brand_A,8380.31,4.2,41,84.76633695345376,51.17680217207225,6
343,Electronics,Brand_B,69319.97,4.0,9,72.82100380133416,43.82160228080049,6
30,Home,Brand_A,24468.25,4.1,12,65.20440355427861,39.25764213256716,6
98,Beauty,Brand_E,31378.69,4.5,21,60.67319880114915,36.559919280689485,6
170,Sports,Brand_E,17885.78,5.0,98,57.53142126589611,34.76685275953766,6
450,Books,Brand_F,53836.35,3.3,38,57.42912945260367,34.744477671562194,6
484,Books,Brand_D,65947.65,4.6,7,57.407978315203735,34.73978698912224,6
337,Home,Brand_C,18757.75,3.8,39,54.97299133421443,33.136794800528655,6
386,Clothing,Brand_A,2420.56,4.1,87,54.87511270388636,33.13506762233182,6
241,Books,Brand_B,42316.03,4.2,11,54.64913195490478,33.07647917294287,6
256,Home,Brand_E,14269.28,4.8,35,73.67028294540914,44.38116976724548,7
212,Electronics,Brand_E,15868.41,4.7,30,73.64785849513515,44.35971509708109,7
480,Sports,Brand_D,56703.48,4.1,34,69.90190574712875,42.09814344827725,7
388,Clothing,Brand_F,53035.03,4.0,47,67.14667272145324,40.455003632871936,7
39,Sports,Brand_B,33859.45,2.6,92,65.98731333354584,39.76238800012751,7
203,Electronics,Brand_D,15777.45,4.3,19,64.42015803861722,38.800094823170326,7
143,Sports,Brand_E,93456.39,4.3,58,64.30292424089545,38.768754544537266,7
417,Electronics,Brand_A,78698.6,3.1,82,63.57604247720825,38.32062548632495,7
438,Beauty,Brand_F,96919.53,3.3,65,59.998374443334114,36.16302466600046,7
357,Beauty,Brand_D,69832.8,2.7,13,58.816076359956654,35.38364581597399,7
272,Sports,Brand_E,27449.04,2.6,15,81.48121862800599,48.9817311768036,8
316,Sports,Brand_D,59805.23,3.6,65,77.06704972810589,46.41322983686352,8
23,Sports,Brand_C,57289.79,4.2,15,73.584219552279,44.29153173136739,8
228,Beauty,Brand_C,85612.94,2.7,92,64.68745073884534,38.98547044330721,8
150,Books,Brand_C,92107.94,4.5,99,54.42996065971969,32.891976395831804,8
147,Sports,Brand_B,98488.67,2.7,15,51.57926695805874,31.043560174835243,8
395,Clothing,Brand_E,48143.6,4.6,33,49.52603792669372,30.036622756016232,8
294,Home,Brand_D,4982.51,4.2,86,48.76398371459033,29.470390228754198,8
322,Electronics,Brand_B,49700.48,3.4,35,48.78227605213913,29.406365631283478,8
345,Sports,Brand_C,25191.9,4.0,37,48.04544911783118,28.98426947069871,8
229,Sports,Brand_D,83072.92,2.9,8,62.34522092618362,37.502132555710176,9
262,Clothing,Brand_B,2540.19,4.9,8,60.14418558276653,36.241511349659916,9
162,Clothing,Brand_A,92009.6,3.3,79,58.968975202405026,35.559385121443015,9
380,Home,Brand_E,62701.37,3.1,25,58.929567546992715,35.47574052819563,9
389,Electronics,Brand_D,93925.05,4.5,84,56.000446891090974,33.819268134654585,9
326,Home,Brand_F,81964.5,3.6,49,55.825106450468965,33.652063870281374,9
439,Sports,Brand_F,88413.45,3.1,55,55.76755291367649,33.6085317482059,9
19,Clothing,Brand_D,17337.49,4.1,72,54.83648412707205,33.096890476243225,9
386,Clothing,Brand_A,2420.56,4.1,87,54.58693650749673,32.96216190449804,9
59,Sports,Brand_C,6929.68,3.6,34,53.84026780091293,32.446160680547756,9
340,Books,Brand_E,73302.82,3.4,64,81.21134133643457,48.89280480186074,10
472,Beauty,Brand_D,7890.25,3.1,75,67.22708697356603,40.65425218413962,10
219,Clothing,Brand_A,2265.14,4.9,75,64.45472202309443,38.89483321385666,10
239,Clothing,Brand_B,18389.11,2.6,12,58.90545445843744,35.43327267506247,10
374,Home,Brand_D,72559.25,4.2,33,58.14286435062201,35.0447186103732,10
430,Home,Brand_A,51415.04,2.8,16,55.59450950018883,33.4567057001133,10
23,Sports,Brand_C,57289.79,4.2,15,55.1447788289949,33.22786729739694,10
97,Sports,Brand_F,15421.99,3.2,90,55.05111662286948,33.216669973721686,10
10,Beauty,Brand_B,52593.79,3.1,11,53.4131854513578,32.301911270814685,10
120,Sports,Brand_C,34765.89,2.5,94,53.354319233988605,32.181591540393164,10
19,Clothing,Brand_D,17337.49,4.1,72,75.03275887986695,45.21465532792017,11
296,Sports,Brand_E,73881.95,4.1,88,61.022994949948824,36.82479696996929,11
368,Sports,Brand_D,59748.11,4.0,76,55.1669134417362,33.29614806504171,11
470,Books,Brand_A,22252.27,4.5,63,54.62642214716287,32.97385328829772,11
340,Books,Brand_E,73302.82,3.4,64,49.01098313394403,29.57258988036642,11
140,Electronics,Brand_B,60789.49,3.9,63,47.76911780195301,28.841470681171803,11
260,Electronics,Brand_E,80045.57,2.9,96,47.6661742742289,28.78270456453734,11
11,Sports,Brand_D,41216.56,4.1,12,46.917558913134584,28.285535347880753,11
32,Clothing,Brand_C,61178.82,4.7,7,46.75448974347744,28.20069384608647,11
367,Home,Brand_E,3989.66,3.3,19,46.14889446591628,27.807336679549763,11
447,Clothing,Brand_C,81638.56,4.7,25,91.5206584429669,55.078395065780136,12
13,Books,Brand_B,11470.28,4.4,8,61.930229708952666,37.448137825371596,12
452,Electronics,Brand_D,58134.59,4.2,21,61.51017875315258,37.05310725189155,12
161,Clothing,Brand_D,53878.34,4.9,77,60.205033111445026,36.34701986686701,12
392,Home,Brand_C,35265.97,3.0,66,60.20664014208594,36.27998408525157,12
12,Home,Brand_B,98243.15,3.8,74,57.76192376526433,34.84515425915859,12
387,Clothing,Brand_C,87507.76,4.9,49,57.30084157865675,34.576504947194046,12
467,Electronics,Brand_F,72424.99,4.4,44,53.11955201856404,32.04773121113842,12
30,Home,Brand_A,24468.25,4.1,12,53.075365696469596,31.98021941788176,12
26,Beauty,Brand_B,18948.26,4.3,42,52.31446056695781,31.55967634017469,12
40,Sports,Brand_C,13701.14,3.3,1,77.01906870449368,46.311441222696196,13
476,Beauty,Brand_C,59363.06,4.8,100,65.26357877200161,39.552147263200965,13
195,Electronics,Brand_D,56614.66,3.2,73,52.67692084294729,31.77515250576837,13
453,Home,Brand_E,9421.24,5.0,54,50.72336711869082,30.638020271214486,13
401,Sports,Brand_E,42309.29,4.6,84,50.29359974532934,30.398159847197604,13
358,Books,Brand_A,29945.7,4.8,64,48.43117159683485,29.266702958100907,13
339,Beauty,Brand_A,87332.7,2.6,49,44.73246569756575,27.11647941853945,13
447,Clothing,Brand_C,81638.56,4.7,25,44.792681265939564,27.041608759563736,13
21,Beauty,Brand_A,92958.79,2.8,9,43.7312161242057,26.481729674523418,13
345,Sports,Brand_C,25191.9,4.0,37,41.86725152480051,25.277350914880305,13
380,Home,Brand_E,62701.37,3.1,25,109.4911977312807,65.81271863876843,14
98,Beauty,Brand_E,31378.69,4.5,21,79.8908849549994,48.09053097299963,14
8,Home,Brand_E,89707.51,5.0,69,71.02314877305305,42.83288926383183,14
35,Books,Brand_D,15689.96,4.4,3,71.00321310803045,42.73692786481827,14
492,Books,Brand_B,75345.85,4.8,19,69.31523329645118,41.752139977870705,14
311,Home,Brand_F,3408.96,3.3,6,68.28348284462673,41.07508970677603,14
14,Beauty,Brand_C,39966.2,2.8,24,66.44133396545209,39.972800379271256,14
395,Clothing,Brand_E,48143.6,4.6,33,64.10317523492249,38.63290514095349,14
485,Electronics,Brand_C,85103.0,4.5,68,63.40294480581144,38.39476688348685,14
85,Books,Brand_D,90675.27,4.8,11,63.54038245223647,38.279229471341885,14
169,Sports,Brand_C,14343.44,3.1,91,82.14666161743024,49.47199697045815,15
12,Home,Brand_B,98243.15,3.8,74,71.79468422270965,43.264810533625784,15
343,Electronics,Brand_B,69319.97,4.0,9,68.89960860272335,41.618765161634,15
17,Books,Brand_E,81762.09,4.9,36,67.54076429408393,40.70745857645036,15
392,Home,Brand_C,35265.97,3.0,66,61.92403958291383,37.3104237497483,15
438,Beauty,Brand_F,96919.53,3.3,65,59.87243801387519,36.08746280832511,15
419,Books,Brand_B,41932.8,4.0,73,58.60207118306739,35.35424270984043,15
303,Home,Brand_E,71988.88,4.9,38,56.10427386052681,33.84756431631608,15
265,Sports,Brand_A,63457.78,4.1,47,55.440389518670024,33.434233711202005,15
66,Sports,Brand_C,16616.5,3.5,25,54.458093006851534,32.804855804110915,15
410,Sports,Brand_A,2082.03,4.7,74,77.56962185625746,46.90677311375447,16
296,Sports,Brand_E,73881.95,4.1,88,68.0897170550143,41.21483023300858,16
493,Books,Brand_C,16112.93,3.9,29,68.40036548321707,41.18621928993024,16
389,Electronics,Brand_D,93925.05,4.5,84,66.60758007044302,40.18354804226581,16
388,Clothing,Brand_F,53035.03,4.0,47,66.31960862847318,39.9587651770839,16
30,Home,Brand_A,24468.25,4.1,12,63.12523194881504,38.01013916928902,16
294,Home,Brand_D,4982.51,4.2,86,61.13086731126976,36.89052038676185,16
135,Electronics,Brand_C,69756.09,4.1,73,60.77603838993215,36.66162303395929,16
161,Clothing,Brand_D,53878.34,4.9,77,60.400346858973805,36.46420811538428,16
266,Electronics,Brand_B,26011.4,4.7,40,60.14959322446726,36.27075593468035,16
389,Electronics,Brand_D,93925.05,4.5,84,82.10238599143052,49.48043159485832,17
351,Electronics,Brand_B,70645.84,3.0,51,79.07632557611613,47.586795345669685,17
388,Clothing,Brand_F,53035.03,4.0,47,77.55229786241816,46.698378717450886,17
11,Sports,Brand_D,41216.56,4.1,12,76.3165858185532,45.924951491131914,17
260,Electronics,Brand_E,80045.57,2.9,96,75.40656947583017,45.4269416854981,17
407,Electronics,Brand_F,29841.92,4.0,2,74.02112777703057,44.53467666621834,17
228,Beauty,Brand_C,85612.94,2.7,92,68.29712743254463,41.301276459526775,17
445,Sports,Brand_B,69693.26,3.1,49,68.2239922818211,41.07639536909266,17
347,Home,Brand_D,22354.58,4.5,41,59.500608945838,35.87636536750279,17
207,Sports,Brand_E,37518.94,4.9,53,56.3995299386465,34.0397179631879,17
380,Home,Brand_E,62701.37,3.1,25,73.05789768439864,43.95273861063919,18
256,Home,Brand_E,14269.28,4.8,35,71.22208322863777,42.91224993718266,18
58,Sports,Brand_B,18368.94,2.9,13,63.60367119665059,38.262202717990355,18
463,Beauty,Brand_A,8972.58,3.0,32,63.460676410981335,38.1984058465888,18
180,Electronics,Brand_E,96118.71,4.3,78,63.01050930561612,38.01330558336967,18
7,Home,Brand_F,17585.35,4.0,19,62.58644843002577,37.69086905801546,18
444,Home,Brand_E,75896.38,4.5,62,61.85792710911125,37.31175626546675,18
35,Books,Brand_D,15689.96,4.4,3,59.97512397606288,36.12007438563773,18
93,Clothing,Brand_A,62121.25,3.0,3,56.7499978310704,34.29299869864224,18
228,Beauty,Brand_C,85612.94,2.7,92,56.6887275202895,34.1862365121737,18
500,Sports,Brand_E,74427.77,3.7,95,78.16867284235501,47.257203705413,19
395,Clothing,Brand_E,48143.6,4.6,33,74.89675862126292,45.10905517275775,19
250,Sports,Brand_A,41118.34,2.6,44,74.11089339987447,44.73853603992468,19
42,Home,Brand_E,98999.04,4.4,32,68.08203978639897,41.01322387183937,19
271,Home,Brand_E,17416.42,2.8,47,67.66826826873448,40.73196096124069,19
36,Books,Brand_C,48269.67,2.8,27,63.55052033956024,38.24131220373614,19
301,Books,Brand_E,29082.77,5.0,72,59.784101893744236,36.09246113624654,19
105,Electronics,Brand_A,34405.55,4.0,52,58.187701398284865,35.08462083897091,19
91,Clothing,Brand_F,14185.43,4.2,98,56.745984442035,34.271590665221,19
345,Sports,Brand_C,25191.9,4.0,37,56.50277043044698,34.208662258268184,19
151,Beauty,Brand_B,87028.67,3.6,57,80.01017945131288,48.17110767078773,20
492,Books,Brand_B,75345.85,4.8,19,70.59689406342949,42.67113643805769,20
112,Electronics,Brand_C,15246.77,2.8,75,65.25946255407914,39.31467753244748,20
234,Home,Brand_E,89664.68,3.1,16,62.85951303590912,37.82470782154547,20
358,Books,Brand_A,29945.7,4.8,64,61.56902713181603,37.29941627908961,20
81,Clothing,Brand_B,23451.61,4.4,6,60.18212971454641,36.247277828727846,20
297,Books,Brand_E,8555.03,3.5,34,56.48354609421587,34.179127656529516,20
78,Clothing,Brand_A,30347.37,4.4,93,54.96028562598093,33.20117137558856,20
12,Home,Brand_B,98243.15,3.8,74,53.56292444523138,32.325754667138824,20
101,Beauty,Brand_A,3643.18,2.5,62,51.71177501735624,31.164065010413744,20
380,Home,Brand_E,62701.37,3.1,25,98.44846106986321,59.187076641917926,21
85,Books,Brand_D,90675.27,4.8,11,80.26538087224654,48.31422852334792,21
388,Clothing,Brand_F,53035.03,4.0,47,79.01402252662322,47.57541351597393,21
162,Clothing,Brand_A,92009.6,3.3,79,70.30847144197732,42.363082865186385,21
339,Beauty,Brand_A,87332.7,2.6,49,64.71881932953535,39.10829159772121,21
436,Sports,Brand_E,35207.49,4.7,12,63.466648348448416,38.232989009069044,21
480,Sports,Brand_D,56703.48,4.1,34,56.17680505696601,33.8630830341796,21
444,Home,Brand_E,75896.38,4.5,62,55.9209442446416,33.749566546784955,21
368,Sports,Brand_D,59748.11,4.0,76,55.54009609141004,33.52005765484602,21
484,Books,Brand_D,65947.65,4.6,7,53.16845284293636,32.04607170576181,21
305,Beauty,Brand_B,56770.54,4.7,86,74.78270826756506,45.09662496053903,22
283,Beauty,Brand_C,13947.5,4.2,51,58.40408804842692,35.21945282905615,22
139,Home,Brand_B,57755.95,2.6,87,57.90317785940349,34.9069067156421,22
500,Sports,Brand_E,74427.77,3.7,95,49.17536796103168,29.711220776619008,22
426,Sports,Brand_F,23397.67,4.3,2,48.29967550613702,29.110805303682213,22
181,Electronics,Brand_B,15121.67,4.4,84,47.76861906336308,29.02717143801785,22
450,Books,Brand_F,53836.35,3.3,38,47.735446432921265,28.77826785975276,22
212,Electronics,Brand_E,15868.41,4.7,30,46.37419259264206,28.145515555585234,22
22,Electronics,Brand_D,55809.26,4.8,47,46.06011625994754,27.97706975596852,22
366,Beauty,Brand_E,82942.87,3.8,40,45.90867965835284,27.699207795011702,22
459,Beauty,Brand_A,86254.12,3.9,53,64.74980110330901,39.0198806619854,23
166,Beauty,Brand_D,45386.13,3.7,91,61.16690285182188,36.90214171109312,23
364,Electronics,Brand_C,84501.58,3.3,45,60.62343345444107,36.51806007266464,23
316,Sports,Brand_D,59805.23,3.6,65,56.17688774333264,33.879132645999576,23
31,Home,Brand_E,11749.23,2.6,2,55.947698446895856,33.64861906813752,23
125,Home,Brand_E,46361.98,2.6,84,55.61418192837928,33.53050915702757,23
206,Clothing,Brand_E,94627.71,3.1,38,54.386710831318425,32.913026498791055,23
233,Home,Brand_D,29526.83,3.6,55,50.86608839873731,30.682653039242386,23
372,Beauty,Brand_A,69719.99,2.8,12,49.44846818671918,29.765080912031507,23
154,Beauty,Brand_E,40080.57,4.3,14,47.57921110616981,28.690526663701885,23
256,Home,Brand_E,14269.28,4.8,35,71.90637099885171,43.322822599311024,24
476,Beauty,Brand_C,59363.06,4.8,100,68.76564269936628,41.50338561961977,24
100,Beauty,Brand_C,74471.45,3.6,90,60.63297331052807,36.577783986316845,24
73,Clothing,Brand_D,39426.78,4.7,26,60.34029610280689,36.371177661684136,24
196,Home,Brand_A,6851.15,4.0,28,59.92584677989521,36.10350806793712,24
430,Home,Brand_A,51415.04,2.8,16,59.42543478236431,35.755260869418585,24
140,Electronics,Brand_B,60789.49,3.9,63,58.40659787453706,35.22395872472224,24
66,Sports,Brand_C,16616.5,3.5,25,57.46447867849243,34.758687207095456,24
244,Electronics,Brand_E,34379.19,4.5,85,57.22612032355623,34.555672194133734,24
221,Books,Brand_F,80051.63,4.1,99,56.30598293406168,34.005589760437005,24
334,Home,Brand_E,13940.82,3.7,20,95.49579457885697,57.428476747314186,25
386,Clothing,Brand_A,2420.56,4.1,87,64.70404998569055,39.182429991414324,25
81,Clothing,Brand_B,23451.61,4.4,6,59.35028198479602,35.89816919087761,25
395,Clothing,Brand_E,48143.6,4.6,33,58.520194382092924,35.43311662925575,25
469,Books,Brand_A,8380.31,4.2,41,58.07729241496407,35.01337544897844,25
35,Books,Brand_D,15689.96,4.4,3,54.744856030380625,32.98191361822837,25
18,Books,Brand_E,26012.91,3.4,85,54.47904904370347,32.87442942622208,25
220,Sports,Brand_A,10679.63,3.1,53,52.653434006991205,31.738060404194723,25
260,Electronics,Brand_E,80045.57,2.9,96,52.29356024965124,31.559136149790746,25
91,Clothing,Brand_F,14185.43,4.2,98,51.671419363732824,31.37685161823969,25
397,Home,Brand_E,87405.61,3.4,82,70.53515030227673,42.505090181366036,26
403,Electronics,Brand_B,24106.08,4.2,76,66.7481238982537,40.250874338952215,26
339,Beauty,Brand_A,87332.7,2.6,49,63.66150858119911,38.47390514871947,26
17,Books,Brand_E,81762.09,4.9,36,62.92713256525941,37.93927953915565,26
227,Clothing,Brand_A,72310.01,3.1,68,61.42556656559519,37.01633993935712,26
328,Books,Brand_C,69561.24,3.4,61,60.4526719604934,36.43460317629604,26
186,Sports,Brand_D,59659.89,2.6,26,60.14955930299893,36.193735581799366,26
327,Books,Brand_C,80001.76,3.1,13,59.940983866199,36.0705903197194,26
216,Home,Brand_D,22430.62,4.0,52,57.04525246690306,34.39915148014183,26
266,Electronics,Brand_B,26011.4,4.7,40,54.985351561589376,33.17221093695362,26
271,Home,Brand_E,17416.42,2.8,47,125.91932763209466,75.8325965792568,27
334,Home,Brand_E,13940.82,3.7,20,77.97532687992764,47.06619612795658,27
486,Beauty,Brand_B,86769.23,4.3,37,71.90164017936814,43.306984107620885,27
326,Home,Brand_F,81964.5,3.6,49,64.56437718889082,39.04562631333448,27
452,Electronics,Brand_D,58134.59,4.2,21,64.18729390793574,38.65937634476144,27
249,Home,Brand_A,62527.65,3.2,67,59.48104704516429,36.001628227098564,27
165,Electronics,Brand_D,73828.87,4.1,6,59.101690475751234,35.590014285450735,27
290,Sports,Brand_C,91466.87,3.9,22,55.74920749584808,33.58852449750884,27
283,Beauty,Brand_C,13947.5,4.2,51,53.607827707030836,32.3416966242185,27
130,Electronics,Brand_B,61261.99,4.2,40,53.37568699978918,32.191412199873504,27
317,Electronics,Brand_F,33624.12,4.5,57,73.41263258614693,44.23957955168815,28
132,Beauty,Brand_C,87250.75,3.0,47,73.11308065483044,44.00484839289826,28
453,Home,Brand_E,9421.24,5.0,54,70.44627245911485,42.47176347546891,28
50,Sports,Brand_C,41360.54,4.5,12,69.36068859649365,41.76341315789618,28
112,Electronics,Brand_C,15246.77,2.8,75,67.37820951439798,40.58592570863879,28
293,Sports,Brand_F,52036.1,4.2,67,67.10307935873787,40.45484761524272,28
7,Home,Brand_F,17585.35,4.0,19,66.83787554633113,40.241725327798676,28
368,Sports,Brand_D,59748.11,4.0,76,65.07933768686057,39.24360261211634,28
367,Home,Brand_E,3989.66,3.3,19,63.80754949367868,38.4025296962072,28
263,Electronics,Brand_C,27087.13,2.5,45,62.9918280167976,37.91509681007856,28
58,Sports,Brand_B,18368.94,2.9,13,71.396065115374,42.9376390692244,29
289,Home,Brand_A,17784.52,4.7,4,70.47423297033089,42.429539782198525,29
4,Beauty,Brand_E,16319.93,3.8,89,68.08999260436948,41.05699556262169,29
274,Electronics,Brand_F,91455.59,4.3,26,67.32481428526432,40.5498885711586,29
304,Electronics,Brand_B,29923.04,3.5,6,65.36949443051705,39.332696658310226,29
293,Sports,Brand_F,52036.1,4.2,67,63.225579075243346,38.128347445146005,29
196,Home,Brand_A,6851.15,4.0,28,63.080603969974156,37.99636238198449,29
256,Home,Brand_E,14269.28,4.8,35,62.92492351189724,37.93395410713834,29
486,Beauty,Brand_B,86769.23,4.3,37,62.27471115321443,37.53082669192865,29
165,Electronics,Brand_D,73828.87,4.1,6,61.63602968521155,37.11061781112692,29
319,Beauty,Brand_A,10927.85,3.9,99,81.00158284374979,48.816949706249865,30
16,Sports,Brand_A,86591.06,3.9,41,79.51737227201214,47.86842336320728,30
260,Electronics,Brand_E,80045.57,2.9,96,77.4283890853792,46.64003345122752,30
349,Home,Brand_F,94422.72,4.9,88,75.66598878715332,45.634593272291994,30
119,Electronics,Brand_D,25404.37,3.9,11,63.572218296362685,38.27133097781761,30
293,Sports,Brand_F,52036.1,4.2,67,62.50939298104461,37.69863578862677,30
17,Books,Brand_E,81762.09,4.9,36,61.88930835257003,37.466585011542016,30
388,Clothing,Brand_F,53035.03,4.0,47,61.56766890214727,37.10760134128835,30
8,Home,Brand_E,89707.51,5.0,69,60.77738680978579,36.685432085871476,30
174,Books,Brand_B,36430.67,4.2,100,60.09199677081856,36.431198062491134,30
216,Home,Brand_D,22430.62,4.0,52,85.55175463277276,51.50305277966365,31
486,Beauty,Brand_B,86769.23,4.3,37,81.36751156504721,48.986506939028324,31
35,Books,Brand_D,15689.96,4.4,3,78.16961574650215,47.036769447901285,31
388,Clothing,Brand_F,53035.03,4.0,47,77.80831953510085,46.8519917210605,31
345,Sports,Brand_C,25191.9,4.0,37,72.88625594273648,43.888753565641885,31
287,Home,Brand_A,60171.53,3.7,92,69.17869832230431,41.71021899338258,31
101,Beauty,Brand_A,3643.18,2.5,62,68.26872075975311,41.098232455851864,31
181,Electronics,Brand_B,15121.67,4.4,84,64.14248591738652,38.85149155043191,31
367,Home,Brand_E,3989.66,3.3,19,62.9929471808016,37.913768308480954,31
489,Beauty,Brand_F,69837.9,3.2,65,60.6102423337105,36.527145400226296,31
3,Home,Brand_F,24821.99,4.6,23,84.93789312655298,51.123735875931786,32
247,Books,Brand_C,59152.41,3.0,48,77.13957688422917,46.42174613053751,32
368,Sports,Brand_D,59748.11,4.0,76,76.51433323828708,46.10459994297224,32
343,Electronics,Brand_B,69319.97,4.0,9,76.33337914977616,45.929027489865696,32
32,Clothing,Brand_C,61178.82,4.7,7,76.04577007007329,45.77546204204397,32
400,Beauty,Brand_C,41951.35,3.2,40,75.24588932612673,45.43353359567603,32
287,Home,Brand_A,60171.53,3.7,92,69.95991328491604,42.17894797094962,32
351,Electronics,Brand_B,70645.84,3.0,51,63.175999241942435,38.04659954516546,32
380,Home,Brand_E,62701.37,3.1,25,58.29202539285905,35.093215235715434,32
149,Sports,Brand_B,12728.87,3.9,21,57.91534065912562,34.887204395475365,32
130,Electronics,Brand_B,61261.99,4.2,40,75.27090352748368,45.328542116490205,33
7,Home,Brand_F,17585.35,4.0,19,69.57981684614677,41.88689010768805,33
179,Books,Brand_E,18050.19,4.7,30,66.21215908024072,39.89829544814443,33
73,Clothing,Brand_D,39426.78,4.7,26,61.8029945813465,37.398796748807904,33
17,Books,Brand_E,81762.09,4.9,36,57.47851696915574,34.67011018149344,33
36,Books,Brand_C,48269.67,2.8,27,57.406853255956584,34.555111953573956,33
359,Home,Brand_F,92462.3,3.4,11,56.94924423092281,34.28254653855368,33
16,Sports,Brand_A,86591.06,3.9,41,54.715784061481706,32.98747043688902,33
425,Electronics,Brand_A,99119.51,3.6,27,53.37322822078464,32.15893693247078,33
60,Sports,Brand_A,74189.73,4.9,4,52.89759410612273,31.88955646367364,33
13,Books,Brand_B,11470.28,4.4,8,94.4855081211784,56.83130487270704,34
22,Electronics,Brand_D,55809.26,4.8,47,70.42104233946988,42.44362540368192,34
388,Clothing,Brand_F,53035.03,4.0,47,70.2063558593837,42.29081351563022,34
480,Sports,Brand_D,56703.48,4.1,34,68.45146050586642,41.22787630351985,34
392,Home,Brand_C,35265.97,3.0,66,67.44354310507104,40.62212586304263,34
76,Beauty,Brand_A,37881.36,3.0,61,65.78284765492715,39.77070859295629,34
30,Home,Brand_A,24468.25,4.1,12,65.73551983692067,39.5763119021524,34
412,Sports,Brand_A,42948.98,2.7,51,64.70057474118997,38.952344844713984,34
64,Books,Brand_B,79588.15,3.2,27,62.580697989292595,37.671418793575555,34
370,Sports,Brand_A,12320.52,3.2,72,62.40848478761994,37.61309087257196,34
317,Electronics,Brand_F,33624.12,4.5,57,88.5292052997013,53.45952317982078,35
344,Beauty,Brand_C,84964.81,3.8,88,71.59115406464552,43.15669243878731,35
259,Sports,Brand_C,89486.86,2.6,88,70.04684312759136,42.194105876554815,35
180,Electronics,Brand_E,96118.71,4.3,78,68.31012213641498,41.34307328184898,35
434,Beauty,Brand_A,18887.89,2.7,81,63.617611513740776,38.33256690824447,35
229,Sports,Brand_D,83072.92,2.9,8,61.016876220415654,36.7051257322494,35
59,Sports,Brand_C,6929.68,3.6,34,58.836508269854164,35.443904961912494,35
476,Beauty,Brand_C,59363.06,4.8,100,58.64654717767045,35.431928306602266,35
391,Electronics,Brand_A,99794.03,3.1,18,57.608244904180836,34.8259469425085,35
385,Home,Brand_C,87048.86,2.6,47,57.04526389485855,34.35215833691513,35
395,Clothing,Brand_E,48143.6,4.6,33,62.12782054422805,37.44769232653683,36
453,Home,Brand_E,9421.24,5.0,54,59.134806465807245,35.684883879484346,36
400,Beauty,Brand_C,41951.35,3.2,40,58.51749696421819,35.246498178530906,36
22,Electronics,Brand_D,55809.26,4.8,47,57.94312103040988,34.95687261824592,36
380,Home,Brand_E,62701.37,3.1,25,55.68603458525837,33.52962075115502,36
430,Home,Brand_A,51415.04,2.8,16,55.60469664014089,33.46281798408453,36
237,Beauty,Brand_D,21026.26,2.9,48,54.82031780710837,33.02719068426502,36
285,Electronics,Brand_A,87426.84,4.9,55,53.65627248332537,32.39576348999522,36
358,Books,Brand_A,29945.7,4.8,64,53.21790815602639,32.28874489361583,36
156,Beauty,Brand_F,33719.16,2.7,76,52.88552809749697,31.888316858498182,36
277,Electronics,Brand_A,27623.31,4.9,22,83.47888026564559,50.256328159387344,37
396,Clothing,Brand_B,62862.29,4.8,36,82.27316077985434,49.5438964679126,37
60,Sports,Brand_A,74189.73,4.9,4,79.45750661708789,47.825503970252726,37
73,Clothing,Brand_D,39426.78,4.7,26,75.97833100784833,45.753998604709,37
95,Sports,Brand_D,89421.09,2.7,92,72.8590103679306,43.888406220758355,37
162,Clothing,Brand_A,92009.6,3.3,79,67.58212175999861,40.72727305599916,37
212,Electronics,Brand_E,15868.41,4.7,30,66.9050105568115,40.3140063340869,37
392,Home,Brand_C,35265.97,3.0,66,63.386052309912984,38.187631385947796,37
283,Beauty,Brand_C,13947.5,4.2,51,62.19508395106143,37.644050370636855,37
492,Books,Brand_B,75345.85,4.8,19,62.39503605778451,37.6000216346707,37
408,Books,Brand_E,23590.69,2.9,63,88.90156867352573,53.490941204115444,38
33,Sports,Brand_C,29076.47,4.9,80,79.62355256579632,48.00113153947778,38
82,Books,Brand_A,89987.58,4.1,83,75.32582839505665,45.401497037033984,38
221,Books,Brand_F,80051.63,4.1,99,73.60819078243826,44.386914469462944,38
416,Home,Brand_B,95011.13,3.9,14,69.6428745042351,41.91672470254105,38
100,Beauty,Brand_C,74471.45,3.6,90,68.94505001162217,41.5650300069733,38
434,Beauty,Brand_A,18887.89,2.7,81,67.77599495295146,40.82759697177088,38
438,Beauty,Brand_F,96919.53,3.3,65,67.50032912053491,40.66419747232094,38
340,Books,Brand_E,73302.82,3.4,64,63.257845233992384,38.120707140395425,38
305,Beauty,Brand_B,56770.54,4.7,86,63.00559611106945,38.03035766664166,38
237,Beauty,Brand_D,21026.26,2.9,48,83.71151580176756,50.36190948106054,39
329,Books,Brand_B,27432.87,3.1,49,79.80014058627188,48.02208435176313,39
105,Electronics,Brand_A,34405.55,4.0,52,62.32209819139523,37.71525891483713,39
112,Electronics,Brand_C,15246.77,2.8,75,59.764718826871345,36.16783129612281,39
445,Sports,Brand_B,69693.26,3.1,49,56.54727798468094,34.07036679080856,39
111,Home,Brand_D,79790.35,3.7,58,53.97985102049814,32.55691061229888,39
338,Clothing,Brand_A,54327.52,3.7,85,53.76135341461929,32.45281204877157,39
482,Home,Brand_B,87899.41,4.4,28,52.16967432575454,31.461804595452723,39
80,Clothing,Brand_D,50421.22,4.6,50,52.05740587466647,31.422443524799885,39
397,Home,Brand_E,87405.61,3.4,82,51.75097756231831,31.234586537390985,39
327,Books,Brand_C,80001.76,3.1,13,70.10251531257599,42.16750918754559,40
340,Books,Brand_E,73302.82,3.4,64,69.81960029550244,42.05776017730146,40
125,Home,Brand_E,46361.98,2.6,84,63.97996046940598,38.549976281643595,40
413,Clothing,Brand_D,38617.37,2.6,75,62.33177362853281,37.55206417711969,40
261,Electronics,Brand_F,42693.79,5.0,65,61.83855270678607,37.31813162407163,40
287,Home,Brand_A,60171.53,3.7,92,60.120057093147224,36.27503425588833,40
406,Sports,Brand_E,28937.73,3.6,39,55.5417520846347,33.622051250780814,40
70,Books,Brand_E,52449.62,2.6,25,55.78813059585843,33.57587835751506,40
342,Sports,Brand_F,65980.7,3.5,54,55.193920929101935,33.42535255746116,40
243,Electronics,Brand_D,81799.12,4.6,50,55.355621518566075,33.40137291113964,40
406,Sports,Brand_E,28937.73,3.6,39,87.85518081771197,52.86010849062718,41
417,Electronics,Brand_A,78698.6,3.1,82,68.2380443605665,41.117826616339904,41
469,Books,Brand_A,8380.31,4.2,41,67.95647393010874,41.09088435806524,41
465,Clothing,Brand_F,37457.05,2.7,67,65.9295929794494,39.70575578766964,41
146,Electronics,Brand_E,11589.83,4.5,38,64.7717856519115,39.03607139114689,41
196,Home,Brand_A,6851.15,4.0,28,64.4094184526493,38.79365107158958,41
55,Clothing,Brand_B,12692.43,4.1,63,64.10263724416855,38.647582346501125,41
289,Home,Brand_A,17784.52,4.7,4,63.57478748066242,38.28987248839745,41
15,Clothing,Brand_B,96956.2,4.4,92,60.49806570241133,36.5228394214468,41
392,Home,Brand_C,35265.97,3.0,66,57.62779336935948,34.732676021615696,41
112,Electronics,Brand_C,15246.77,2.8,75,69.00981227669467,41.56488736601681,42
156,Beauty,Brand_F,33719.16,2.7,76,65.19978887555118,39.27687332533071,42
287,Home,Brand_A,60171.53,3.7,92,57.5927847376435,34.75867084258609,42
438,Beauty,Brand_F,96919.53,3.3,65,56.507811052876455,34.06868663172587,42
345,Sports,Brand_C,25191.9,4.0,37,55.5188461091195,33.4683076654717,42
56,Beauty,Brand_B,73167.49,3.2,21,55.34699265975762,33.32519559585457,42
212,Electronics,Brand_E,15868.41,4.7,30,53.72337840081848,32.405027040491085,42
58,Sports,Brand_B,18368.94,2.9,13,52.45983632953072,31.57590179771843,42
127,Books,Brand_B,15589.13,3.5,34,52.03639306746822,31.510835840480926,42
162,Clothing,Brand_A,92009.6,3.3,79,51.922830018848515,31.331698011309108,42
397,Home,Brand_E,87405.61,3.4,82,80.23438140165067,48.32462884099039,43
248,Beauty,Brand_F,27025.94,2.8,20,77.32812003522308,46.65087202113385,43
357,Beauty,Brand_D,69832.8,2.7,13,69.4151751318917,41.89310507913502,43
144,Beauty,Brand_F,92579.18,4.5,25,63.83247250898996,38.60948350539397,43
368,Sports,Brand_D,59748.11,4.0,76,63.580634500685065,38.34438070041104,43
334,Home,Brand_E,13940.82,3.7,20,60.59514103479133,36.4880846208748,43
403,Electronics,Brand_B,24106.08,4.2,76,60.268300330172266,36.36298019810336,43
100,Beauty,Brand_C,74471.45,3.6,90,59.950493048978025,36.31829582938681,43
151,Beauty,Brand_B,87028.67,3.6,57,59.182595082120514,35.82455704927231,43
35,Books,Brand_D,15689.96,4.4,3,55.04372682061874,33.16123609237124,43
60,Sports,Brand_A,74189.73,4.9,4,77.61362316193582,46.71917389716149,44
153,Home,Brand_E,59250.16,3.8,46,73.69945873732186,44.52967524239311,44
388,Clothing,Brand_F,53035.03,4.0,47,67.9777659611982,40.95365957671891,44
320,Sports,Brand_B,7791.24,2.5,40,66.79077553356458,40.18946532013875,44
130,Electronics,Brand_B,61261.99,4.2,40,66.45116268592939,40.03669761155763,44
418,Clothing,Brand_F,9214.28,3.5,51,66.28327105190102,39.925962631140614,44
29,Electronics,Brand_A,50908.75,3.4,70,65.17284893528532,39.27570936117119,44
253,Sports,Brand_D,29658.24,2.6,61,62.89514451220734,37.876086707324404,44
162,Clothing,Brand_A,92009.6,3.3,79,62.05044959968328,37.40826975980997,44
312,Beauty,Brand_A,26447.73,4.2,90,61.07495104664331,36.860970627985985,44
10,Beauty,Brand_B,52593.79,3.1,11,65.00695677940988,39.10817406764593,45
339,Beauty,Brand_A,87332.7,2.6,49,64.60415487105169,38.889492922631014,45
472,Beauty,Brand_D,7890.25,3.1,75,64.11217212799586,38.63530327679752,45
3,Home,Brand_F,24821.99,4.6,23,63.77747455348724,38.427484732092346,45
328,Books,Brand_C,69561.24,3.4,61,60.904906578716236,36.705943947229734,45
189,Home,Brand_A,21227.59,3.6,48,60.431192827332595,36.414715696399554,45
60,Sports,Brand_A,74189.73,4.9,4,54.63755046685414,33.08353028011248,45
98,Beauty,Brand_E,31378.69,4.5,21,50.96254711944343,30.733528271666056,45
244,Electronics,Brand_E,34379.19,4.5,85,49.15444872724168,29.712669236345008,45
358,Books,Brand_A,29945.7,4.8,64,48.998646953911816,29.607188172347087,45
438,Beauty,Brand_F,96919.53,3.3,65,77.00652219885663,46.36791331931397,46
140,Electronics,Brand_B,60789.49,3.9,63,72.26050821094927,43.53630492656956,46
319,Beauty,Brand_A,10927.85,3.9,99,71.32428037263011,43.01056822357806,46
32,Clothing,Brand_C,61178.82,4.7,7,69.54254611980974,41.87352767188584,46
421,Books,Brand_C,94489.78,5.0,28,68.71373702901859,41.556242217411146,46
338,Clothing,Brand_A,54327.52,3.7,85,64.89585992766891,39.13351595660134,46
225,Home,Brand_F,10214.31,4.9,41,63.213951535095696,38.11637092105741,46
59,Sports,Brand_C,6929.68,3.6,34,59.3515150503619,35.75290903021713,46
312,Beauty,Brand_A,26447.73,4.2,90,57.93260466947342,34.97556280168405,46
413,Clothing,Brand_D,38617.37,2.6,75,57.04823253721677,34.381939522330065,46
381,Books,Brand_F,88631.98,4.9,91,76.16871715757755,45.939230294546526,47
351,Electronics,Brand_B,70645.84,3.0,51,74.69328318658512,45.106969911951076,47
18,Books,Brand_E,26012.91,3.4,85,70.86938634308214,42.70863180584928,47
117,Electronics,Brand_D,69486.66,4.0,17,69.40132502280298,41.92779501368179,47
11,Sports,Brand_D,41216.56,4.1,12,63.49642907995835,38.23285744797501,47
490,Electronics,Brand_D,68110.03,3.4,47,62.07540760887204,37.54424456532322,47
189,Home,Brand_A,21227.59,3.6,48,61.86903043415823,37.27741826049494,47
342,Sports,Brand_F,65980.7,3.5,54,61.35705679534959,36.97323407720975,47
448,Sports,Brand_C,22676.73,4.1,23,61.219103103260444,36.87746186195626,47
286,Electronics,Brand_E,59862.09,4.2,71,60.847404765222116,36.85544285913326,47
476,Beauty,Brand_C,59363.06,4.8,100,79.27527380067652,47.80916428040591,48
66,Sports,Brand_C,16616.5,3.5,25,68.27298257922736,41.09378954753641,48
334,Home,Brand_E,13940.82,3.7,20,67.92463059579255,40.88577835747553,48
343,Electronics,Brand_B,69319.97,4.0,9,65.3327433566365,39.328646013981896,48
500,Sports,Brand_E,74427.77,3.7,95,62.79159805552619,37.88095883331571,48
380,Home,Brand_E,62701.37,3.1,25,58.993775486472394,35.51426529188344,48
270,Clothing,Brand_C,52711.31,4.2,46,58.86696486253382,35.492178917520285,48
464,Electronics,Brand_A,41022.79,3.8,67,56.81669701945185,34.271018211671105,48
285,Electronics,Brand_A,87426.84,4.9,55,56.64901497943199,34.19140898765919,48
55,Clothing,Brand_B,12692.43,4.1,63,54.85465209509131,33.098791257054785,48
445,Sports,Brand_B,69693.26,3.1,49,95.04545218136032,57.16927130881619,49
60,Sports,Brand_A,74189.73,4.9,4,66.0830003928208,39.80080023569247,49
270,Clothing,Brand_C,52711.31,4.2,46,65.77944257597031,39.63966554558218,49
36,Books,Brand_C,48269.67,2.8,27,63.9933848742389,38.50703092454334,49
100,Beauty,Brand_C,74471.45,3.6,90,63.82591350714799,38.49354810428879,49
264,Home,Brand_E,54300.93,4.9,87,62.12097430689625,37.65658458413775,49
334,Home,Brand_E,13940.82,3.7,20,59.353507863760015,35.893104718256005,49
189,Home,Brand_A,21227.59,3.6,48,58.97415598820006,35.690493592920035,49
447,Clothing,Brand_C,81638.56,4.7,25,58.4159960000039,35.21559760000233,49
29,Electronics,Brand_A,50908.75,3.4,70,57.03285851276577,34.39171510765946,49
304,Electronics,Brand_B,29923.04,3.5,6,93.5633358570675,56.2490015142405,50
227,Clothing,Brand_A,72310.01,3.1,68,92.51483303255544,55.81989981953326,50
196,Home,Brand_A,6851.15,4.0,28,87.06904964026454,52.389429784158715,50
71,Books,Brand_E,36075.4,4.1,20,66.51975101960728,40.05485061176437,50
146,Electronics,Brand_E,11589.83,4.5,38,65.0452232418596,39.20013394511575,50
380,Home,Brand_E,62701.37,3.1,25,61.13582195481029,36.79949317288617,50
500,Sports,Brand_E,74427.77,3.7,95,59.000265242291164,35.60615914537469,50
63,Home,Brand_E,14235.31,3.5,59,58.664738871864586,35.362843323118746,50
316,Sports,Brand_D,59805.23,3.6,65,57.41158077612688,34.619948465676124,50
294,Home,Brand_D,4982.51,4.2,86,54.02005374336494,32.624032246018956,50
339,Beauty,Brand_A,87332.7,2.6,49,95.24405235867638,57.273431415205835,51
345,Sports,Brand_C,25191.9,4.0,37,70.18470123738354,42.26782074243012,51
258,Sports,Brand_F,48896.89,3.8,98,69.01981692140694,41.62389015284416,51
388,Clothing,Brand_F,53035.03,4.0,47,68.67016071302882,41.51909642781728,51
81,Clothing,Brand_B,23451.61,4.4,6,67.19192678925143,40.60315607355085,51
351,Electronics,Brand_B,70645.84,3.0,51,66.93456559062078,40.30173935437247,51
448,Sports,Brand_C,22676.73,4.1,23,60.624141490060545,36.52048489403633,51
287,Home,Brand_A,60171.53,3.7,92,57.70677810927922,34.827066865567524,51
381,Books,Brand_F,88631.98,4.9,91,57.26369882776128,34.59621929665677,51
238,Sports,Brand_B,2945.26,2.9,30,56.58139214877239,34.06583528926343,51
469,Books,Brand_A,8380.31,4.2,41,87.3623016554524,52.73438099327143,52
253,Sports,Brand_D,29658.24,2.6,61,73.61618254860834,44.308709529165,52
492,Books,Brand_B,75345.85,4.8,19,72.3150086873191,43.70200521239145,52
339,Beauty,Brand_A,87332.7,2.6,49,65.75260668345739,39.57856401007443,52
41,Electronics,Brand_D,6618.48,3.7,8,62.78226393563511,37.788358361381064,52
179,Books,Brand_E,18050.19,4.7,30,61.06200552697326,36.958203316183955,52
219,Clothing,Brand_A,2265.14,4.9,75,58.751749859285724,35.47304991557144,52
66,Sports,Brand_C,16616.5,3.5,25,56.91379763615333,34.27827858169199,52
394,Beauty,Brand_C,40372.51,3.5,94,56.486816998763324,34.09109019925799,52
462,Sports,Brand_B,55220.48,4.2,98,56.245529378884385,33.97131762733063,52
438,Beauty,Brand_F,96919.53,3.3,65,74.39633454028403,44.80180072417041,53
98,Beauty,Brand_E,31378.69,4.5,21,61.767717278592315,37.21663036715539,53
151,Beauty,Brand_B,87028.67,3.6,57,56.569092783765726,34.106455670259436,53
141,Clothing,Brand_D,42585.83,4.3,67,56.437955228936566,34.05877313736194,53
54,Electronics,Brand_B,96513.18,4.2,1,55.54500830353055,33.45400498211833,53
49,Electronics,Brand_B,47316.15,2.9,9,55.58650621332698,33.44790372799619,53
214,Electronics,Brand_C,65994.72,3.8,64,50.61496584670473,30.546979508022837,53
55,Clothing,Brand_B,12692.43,4.1,63,49.54131515548785,29.91078909329271,53
200,Books,Brand_E,44244.05,4.1,78,47.89987993295644,29.09092795977386,53
434,Beauty,Brand_A,18887.89,2.7,81,48.209223171082975,29.08753390264978,53
237,Beauty,Brand_D,21026.26,2.9,48,86.14300602454735,51.82080361472841,54
498,Clothing,Brand_A,13148.33,3.8,35,69.87216430315922,42.072298581895524,54
476,Beauty,Brand_C,59363.06,4.8,100,63.733364445796305,38.484018667477784,54
297,Books,Brand_E,8555.03,3.5,34,63.51039073291687,38.245234439750114,54
486,Beauty,Brand_B,86769.23,4.3,37,60.183096427668254,36.27585785660095,54
253,Sports,Brand_D,29658.24,2.6,61,56.68989072672671,34.302934436036026,54
17,Books,Brand_E,81762.09,4.9,36,56.57737825337415,34.12942695202449,54
455,Clothing,Brand_B,26780.32,3.9,36,54.92916746458133,33.1105004787488,54
319,Beauty,Brand_A,10927.85,3.9,99,54.589337522774365,32.96960251366461,54
199,Home,Brand_F,52581.71,4.1,71,54.521356350627364,32.90681381037641,54
233,Home,Brand_D,29526.83,3.6,55,78.12180654354158,47.036083926124945,55
94,Electronics,Brand_F,53486.07,3.7,76,69.55737538964253,41.92142523378551,55
469,Books,Brand_A,8380.31,4.2,41,67.87434263149676,41.04160557889805,55
71,Books,Brand_E,36075.4,4.1,20,65.39932698036415,39.53259618821849,55
464,Electronics,Brand_A,41022.79,3.8,67,62.11267242392628,37.44860345435576,55
352,Sports,Brand_B,92547.26,2.5,59,60.14907605431633,36.2234456325898,55
58,Sports,Brand_B,18368.94,2.9,13,60.015169757431536,36.10910185445892,55
400,Beauty,Brand_C,41951.35,3.2,40,59.93105394735103,36.094632368410615,55
107,Home,Brand_D,11329.98,4.2,41,59.239985097032616,35.71099105821956,55
266,Electronics,Brand_B,26011.4,4.7,40,58.24436351006794,35.127618106040764,55
469,Books,Brand_A,8380.31,4.2,41,89.96362105526029,54.145172633156164,56
447,Clothing,Brand_C,81638.56,4.7,25,64.54946771989317,38.895680631935896,56
492,Books,Brand_B,75345.85,4.8,19,63.607015882166166,38.327209529299694,56
112,Electronics,Brand_C,15246.77,2.8,75,60.88109273535164,36.68765564121099,56
87,Electronics,Brand_E,11954.73,4.5,47,60.78772961739992,36.65463777043995,56
92,Beauty,Brand_A,79464.31,3.6,86,58.064037635364414,35.03242258121864,56
470,Books,Brand_A,22252.27,4.5,63,57.86612293219907,34.91767375931944,56
494,Sports,Brand_C,88122.81,3.3,74,55.92203493848784,33.7262209630927,56
151,Beauty,Brand_B,87028.67,3.6,57,55.82421302960518,33.659527817763106,56
337,Home,Brand_C,18757.75,3.8,39,54.21754974199203,32.833529845195216,56
60,Sports,Brand_A,74189.73,4.9,4,90.06557444558408,54.19034466735044,57
111,Home,Brand_D,79790.35,3.7,58,87.06691528896704,52.40914917338022,57
253,Sports,Brand_D,29658.24,2.6,61,76.9181566078154,46.28989396468924,57
165,Electronics,Brand_D,73828.87,4.1,6,75.95015931627343,45.699095589764056,57
316,Sports,Brand_D,59805.23,3.6,65,68.42791731183297,41.22975038709978,57
500,Sports,Brand_E,74427.77,3.7,95,67.17065059840401,40.5083903590424,57
353,Sports,Brand_F,18303.36,4.1,39,66.9593556285749,40.33761337714493,57
107,Home,Brand_D,11329.98,4.2,41,63.712765435454266,38.39465926127255,57
112,Electronics,Brand_C,15246.77,2.8,75,62.842956168291,37.86477370097461,57
407,Electronics,Brand_F,29841.92,4.0,2,62.27873548440531,37.489241290643186,57
386,Clothing,Brand_A,2420.56,4.1,87,76.96265020067928,46.387590120407566,58
16,Sports,Brand_A,86591.06,3.9,41,67.66495957662562,40.75697574597537,58
132,Beauty,Brand_C,87250.75,3.0,47,65.39043510755631,39.52126106453379,58
169,Sports,Brand_C,14343.44,3.1,91,62.49760399147312,37.682562394883874,58
130,Electronics,Brand_B,61261.99,4.2,40,59.54357089628758,35.89214253777254,58
165,Electronics,Brand_D,73828.87,4.1,6,58.89712527394409,35.46727516436645,58
463,Beauty,Brand_A,8972.58,3.0,32,55.292142115912405,33.44728526954744,58
162,Clothing,Brand_A,92009.6,3.3,79,54.45595198173137,32.851571189038815,58
66,Sports,Brand_C,16616.5,3.5,25,53.31798444411981,32.12079066647188,58
50,Sports,Brand_C,41360.54,4.5,12,52.19360871560238,31.46316522936143,58
196,Home,Brand_A,6851.15,4.0,28,76.07107507119504,45.940645042717016,59
73,Clothing,Brand_D,39426.78,4.7,26,76.2601949088429,45.92311694530574,59
339,Beauty,Brand_A,87332.7,2.6,49,74.79930998937091,45.00658599362255,59
469,Books,Brand_A,8380.31,4.2,41,73.45694025869555,44.24116415521733,59
10,Beauty,Brand_B,52593.79,3.1,11,67.20881807178252,40.429290843069516,59
23,Sports,Brand_C,57289.79,4.2,15,62.21496635404533,37.4699798124272,59
472,Beauty,Brand_D,7890.25,3.1,75,61.38246953071456,36.99748171842874,59
461,Electronics,Brand_D,65627.63,2.9,60,58.16112927282445,35.04367756369468,59
266,Electronics,Brand_B,26011.4,4.7,40,56.752106270884354,34.23226376253061,59
329,Books,Brand_B,27432.87,3.1,49,51.94019242460919,31.30611545476551,59
87,Electronics,Brand_E,11954.73,4.5,47,78.13939441113722,47.06563664668232,60
140,Electronics,Brand_B,60789.49,3.9,63,75.65854714458881,45.575128286753284,60
319,Beauty,Brand_A,10927.85,3.9,99,68.23100379448375,41.15460227669025,60
438,Beauty,Brand_F,96919.53,3.3,65,63.83625765493229,38.465754592959364,60
382,Clothing,Brand_C,61701.56,3.7,46,61.39481606871889,36.99388964123133,60
388,Clothing,Brand_F,53035.03,4.0,47,57.08360730856943,34.417164385141646,60
488,Sports,Brand_E,83750.23,3.3,65,56.83452621774063,34.41471573064437,60
12,Home,Brand_B,98243.15,3.8,74,56.98861171753316,34.38116703051989,60
486,Beauty,Brand_B,86769.23,4.3,37,56.98978278310989,34.35986966986593,60
248,Beauty,Brand_F,27025.94,2.8,20,56.722316473597374,34.13738988415843,60
228,Beauty,Brand_C,85612.94,2.7,92,81.06030543022509,48.95918325813505,61
469,Books,Brand_A,8380.31,4.2,41,80.1061556970517,48.23069341823101,61
338,Clothing,Brand_A,54327.52,3.7,85,68.50641846349968,41.299851078099806,61
59,Sports,Brand_C,6929.68,3.6,34,67.25408589520359,40.494451537122146,61
141,Clothing,Brand_D,42585.83,4.3,67,65.3802498573365,39.424149914401895,61
64,Books,Brand_B,79588.15,3.2,27,64.67212606451686,38.92627563871011,61
150,Books,Brand_C,92107.94,4.5,99,61.21096173647382,36.960577041884285,61
396,Clothing,Brand_B,62862.29,4.8,36,61.14695361652938,36.86817216991763,61
112,Electronics,Brand_C,15246.77,2.8,75,60.196174464230765,36.276704678538465,61
322,Electronics,Brand_B,49700.48,3.4,35,59.238875398780316,35.68032523926818,61
256,Home,Brand_E,14269.28,4.8,35,90.00379173370354,54.18127504022212,62
453,Home,Brand_E,9421.24,5.0,54,70.20713832626578,42.328282995759466,62
397,Home,Brand_E,87405.61,3.4,82,67.91250574037971,40.93150344422782,62
35,Books,Brand_D,15689.96,4.4,3,64.60608223056128,38.89864933833677,62
347,Home,Brand_D,22354.58,4.5,41,64.50082766005524,38.876496596033135,62
395,Clothing,Brand_E,48143.6,4.6,33,63.22470971336901,38.1058258280214,62
334,Home,Brand_E,13940.82,3.7,20,62.34661123596982,37.53896674158189,62
162,Clothing,Brand_A,92009.6,3.3,79,60.67516130616052,36.583096783696305,62
300,Home,Brand_E,39112.77,4.1,1,58.82191255933836,35.41714753560301,62
407,Electronics,Brand_F,29841.92,4.0,2,57.77132726385604,34.78479635831362,62
109,Electronics,Brand_D,13010.62,4.4,47,64.36139373106381,38.79583623863828,63
98,Beauty,Brand_E,31378.69,4.5,21,64.35222731602732,38.76733638961639,63
486,Beauty,Brand_B,86769.23,4.3,37,61.45346129824743,37.03807677894846,63
220,Sports,Brand_A,10679.63,3.1,53,60.963172677214025,36.72390360632841,63
420,Beauty,Brand_E,87948.1,3.7,39,60.582799829597285,36.49967989775837,63
469,Books,Brand_A,8380.31,4.2,41,60.26993068800143,36.32895841280085,63
380,Home,Brand_E,62701.37,3.1,25,60.00777052121023,36.12266231272614,63
66,Sports,Brand_C,16616.5,3.5,25,58.67669664405956,35.33601798643573,63
207,Sports,Brand_E,37518.94,4.9,53,58.50676428547391,35.304058571284344,63
238,Sports,Brand_B,2945.26,2.9,30,57.99882642750221,34.91629585650133,63
432,Beauty,Brand_D,17899.84,3.9,40,72.78967879156403,43.830807274938415,64
327,Books,Brand_C,80001.76,3.1,13,61.67993888012052,37.11396332807231,64
452,Electronics,Brand_D,58134.59,4.2,21,58.932382010038,35.506429206022794,64
425,Electronics,Brand_A,99119.51,3.6,27,58.09807077226339,34.99384246335803,64
466,Clothing,Brand_B,26197.45,3.6,28,57.828360702352626,34.83301642141157,64
386,Clothing,Brand_A,2420.56,4.1,87,54.08484774400797,32.660908646404785,64
71,Books,Brand_E,36075.4,4.1,20,53.90999340589895,32.48899604353937,64
194,Beauty,Brand_A,47365.07,3.6,19,53.397728609478996,32.16563716568739,64
453,Home,Brand_E,9421.24,5.0,54,52.94280507849233,32.11968304709539,64
484,Books,Brand_D,65947.65,4.6,7,52.007531680696,31.3495190084176,64
150,Books,Brand_C,92107.94,4.5,99,80.83125309693264,48.73275185815958,65
287,Home,Brand_A,60171.53,3.7,92,75.65777681956776,45.59766609174065,65
398,Clothing,Brand_B,98413.12,3.1,19,72.80459972680788,43.79475983608473,65
319,Beauty,Brand_A,10927.85,3.9,99,71.34807749900196,43.17484649940117,65
256,Home,Brand_E,14269.28,4.8,35,68.88083256381967,41.507499538291796,65
351,Electronics,Brand_B,70645.84,3.0,51,63.06321841643953,37.978931049863725,65
212,Electronics,Brand_E,15868.41,4.7,30,62.411684734938724,37.61801084096323,65
62,Beauty,Brand_B,84230.33,4.1,95,60.9975068361244,36.96650410167464,65
333,Beauty,Brand_D,91756.16,4.0,43,60.53388317319914,36.63332990391948,65
68,Sports,Brand_D,81513.1,3.1,97,60.4818950851007,36.47913705106043,65
30,Home,Brand_A,24468.25,4.1,12,78.45435992558937,47.20761595535362,66
319,Beauty,Brand_A,10927.85,3.9,99,70.30402639962503,42.39841583977501,66
469,Books,Brand_A,8380.31,4.2,41,69.23186865416338,41.70612119249802,66
368,Sports,Brand_D,59748.11,4.0,76,68.33280993195763,41.345685959174574,66
281,Sports,Brand_A,20880.2,4.7,20,67.3739124419536,40.73534746517216,66
19,Clothing,Brand_D,17337.49,4.1,72,67.2394134476007,40.53864806856042,66
305,Beauty,Brand_B,56770.54,4.7,86,65.38804216466325,39.459825298797945,66
417,Electronics,Brand_A,78698.6,3.1,82,65.39519296607966,39.4121157796478,66
492,Books,Brand_B,75345.85,4.8,19,65.33601490722614,39.36460894433568,66
53,Clothing,Brand_E,83112.75,2.7,16,65.29110333013257,39.271661998079544,66
287,Home,Brand_A,60171.53,3.7,92,106.62652986409864,64.17891791845918,67
351,Electronics,Brand_B,70645.84,3.0,51,69.16829246129578,41.64197547677747,67
39,Sports,Brand_B,33859.45,2.6,92,67.5696579082264,40.711794744935844,67
225,Home,Brand_F,10214.31,4.9,41,67.10738588089237,40.45243152853541,67
10,Beauty,Brand_B,52593.79,3.1,11,66.9643901243911,40.282634074634665,67
239,Clothing,Brand_B,18389.11,2.6,12,65.26286647179725,39.39771988307835,67
420,Beauty,Brand_E,87948.1,3.7,39,65.02812062239082,39.16687237343449,67
310,Books,Brand_A,21729.56,3.5,12,64.19311123333081,38.632866739998484,67
442,Sports,Brand_F,17637.36,3.8,90,60.97606921928694,36.789641531572165,67
447,Clothing,Brand_C,81638.56,4.7,25,60.69939235340811,36.73563541204486,67
396,Clothing,Brand_B,62862.29,4.8,36,68.38273323561282,41.20963994136769,68
395,Clothing,Brand_E,48143.6,4.6,33,68.23547540969572,41.11228524581743,68
462,Sports,Brand_B,55220.48,4.2,98,62.44532809565128,37.691196857390764,68
81,Clothing,Brand_B,23451.61,4.4,6,61.82207412993052,37.231244477958306,68
253,Sports,Brand_D,29658.24,2.6,61,61.10476909386296,36.80186145631778,68
436,Sports,Brand_E,35207.49,4.7,12,60.27820254730024,36.31992152838014,68
29,Electronics,Brand_A,50908.75,3.4,70,60.24450924706649,36.31870554823989,68
34,Sports,Brand_E,58249.45,4.9,3,60.001787136527646,36.15107228191658,68
337,Home,Brand_C,18757.75,3.8,39,58.31649648732814,35.14289789239688,68
398,Clothing,Brand_B,98413.12,3.1,19,56.239050483723126,33.855430290233876,68
156,Beauty,Brand_F,33719.16,2.7,76,77.9996134035324,46.956768042119435,69
350,Electronics,Brand_B,4230.85,2.5,21,73.47008752785904,44.178052516715425,69
287,Home,Brand_A,60171.53,3.7,92,70.35467954980714,42.56580772988428,69
420,Beauty,Brand_E,87948.1,3.7,39,70.4768570176963,42.43611421061778,69
487,Books,Brand_A,70923.79,2.6,56,68.3698137921347,41.15588827528082,69
448,Sports,Brand_C,22676.73,4.1,23,65.19183700164078,39.26110220098447,69
139,Home,Brand_B,57755.95,2.6,87,64.57277681475158,39.05866608885095,69
296,Sports,Brand_E,73881.95,4.1,88,63.64081416558063,38.395488499348374,69
484,Books,Brand_D,65947.65,4.6,7,60.04444788321866,36.17166872993119,69
380,Home,Brand_E,62701.37,3.1,25,58.884771513516505,35.5988629081099,69
100,Beauty,Brand_C,74471.45,3.6,90,90.66518043836852,54.59710826302111,70
112,Electronics,Brand_C,15246.77,2.8,75,83.20636290077657,50.08281774046595,70
304,Electronics,Brand_B,29923.04,3.5,6,69.07530968210723,41.556185809264335,70
368,Sports,Brand_D,59748.11,4.0,76,67.81420685487353,40.88452411292412,70
438,Beauty,Brand_F,96919.53,3.3,65,67.50471691776059,40.666830150656345,70
420,Beauty,Brand_E,87948.1,3.7,39,64.28630348378229,38.72178209026937,70
293,Sports,Brand_F,52036.1,4.2,67,63.32857049721469,38.19014229832881,70
317,Electronics,Brand_F,33624.12,4.5,57,60.21082657820696,36.31849594692417,70
463,Beauty,Brand_A,8972.58,3.0,32,58.64662152812845,35.309972916877065,70
476,Beauty,Brand_C,59363.06,4.8,100,56.319266557015375,34.035559934209225,70
66,Sports,Brand_C,16616.5,3.5,25,62.23040769402086,37.46824461641251,71
40,Sports,Brand_C,13701.14,3.3,1,56.37983388084293,33.92790032850575,71
343,Electronics,Brand_B,69319.97,4.0,9,53.61583083791102,32.29849850274661,71
373,Electronics,Brand_D,34185.53,3.0,61,52.87277461878192,31.87466477126915,71
459,Beauty,Brand_A,86254.12,3.9,53,52.152430037258114,31.46145802235487,71
36,Books,Brand_C,48269.67,2.8,27,51.905529886947036,31.25431793216822,71
377,Clothing,Brand_F,54087.28,4.3,92,51.58868808617919,31.174212851707512,71
345,Sports,Brand_C,25191.9,4.0,37,49.52827475039445,29.87396485023667,71
60,Sports,Brand_A,74189.73,4.9,4,49.3365893208431,29.75295359250586,71
283,Beauty,Brand_C,13947.5,4.2,51,48.39154289562172,29.21192573737303,71
189,Home,Brand_A,21227.59,3.6,48,106.61073283175266,64.2724396990516,72
130,Electronics,Brand_B,61261.99,4.2,40,87.53231169477938,52.68538701686762,72
56,Beauty,Brand_B,73167.49,3.2,21,74.24108216454034,44.6616492987242,72
316,Sports,Brand_D,59805.23,3.6,65,74.12113096653816,44.64567857992289,72
16,Sports,Brand_A,86591.06,3.9,41,65.4552163449732,39.43112980698391,72
83,Sports,Brand_F,38573.95,2.8,60,65.10319602268508,39.20591761361106,72
238,Sports,Brand_B,2945.26,2.9,30,63.355641934013796,38.13038516040828,72
209,Books,Brand_E,64506.75,4.6,36,62.7781141172548,37.84086847035288,72
66,Sports,Brand_C,16616.5,3.5,25,56.70595699983024,34.15357419989814,72
19,Clothing,Brand_D,17337.49,4.1,72,55.84744194279228,33.70346516567537,72
225,Home,Brand_F,10214.31,4.9,41,55.70922208147922,33.763533248887526,73
360,Sports,Brand_A,97114.51,2.8,19,55.27608720715483,33.2686523242929,73
340,Books,Brand_E,73302.82,3.4,64,54.87310653402687,33.089863920416114,73
145,Home,Brand_F,45248.69,3.3,47,53.48516368081545,32.387098208489256,73
298,Sports,Brand_F,60434.27,4.1,91,51.51293037102936,31.12175822261762,73
59,Sports,Brand_C,6929.68,3.6,34,50.39573035460289,30.37943821276173,73
317,Electronics,Brand_F,33624.12,4.5,57,48.904784465778775,29.534870679467264,73
389,Electronics,Brand_D,93925.05,4.5,84,48.71885756548285,29.45031453928971,73
374,Home,Brand_D,72559.25,4.2,33,48.08597457590892,29.160584745545354,73
102,Electronics,Brand_D,57118.0,2.7,33,47.89889253543443,28.853335521260657,73
368,Sports,Brand_D,59748.11,4.0,76,85.84912229491867,51.7054733769512,74
12,Home,Brand_B,98243.15,3.8,74,81.18365866843857,48.89819520106313,74
207,Sports,Brand_E,37518.94,4.9,53,76.96034850338138,46.376209102028824,74
351,Electronics,Brand_B,70645.84,3.0,51,72.35559286712977,43.55435572027787,74
92,Beauty,Brand_A,79464.31,3.6,86,69.23496833423243,41.734981000539456,74
16,Sports,Brand_A,86591.06,3.9,41,64.4521155243952,38.82926931463711,74
360,Sports,Brand_A,97114.51,2.8,19,61.93843237769062,37.26605942661437,74
19,Clothing,Brand_D,17337.49,4.1,72,60.62305737730243,36.718834426381456,74
78,Clothing,Brand_A,30347.37,4.4,93,60.09157631660473,36.42994578996284,74
462,Sports,Brand_B,55220.48,4.2,98,60.33295016691741,36.42377010015044,74
350,Electronics,Brand_B,4230.85,2.5,21,66.07826375292407,39.742958251754445,75
124,Beauty,Brand_A,40264.89,3.4,33,64.25978846385512,38.84087307831307,75
418,Clothing,Brand_F,9214.28,3.5,51,63.283328093917184,38.125996856350305,75
476,Beauty,Brand_C,59363.06,4.8,100,62.168841535565896,37.695304921339535,75
484,Books,Brand_D,65947.65,4.6,7,62.57428820547801,37.6895729232868,75
66,Sports,Brand_C,16616.5,3.5,25,61.165768444449625,36.82946106666977,75
368,Sports,Brand_D,59748.11,4.0,76,56.22314405274179,33.929886431645066,75
399,Electronics,Brand_C,76896.86,4.5,28,55.55430199010726,33.49558119406435,75
92,Beauty,Brand_A,79464.31,3.6,86,53.257193122046885,32.29831587322813,75
459,Beauty,Brand_A,86254.12,3.9,53,53.24804079607785,32.2688244776467,75
304,Electronics,Brand_B,29923.04,3.5,6,78.15239454165267,47.0024367249916,76
66,Sports,Brand_C,16616.5,3.5,25,75.11233109337769,45.19739865602661,76
117,Electronics,Brand_D,69486.66,4.0,17,70.58060609339435,42.48536365603661,76
279,Electronics,Brand_E,65246.61,4.2,51,64.00538336148605,38.58023001689163,76
68,Sports,Brand_D,81513.1,3.1,97,61.200625161289764,36.91037509677386,76
54,Electronics,Brand_B,96513.18,4.2,1,56.72701750845403,34.16321050507241,76
240,Books,Brand_D,58429.24,4.3,35,55.700142423165296,33.73408545389917,76
16,Sports,Brand_A,86591.06,3.9,41,55.837601540212496,33.66056092412749,76
221,Books,Brand_F,80051.63,4.1,99,54.326781543744865,32.96806892624691,76
395,Clothing,Brand_E,48143.6,4.6,33,54.36610025017093,32.79066015010255,76
33,Sports,Brand_C,29076.47,4.9,80,71.96376120136397,43.40525672081837,77
426,Sports,Brand_F,23397.67,4.3,2,69.70966000190137,41.95679600114082,77
46,Electronics,Brand_B,68245.82,5.0,70,68.77195956903998,41.63317574142398,77
212,Electronics,Brand_E,15868.41,4.7,30,65.96463485299759,39.89978091179855,77
382,Clothing,Brand_C,61701.56,3.7,46,65.29088204797138,39.33152922878282,77
248,Beauty,Brand_F,27025.94,2.8,20,63.780340026801696,38.37220401608102,77
334,Home,Brand_E,13940.82,3.7,20,63.39549942747777,38.16829965648666,77
434,Beauty,Brand_A,18887.89,2.7,81,62.33471144382495,37.56282686629498,77
260,Electronics,Brand_E,80045.57,2.9,96,61.33242752634835,37.132456515809004,77
394,Beauty,Brand_C,40372.51,3.5,94,60.115105070211165,36.2680630421267,77
329,Books,Brand_B,27432.87,3.1,49,73.15097794884986,44.032586769309916,78
84,Books,Brand_E,54492.22,2.6,44,68.25552497284664,41.07531498370798,78
294,Home,Brand_D,4982.51,4.2,86,66.50528394408397,40.11517036645038,78
395,Clothing,Brand_E,48143.6,4.6,33,65.33285076337525,39.370710458025144,78
247,Books,Brand_C,59152.41,3.0,48,63.189542188571885,38.05172531314314,78
248,Beauty,Brand_F,27025.94,2.8,20,60.444138852277646,36.52048331136659,78
457,Beauty,Brand_C,88908.18,3.7,45,60.27790929788566,36.47274557873139,78
103,Electronics,Brand_D,76317.13,3.5,85,59.72749550802922,36.02649730481753,78
451,Home,Brand_C,59416.11,3.3,28,59.33428318349506,35.72756991009703,78
54,Electronics,Brand_B,96513.18,4.2,1,56.67597230087009,34.13258338052205,78
111,Home,Brand_D,79790.35,3.7,58,71.07657880885431,42.81494728531258,79
368,Sports,Brand_D,59748.11,4.0,76,68.0018610537654,40.997116632259235,79
68,Sports,Brand_D,81513.1,3.1,97,66.80870651048278,40.27522390628967,79
237,Beauty,Brand_D,21026.26,2.9,48,65.27447347715176,39.29968408629106,79
98,Beauty,Brand_E,31378.69,4.5,21,65.09860810048717,39.2151648602923,79
239,Clothing,Brand_B,18389.11,2.6,12,62.44746602659518,37.70847961595711,79
304,Electronics,Brand_B,29923.04,3.5,6,58.25026055782952,35.061156334697706,79
380,Home,Brand_E,62701.37,3.1,25,56.55873234712189,34.053239408273136,79
460,Books,Brand_E,81008.75,4.9,30,56.18580853127891,33.88848511876734,79
240,Books,Brand_D,58429.24,4.3,35,54.04564944744836,32.59138966846901,79
151,Beauty,Brand_B,87028.67,3.6,57,99.4408918643694,59.82953511862164,80
239,Clothing,Brand_B,18389.11,2.6,12,83.00182103183924,49.891092619103546,80
140,Electronics,Brand_B,60789.49,3.9,63,81.37197576204437,49.15318545722662,80
382,Clothing,Brand_C,61701.56,3.7,46,76.4474402357299,46.025464141437936,80
152,Beauty,Brand_B,52028.15,4.1,53,74.85135213196715,45.08681127918028,80
496,Sports,Brand_F,3215.95,3.6,18,74.74937132704657,44.97562279622794,80
189,Home,Brand_A,21227.59,3.6,48,72.12734519191113,43.432407115146674,80
420,Beauty,Brand_E,87948.1,3.7,39,66.7176694313575,40.1806016588145,80
487,Books,Brand_A,70923.79,2.6,56,65.68502391065391,39.54501434639234,80
80,Clothing,Brand_D,50421.22,4.6,50,63.06273219820028,38.02563931892016,80
12,Home,Brand_B,98243.15,3.8,74,89.9970361383567,54.18622168301402,81
360,Sports,Brand_A,97114.51,2.8,19,66.90275302315358,40.24465181389215,81
292,Electronics,Brand_E,38498.91,4.8,45,60.646243020709804,36.72674581242588,81
324,Sports,Brand_B,43652.29,4.2,84,59.698189293077085,36.02891357584625,81
7,Home,Brand_F,17585.35,4.0,19,57.4833688699216,34.629021321952955,81
16,Sports,Brand_A,86591.06,3.9,41,55.57246991073451,33.5014819464407,81
357,Beauty,Brand_D,69832.8,2.7,13,55.34941600575914,33.30364960345548,81
447,Clothing,Brand_C,81638.56,4.7,25,55.04605094198774,33.193630565192635,81
451,Home,Brand_C,59416.11,3.3,28,54.981401989741954,33.115841193845164,81
36,Books,Brand_C,48269.67,2.8,27,54.45655598187957,32.784933589127746,81
389,Electronics,Brand_D,93925.05,4.5,84,84.58172030311167,51.118032181867,82
157,Home,Brand_C,80344.49,3.1,17,79.43284537951324,47.76970722770795,82
329,Books,Brand_B,27432.87,3.1,49,73.87512664365092,44.46707598619055,82
279,Electronics,Brand_E,65246.61,4.2,51,70.70455957618552,42.749735745711305,82
500,Sports,Brand_E,74427.77,3.7,95,70.11326630608713,42.27395978365227,82
16,Sports,Brand_A,86591.06,3.9,41,68.73478353531186,41.39887012118711,82
445,Sports,Brand_B,69693.26,3.1,49,68.56200887909722,41.279205327458335,82
111,Home,Brand_D,79790.35,3.7,58,65.64383372459068,39.555300234754405,82
132,Beauty,Brand_C,87250.75,3.0,47,64.4194425172791,38.78866551036746,82
463,Beauty,Brand_A,8972.58,3.0,32,62.79326085573314,37.79795651343988,82
432,Beauty,Brand_D,17899.84,3.9,40,68.41643679439376,41.20686207663625,83
141,Clothing,Brand_D,42585.83,4.3,67,65.6443582323881,39.58261493943286,83
196,Home,Brand_A,6851.15,4.0,28,64.41243772107981,38.79546263264788,83
339,Beauty,Brand_A,87332.7,2.6,49,64.13517396426379,38.608104378558274,83
488,Sports,Brand_E,83750.23,3.3,65,60.734397716251245,36.60463862975074,83
114,Beauty,Brand_E,72308.58,5.0,23,58.050889463756256,35.00353367825375,83
358,Books,Brand_A,29945.7,4.8,64,57.19645350947261,34.67587210568356,83
477,Books,Brand_A,82520.69,3.8,33,55.91355086910335,33.845130521462,83
113,Home,Brand_B,23156.36,3.1,57,52.15969507545897,31.44581704527538,83
297,Books,Brand_E,8555.03,3.5,34,50.84590905423423,30.796545432540533,83
492,Books,Brand_B,75345.85,4.8,19,70.7900337251801,42.637020235108054,84
207,Sports,Brand_E,37518.94,4.9,53,66.25469096242072,40.10281457745243,84
298,Sports,Brand_F,60434.27,4.1,91,62.81674592881712,38.05404755729027,84
473,Beauty,Brand_A,85165.33,3.5,48,62.044029178079555,37.37941750684773,84
484,Books,Brand_D,65947.65,4.6,7,59.89863708337866,36.08418225002719,84
128,Home,Brand_B,58747.11,2.8,66,53.185519699573376,32.06131181974403,84
296,Sports,Brand_E,73881.95,4.1,88,52.18972688079636,31.674836128477814,84
358,Books,Brand_A,29945.7,4.8,64,51.83100343181996,31.306602059091972,84
406,Sports,Brand_E,28937.73,3.6,39,51.45430647223831,31.169583883342984,84
420,Beauty,Brand_E,87948.1,3.7,39,51.23856455226057,30.89313873135634,84
438,Beauty,Brand_F,96919.53,3.3,65,67.25712614155472,40.518275684932824,85
345,Sports,Brand_C,25191.9,4.0,37,58.117675982884876,35.02760558973092,85
455,Clothing,Brand_B,26780.32,3.9,36,55.419519246531216,33.55471154791873,85
476,Beauty,Brand_C,59363.06,4.8,100,53.83266986806345,32.543601920838064,85
22,Electronics,Brand_D,55809.26,4.8,47,52.49066782937379,31.68540069762427,85
412,Sports,Brand_A,42948.98,2.7,51,52.00161815826349,31.33297089495809,85
63,Home,Brand_E,14235.31,3.5,59,51.2182122571272,30.89492735427632,85
140,Electronics,Brand_B,60789.49,3.9,63,49.80788014048724,30.064728084292344,85
316,Sports,Brand_D,59805.23,3.6,65,49.302872918434964,29.75472375106098,85
334,Home,Brand_E,13940.82,3.7,20,48.730455968642204,29.369273581185322,85
30,Home,Brand_A,24468.25,4.1,12,85.7032505070446,51.55695030422676,86
36,Books,Brand_C,48269.67,2.8,27,68.83863099173767,41.564178595042605,86
407,Electronics,Brand_F,29841.92,4.0,2,68.96977444958898,41.50386466975339,86
139,Home,Brand_B,57755.95,2.6,87,68.42762946390647,41.221577678343884,86
162,Clothing,Brand_A,92009.6,3.3,79,64.62296159337481,38.95177695602488,86
17,Books,Brand_E,81762.09,4.9,36,61.0803860550736,36.98123163304416,86
426,Sports,Brand_F,23397.67,4.3,2,59.01513235543393,35.54007941326036,86
216,Home,Brand_D,22430.62,4.0,52,58.665810716254256,35.37148642975255,86
329,Books,Brand_B,27432.87,3.1,49,58.4141790688798,35.34050744132788,86
342,Sports,Brand_F,65980.7,3.5,54,57.108787284493225,34.42427237069593,86
32,Clothing,Brand_C,61178.82,4.7,7,76.8939759373157,46.28438556238942,87
334,Home,Brand_E,13940.82,3.7,20,68.41584818795144,41.18050891277086,87
252,Home,Brand_E,43781.81,4.8,73,67.19450980291386,40.53370588174831,87
26,Beauty,Brand_B,18948.26,4.3,42,66.00232169582786,39.77239301749671,87
388,Clothing,Brand_F,53035.03,4.0,47,61.64053946633265,37.15132367979958,87
287,Home,Brand_A,60171.53,3.7,92,61.52828368180374,37.11997020908224,87
451,Home,Brand_C,59416.11,3.3,28,60.97644363724607,36.71286618234764,87
470,Books,Brand_A,22252.27,4.5,63,58.985382577936605,35.73922954676196,87
217,Electronics,Brand_A,23338.16,2.9,89,57.70368355769097,34.798210134614585,87
13,Books,Brand_B,11470.28,4.4,8,57.4610503349787,34.766630200987215,87
23,Sports,Brand_C,57289.79,4.2,15,71.01814744793012,42.90188846875807,88
170,Sports,Brand_E,17885.78,5.0,98,66.89223197498161,40.53333918498896,88
196,Home,Brand_A,6851.15,4.0,28,66.47421368637272,40.032528211823625,88
339,Beauty,Brand_A,87332.7,2.6,49,66.28826405214396,39.89995843128638,88
436,Sports,Brand_E,35207.49,4.7,12,64.15574225200054,38.79644535120032,88
419,Books,Brand_B,41932.8,4.0,73,64.32694631258258,38.789167787549545,88
165,Electronics,Brand_D,73828.87,4.1,6,62.32122329292767,37.5217339757566,88
326,Home,Brand_F,81964.5,3.6,49,60.50494382849074,36.45996629709444,88
60,Sports,Brand_A,74189.73,4.9,4,59.44944482280225,35.97066689368134,88
351,Electronics,Brand_B,70645.84,3.0,51,58.927704253636435,35.497622552181866,88
357,Beauty,Brand_D,69832.8,2.7,13,94.56971250409809,56.835827502458855,89
297,Books,Brand_E,8555.03,3.5,34,77.58934833094108,46.692608998564644,89
332,Books,Brand_F,9430.73,4.2,8,76.60318158435678,46.09590895061407,89
119,Electronics,Brand_D,25404.37,3.9,11,76.02883203041205,45.895299218247224,89
181,Electronics,Brand_B,15121.67,4.4,84,72.13111309291256,43.644667855747535,89
317,Electronics,Brand_F,33624.12,4.5,57,71.51207552676382,43.24924531605829,89
395,Clothing,Brand_E,48143.6,4.6,33,71.38377565973626,43.001265395841756,89
146,Electronics,Brand_E,11589.83,4.5,38,67.48919828296947,40.816518969781676,89
126,Sports,Brand_E,94744.15,2.7,16,62.46634132469797,37.576804794818784,89
400,Beauty,Brand_C,41951.35,3.2,40,58.016464244078456,34.94587854644707,89
88,Books,Brand_A,94001.26,3.7,73,91.50801549261568,55.088809295569405,90
128,Home,Brand_B,58747.11,2.8,66,73.63411568700006,44.33046941220004,90
484,Books,Brand_D,65947.65,4.6,7,71.3841262243763,42.975475734625775,90
398,Clothing,Brand_B,98413.12,3.1,19,68.61387543966356,41.28032526379813,90
396,Clothing,Brand_B,62862.29,4.8,36,66.50856385427998,40.08513831256799,90
417,Electronics,Brand_A,78698.6,3.1,82,65.62780309956791,39.551681859740754,90
52,Clothing,Brand_B,92974.06,3.1,46,65.28575051849631,39.31045031109779,90
12,Home,Brand_B,98243.15,3.8,74,63.35507238620413,38.20104343172247,90
432,Beauty,Brand_D,17899.84,3.9,40,62.92461944065424,37.91177166439254,90
78,Clothing,Brand_A,30347.37,4.4,93,62.51385169817893,37.73331101890736,90
204,Books,Brand_E,18438.23,4.8,47,60.28800237582553,36.36380142549531,91
23,Sports,Brand_C,57289.79,4.2,15,57.455170158953045,34.764102095371825,91
359,Home,Brand_F,92462.3,3.4,11,57.53895448435065,34.636372690610386,91
381,Books,Brand_F,88631.98,4.9,91,56.989883090826574,34.43192985449594,91
263,Electronics,Brand_C,27087.13,2.5,45,54.20956975480668,32.64574185288401,91
229,Sports,Brand_D,83072.92,2.9,8,53.651875038292644,32.43612502297559,91
60,Sports,Brand_A,74189.73,4.9,4,52.77318967515556,31.96491380509333,91
293,Sports,Brand_F,52036.1,4.2,67,51.16354640589169,31.041127843535012,91
327,Books,Brand_C,80001.76,3.1,13,51.02437978595188,30.72062787157113,91
358,Books,Brand_A,29945.7,4.8,64,50.502626762977435,30.509576057786457,91
317,Electronics,Brand_F,33624.12,4.5,57,66.87906518047359,40.31943910828415,92
365,Books,Brand_A,32114.32,4.5,1,63.3029415933759,38.26776495602553,92
292,Electronics,Brand_E,38498.91,4.8,45,57.89944056480432,34.92866433888259,92
296,Sports,Brand_E,73881.95,4.1,88,54.4104866050856,32.85729196305136,92
23,Sports,Brand_C,57289.79,4.2,15,54.47990799011381,32.828944794068285,92
213,Beauty,Brand_D,71682.43,3.6,9,50.277393434946774,30.283436060968064,92
162,Clothing,Brand_A,92009.6,3.3,79,49.524005652160184,29.89240339129611,92
12,Home,Brand_B,98243.15,3.8,74,49.34203262846186,29.793219577077117,92
224,Electronics,Brand_F,24046.82,2.8,94,49.2597442637943,29.733846558276582,92
25,Books,Brand_D,77018.45,3.3,82,47.807075115974456,29.015245069584672,92
253,Sports,Brand_D,29658.24,2.6,61,80.24153848498348,48.283923090990086,93
213,Beauty,Brand_D,71682.43,3.6,9,80.24341716579013,48.263050299474074,93
476,Beauty,Brand_C,59363.06,4.8,100,77.72997421475529,46.881984528853174,93
392,Home,Brand_C,35265.97,3.0,66,63.55296164883714,38.28777698930229,93
231,Books,Brand_F,66908.09,3.3,86,61.05696747252992,36.81918048351795,93
451,Home,Brand_C,59416.11,3.3,28,59.76211990218664,35.98427194131198,93
239,Clothing,Brand_B,18389.11,2.6,12,56.60284713926772,34.201708283560635,93
498,Clothing,Brand_A,13148.33,3.8,35,56.28615310700343,34.07069186420205,93
287,Home,Brand_A,60171.53,3.7,92,49.64656969949451,29.990941819696705,93
17,Books,Brand_E,81762.09,4.9,36,49.19781704977737,29.701690229866422,93
407,Electronics,Brand_F,29841.92,4.0,2,81.88515089920368,49.253090539522205,94
25,Books,Brand_D,77018.45,3.3,82,57.83745666124578,34.88347399674746,94
36,Books,Brand_C,48269.67,2.8,27,56.44067734169409,33.97540640501646,94
139,Home,Brand_B,57755.95,2.6,87,52.17530593558973,31.620183561353837,94
493,Books,Brand_C,16112.93,3.9,29,51.97135202331464,31.328811213988782,94
410,Sports,Brand_A,2082.03,4.7,74,51.46546261362404,31.094277568174423,94
52,Clothing,Brand_B,92974.06,3.1,46,49.73942873158754,29.98265723895252,94
274,Electronics,Brand_F,91455.59,4.3,26,49.578238638051154,29.901943182830692,94
430,Home,Brand_A,51415.04,2.8,16,49.30518006899047,29.833108041394276,94
419,Books,Brand_B,41932.8,4.0,73,46.842860615246984,28.29871636914819,94
294,Home,Brand_D,4982.51,4.2,86,74.63610015839423,44.99366009503653,95
265,Sports,Brand_A,63457.78,4.1,47,70.41574627547564,42.569447765285375,95
196,Home,Brand_A,6851.15,4.0,28,55.900032450101115,33.68801947006067,95
22,Electronics,Brand_D,55809.26,4.8,47,55.04304408048532,33.21682644829119,95
111,Home,Brand_D,79790.35,3.7,58,54.99982624022432,33.16889574413459,95
276,Sports,Brand_B,57778.69,4.2,93,54.36627719724622,32.98876631834773,95
266,Electronics,Brand_B,26011.4,4.7,40,53.3933065183166,32.21698391098995,95
412,Sports,Brand_A,42948.98,2.7,51,52.07429645067099,31.52657787040259,95
19,Clothing,Brand_D,17337.49,4.1,72,50.24113877112812,30.33968326267687,95
162,Clothing,Brand_A,92009.6,3.3,79,49.826835858058836,30.074101514835302,95
420,Beauty,Brand_E,87948.1,3.7,39,72.23161965553066,43.4889717933184,96
332,Books,Brand_F,9430.73,4.2,8,67.51560237812706,40.64336142687623,96
263,Electronics,Brand_C,27087.13,2.5,45,64.89336740034399,39.056020440206396,96
189,Home,Brand_A,21227.59,3.6,48,63.36680086672084,38.1760805200325,96
463,Beauty,Brand_A,8972.58,3.0,32,60.303804688790144,36.304282813274085,96
80,Clothing,Brand_D,50421.22,4.6,50,59.69256624610003,36.003539747660014,96
250,Sports,Brand_A,41118.34,2.6,44,58.786597297731994,35.543958378639196,96
437,Sports,Brand_D,6066.91,3.0,35,58.636111403036224,35.45666684182173,96
368,Sports,Brand_D,59748.11,4.0,76,56.92927204221223,34.50356322532733,96
147,Sports,Brand_B,98488.67,2.7,15,56.85719470830103,34.36031682498062,96
16,Sports,Brand_A,86591.06,3.9,41,85.01589561604392,51.167537369626345,97
484,Books,Brand_D,65947.65,4.6,7,74.66247594274024,44.94248556564414,97
476,Beauty,Brand_C,59363.06,4.8,100,73.70380973065097,44.46628583839058,97
68,Sports,Brand_D,81513.1,3.1,97,72.92787522182012,43.94672513309207,97
421,Books,Brand_C,94489.78,5.0,28,68.61912531625649,41.34947518975389,97
388,Clothing,Brand_F,53035.03,4.0,47,66.89224403429895,40.30234642057937,97
103,Electronics,Brand_D,76317.13,3.5,85,65.6735296219327,39.744117773159616,97
225,Home,Brand_F,10214.31,4.9,41,64.98243860581199,39.17746316348719,97
30,Home,Brand_A,24468.25,4.1,12,62.777065468426564,37.801239281055935,97
414,Clothing,Brand_B,68060.83,4.1,77,62.57357524004188,37.744145144025126,97
389,Electronics,Brand_D,93925.05,4.5,84,75.1756307614281,45.474378456856854,98
73,Clothing,Brand_D,39426.78,4.7,26,67.96178186668662,40.944069120011974,98
214,Electronics,Brand_C,65994.72,3.8,64,66.00188248695133,39.929129492170794,98
412,Sports,Brand_A,42948.98,2.7,51,63.240797793073625,38.07647867584418,98
383,Books,Brand_C,23526.06,4.5,87,62.44920456652467,37.6915227399148,98
285,Electronics,Brand_A,87426.84,4.9,55,61.74881474825341,37.40128884895204,98
397,Home,Brand_E,87405.61,3.4,82,59.850206279727054,36.09412376783623,98
30,Home,Brand_A,24468.25,4.1,12,59.25430748009303,35.68758448805582,98
348,Sports,Brand_B,98770.5,4.3,17,57.03221265001423,34.36532759000854,98
334,Home,Brand_E,13940.82,3.7,20,56.70554853627051,34.15432912176231,98
100,Beauty,Brand_C,74471.45,3.6,90,97.84166831341128,58.90300098804676,99
484,Books,Brand_D,65947.65,4.6,7,77.385242763077,46.726145657846196,99
395,Clothing,Brand_E,48143.6,4.6,33,68.78577006579411,41.44246203947647,99
180,Electronics,Brand_E,96118.71,4.3,78,67.1748732091803,40.511923925508185,99
380,Home,Brand_E,62701.37,3.1,25,62.33109207133429,37.516655242800574,99
382,Clothing,Brand_C,61701.56,3.7,46,59.192571182506306,35.67254270950378,99
237,Beauty,Brand_D,21026.26,2.9,48,55.414120592766544,33.38347235565993,99
300,Home,Brand_E,39112.77,4.1,1,53.94487589405727,32.490925536434354,99
22,Electronics,Brand_D,55809.26,4.8,47,52.99482942568033,31.987897655408194,99
476,Beauty,Brand_C,59363.06,4.8,100,52.01009894618344,31.45005936771006,99
400,Beauty,Brand_C,41951.35,3.2,40,73.93624829687117,44.497748978122694,100
1,Sports,Brand_A,10447.71,2.9,39,68.04233769374439,40.95140261624663,100
305,Beauty,Brand_B,56770.54,4.7,86,64.35643993729094,38.84086396237456,100
382,Clothing,Brand_C,61701.56,3.7,46,64.3540725516921,38.769443531015256,100
146,Electronics,Brand_E,11589.83,4.5,38,57.91432416210685,35.0715944972641,100
388,Clothing,Brand_F,53035.03,4.0,47,57.62910613292638,34.744463679755825,100
32,Clothing,Brand_C,61178.82,4.7,7,57.45072753262753,34.61843651957651,100
52,Clothing,Brand_B,92974.06,3.1,46,56.37298584855342,33.96279150913205,100
392,Home,Brand_C,35265.97,3.0,66,55.43826391515082,33.418958349090495,100
150,Books,Brand_C,92107.94,4.5,99,54.32229345340887,32.82737607204531,100
