Product_ID,Product_Category,Product_Brand,Product_Price,Product_Rating,Review_Count,Popularity_Score,Discount_Percentage,Available_Stock
1,Sports,Brand_A,10447.71,2.9,4447,39,26,161
2,Beauty,Brand_F,15540.06,4.5,253,52,10,392
3,Home,Brand_F,24821.99,4.6,4595,23,48,215
4,Beauty,Brand_E,16319.93,3.8,4117,89,48,263
5,Beauty,Brand_B,18900.73,2.5,570,50,37,262
6,Clothing,Brand_B,28723.99,3.2,4147,43,4,291
7,Home,Brand_F,17585.35,4.0,2735,19,7,273
8,Home,Brand_E,89707.51,5.0,603,69,33,2
9,Home,Brand_D,8299.3,4.1,1836,51,47,27
10,Beauty,Brand_B,52593.79,3.1,3239,11,51,325
11,Sports,Brand_D,41216.56,4.1,3297,12,55,491
12,Home,Brand_B,98243.15,3.8,4083,74,11,427
13,Books,Brand_B,11470.28,4.4,143,8,37,148
14,Beauty,Brand_C,39966.2,2.8,3148,24,0,27
15,Clothing,Brand_B,96956.2,4.4,3929,92,30,487
16,Sports,Brand_A,86591.06,3.9,82,41,3,309
17,Books,Brand_E,81762.09,4.9,4504,36,48,437
18,Books,Brand_E,26012.91,3.4,4235,85,44,64
19,Clothing,Brand_D,17337.49,4.1,2988,72,49,355
20,Sports,Brand_B,66963.73,4.8,4371,55,4,20
21,Beauty,Brand_A,92958.79,2.8,1995,9,29,251
22,Electronics,Brand_D,55809.26,4.8,802,47,55,234
23,Sports,Brand_C,57289.79,4.2,4269,15,23,226
24,Clothing,Brand_D,28213.92,2.7,104,48,58,12
25,Books,Brand_D,77018.45,3.3,1143,82,2,312
26,Beauty,Brand_B,18948.26,4.3,4927,42,10,48
27,Sports,Brand_C,32570.82,2.7,247,60,44,117
28,Electronics,Brand_D,42716.01,4.0,2956,84,3,53
29,Electronics,Brand_A,50908.75,3.4,2540,70,25,137
30,Home,Brand_A,24468.25,4.1,1970,12,26,52
31,Home,Brand_E,11749.23,2.6,1058,2,45,43
32,Clothing,Brand_C,61178.82,4.7,2539,7,53,302
33,Sports,Brand_C,29076.47,4.9,2974,80,42,52
34,Sports,Brand_E,58249.45,4.9,973,3,26,73
35,Books,Brand_D,15689.96,4.4,546,3,41,45
36,Books,Brand_C,48269.67,2.8,4233,27,50,12
37,Books,Brand_A,53399.17,4.4,3689,40,49,164
38,Home,Brand_A,5466.81,2.6,4197,33,5,101
39,Sports,Brand_B,33859.45,2.6,3734,92,58,279
40,Sports,Brand_C,13701.14,3.3,552,1,60,257
41,Electronics,Brand_D,6618.48,3.7,855,8,14,469
42,Home,Brand_E,98999.04,4.4,3613,32,52,336
43,Beauty,Brand_E,32438.68,4.2,3046,48,29,355
44,Home,Brand_D,81044.48,3.6,2504,4,41,397
45,Beauty,Brand_F,25687.67,3.2,4495,94,36,137
46,Electronics,Brand_B,68245.82,5.0,2729,70,57,162
47,Clothing,Brand_E,76094.72,3.6,1894,19,60,408
48,Sports,Brand_C,59685.18,3.6,4148,32,36,386
49,Electronics,Brand_B,47316.15,2.9,4359,9,41,110
50,Sports,Brand_C,41360.54,4.5,3211,12,59,101
51,Books,Brand_A,35082.17,4.2,2720,11,36,16
52,Clothing,Brand_B,92974.06,3.1,1963,46,34,267
53,Clothing,Brand_E,83112.75,2.7,4747,16,22,181
54,Electronics,Brand_B,96513.18,4.2,3860,1,5,371
55,Clothing,Brand_B,12692.43,4.1,699,63,3,23
56,Beauty,Brand_B,73167.49,3.2,1960,21,17,28
57,Clothing,Brand_F,93852.54,4.9,466,30,59,170
58,Sports,Brand_B,18368.94,2.9,2140,13,8,408
59,Sports,Brand_C,6929.68,3.6,3986,34,48,227
60,Sports,Brand_A,74189.73,4.9,4254,4,28,377
61,Sports,Brand_D,57574.97,3.5,1189,28,12,187
62,Beauty,Brand_B,84230.33,4.1,4295,95,58,345
63,Home,Brand_E,14235.31,3.5,3575,59,46,229
64,Books,Brand_B,79588.15,3.2,892,27,51,320
65,Electronics,Brand_E,20402.24,5.0,409,69,16,339
66,Sports,Brand_C,16616.5,3.5,618,25,44,118
67,Clothing,Brand_E,16677.3,4.7,1648,3,31,155
68,Sports,Brand_D,81513.1,3.1,2158,97,47,271
69,Clothing,Brand_A,66620.16,3.0,1392,68,21,174
70,Books,Brand_E,52449.62,2.6,1413,25,3,464
71,Books,Brand_E,36075.4,4.1,829,20,4,103
72,Books,Brand_A,87756.89,3.4,3302,34,36,91
73,Clothing,Brand_D,39426.78,4.7,829,26,40,185
74,Sports,Brand_B,81714.96,3.7,429,5,48,459
75,Books,Brand_E,44081.75,4.9,4229,99,12,282
76,Beauty,Brand_A,37881.36,3.0,4527,61,33,180
77,Clothing,Brand_C,46429.17,4.7,3312,92,44,169
78,Clothing,Brand_A,30347.37,4.4,1518,93,21,186
79,Sports,Brand_C,74836.66,4.4,777,9,52,174
80,Clothing,Brand_D,50421.22,4.6,2054,50,58,221
81,Clothing,Brand_B,23451.61,4.4,2149,6,22,232
82,Books,Brand_A,89987.58,4.1,3039,83,50,161
83,Sports,Brand_F,38573.95,2.8,1559,60,2,420
84,Books,Brand_E,54492.22,2.6,1774,44,41,133
85,Books,Brand_D,90675.27,4.8,2655,11,33,390
86,Sports,Brand_A,62536.53,4.0,3726,66,31,479
87,Electronics,Brand_E,11954.73,4.5,4615,47,44,223
88,Books,Brand_A,94001.26,3.7,4491,73,50,500
89,Beauty,Brand_C,62882.49,2.8,2303,85,57,152
90,Beauty,Brand_A,33690.09,2.8,4847,88,48,32
91,Clothing,Brand_F,14185.43,4.2,2718,98,20,54
92,Beauty,Brand_A,79464.31,3.6,910,86,45,441
93,Clothing,Brand_A,62121.25,3.0,3094,3,43,6
94,Electronics,Brand_F,53486.07,3.7,2019,76,20,243
95,Sports,Brand_D,89421.09,2.7,251,92,43,312
96,Sports,Brand_A,78923.14,4.0,2395,30,10,125
97,Sports,Brand_F,15421.99,3.2,4278,90,38,11
98,Beauty,Brand_E,31378.69,4.5,681,21,3,15
99,Electronics,Brand_C,25074.37,3.3,173,28,50,207
100,Beauty,Brand_C,74471.45,3.6,474,90,0,42
101,Beauty,Brand_A,3643.18,2.5,3052,62,27,372
102,Electronics,Brand_D,57118.0,2.7,4602,33,23,483
103,Electronics,Brand_D,76317.13,3.5,4805,85,60,460
104,Electronics,Brand_E,87713.53,3.7,2452,35,34,134
105,Electronics,Brand_A,34405.55,4.0,4808,52,12,227
106,Sports,Brand_C,82179.35,3.2,2365,34,46,110
107,Home,Brand_D,11329.98,4.2,4288,41,33,306
108,Home,Brand_A,84691.29,4.7,4734,51,10,456
109,Electronics,Brand_D,13010.62,4.4,2567,47,35,159
110,Home,Brand_F,39909.54,2.6,555,82,50,330
111,Home,Brand_D,79790.35,3.7,4729,58,60,263
112,Electronics,Brand_C,15246.77,2.8,3845,75,16,224
113,Home,Brand_B,23156.36,3.1,603,57,34,470
114,Beauty,Brand_E,72308.58,5.0,4849,23,59,216
115,Clothing,Brand_E,72087.64,2.9,3814,48,17,455
116,Clothing,Brand_C,64222.42,3.7,1469,22,39,44
117,Electronics,Brand_D,69486.66,4.0,3503,17,21,213
118,Sports,Brand_A,54409.63,4.3,2611,69,56,58
119,Electronics,Brand_D,25404.37,3.9,2454,11,23,131
120,Sports,Brand_C,34765.89,2.5,2682,94,57,103
121,Clothing,Brand_E,18405.29,3.3,4210,15,18,194
122,Electronics,Brand_D,90872.52,3.8,26,91,36,412
123,Books,Brand_E,58464.16,2.7,3201,35,38,488
124,Beauty,Brand_A,40264.89,3.4,402,33,20,156
125,Home,Brand_E,46361.98,2.6,434,84,7,97
126,Sports,Brand_E,94744.15,2.7,581,16,27,225
127,Books,Brand_B,15589.13,3.5,3641,34,4,411
128,Home,Brand_B,58747.11,2.8,1130,66,16,204
129,Home,Brand_F,50737.1,3.9,251,99,36,78
130,Electronics,Brand_B,61261.99,4.2,3907,40,35,123
131,Home,Brand_E,2105.59,4.5,4105,28,53,470
132,Beauty,Brand_C,87250.75,3.0,2289,47,18,427
133,Books,Brand_E,93232.19,2.9,798,39,26,217
134,Home,Brand_C,56643.78,2.8,724,70,52,3
135,Electronics,Brand_C,69756.09,4.1,4864,73,33,89
136,Beauty,Brand_B,92273.19,4.3,2859,20,10,103
137,Clothing,Brand_D,70811.69,2.6,785,1,53,392
138,Books,Brand_A,15508.14,4.8,4036,72,44,118
139,Home,Brand_B,57755.95,2.6,2257,87,46,132
140,Electronics,Brand_B,60789.49,3.9,88,63,11,311
141,Clothing,Brand_D,42585.83,4.3,3936,67,53,95
142,Clothing,Brand_A,73723.49,4.7,865,4,20,467
143,Sports,Brand_E,93456.39,4.3,2158,58,53,433
144,Beauty,Brand_F,92579.18,4.5,1041,25,10,330
145,Home,Brand_F,45248.69,3.3,4950,47,38,142
146,Electronics,Brand_E,11589.83,4.5,3281,38,27,287
147,Sports,Brand_B,98488.67,2.7,3586,15,4,27
148,Beauty,Brand_A,83938.14,4.7,4192,63,16,277
149,Sports,Brand_B,12728.87,3.9,3466,21,55,232
150,Books,Brand_C,92107.94,4.5,3516,99,19,16
151,Beauty,Brand_B,87028.67,3.6,417,57,40,58
152,Beauty,Brand_B,52028.15,4.1,2721,53,45,89
153,Home,Brand_E,59250.16,3.8,3098,46,57,491
154,Beauty,Brand_E,40080.57,4.3,1678,14,11,198
155,Sports,Brand_E,5759.74,2.7,157,100,5,361
156,Beauty,Brand_F,33719.16,2.7,4337,76,16,440
157,Home,Brand_C,80344.49,3.1,3907,17,50,25
158,Home,Brand_E,761.81,2.9,1960,39,18,24
159,Books,Brand_A,33549.87,4.7,375,9,25,393
160,Sports,Brand_F,39997.42,3.0,1684,99,47,300
161,Clothing,Brand_D,53878.34,4.9,4541,77,43,338
162,Clothing,Brand_A,92009.6,3.3,4504,79,43,266
163,Beauty,Brand_A,34830.7,3.0,2556,82,51,460
164,Books,Brand_E,34891.23,4.5,572,97,31,180
165,Electronics,Brand_D,73828.87,4.1,3572,6,5,455
166,Beauty,Brand_D,45386.13,3.7,2499,91,54,359
167,Books,Brand_F,22693.1,3.9,782,23,57,67
168,Sports,Brand_D,45408.22,4.3,2047,59,35,494
169,Sports,Brand_C,14343.44,3.1,3433,91,37,350
170,Sports,Brand_E,17885.78,5.0,2577,98,10,411
171,Sports,Brand_D,49987.27,4.9,1583,46,32,458
172,Sports,Brand_F,42066.87,4.1,3704,38,23,490
173,Books,Brand_C,91510.14,3.0,3301,14,22,320
174,Books,Brand_B,36430.67,4.2,1256,100,14,48
175,Home,Brand_B,58184.66,2.7,3729,72,26,174
176,Clothing,Brand_C,63336.75,2.6,3849,62,10,51
177,Sports,Brand_F,1605.52,3.1,369,35,56,101
178,Electronics,Brand_C,66454.68,3.7,2386,19,50,215
179,Books,Brand_E,18050.19,4.7,3019,30,49,437
180,Electronics,Brand_E,96118.71,4.3,3003,78,16,187
181,Electronics,Brand_B,15121.67,4.4,972,84,50,56
182,Electronics,Brand_D,41638.03,3.6,3642,25,52,46
183,Home,Brand_F,8809.36,3.4,1837,40,13,158
184,Books,Brand_B,99688.36,3.4,1623,88,26,488
185,Electronics,Brand_D,50368.84,5.0,1650,14,17,173
186,Sports,Brand_D,59659.89,2.6,2226,26,27,241
187,Beauty,Brand_E,6987.52,4.7,4322,87,50,281
188,Electronics,Brand_A,75071.06,3.9,387,22,46,240
189,Home,Brand_A,21227.59,3.6,4224,48,46,369
190,Books,Brand_C,89836.01,4.3,4295,83,3,4
191,Home,Brand_E,20752.42,3.7,379,51,6,83
192,Electronics,Brand_D,19311.57,4.7,2206,3,44,307
193,Books,Brand_F,3944.0,4.8,3757,42,34,360
194,Beauty,Brand_A,47365.07,3.6,661,19,47,458
195,Electronics,Brand_D,56614.66,3.2,779,73,8,247
196,Home,Brand_A,6851.15,4.0,2431,28,7,53
197,Clothing,Brand_A,77620.1,4.8,790,84,51,160
198,Sports,Brand_A,45492.9,3.0,1726,45,44,433
199,Home,Brand_F,52581.71,4.1,3993,71,16,421
200,Books,Brand_E,44244.05,4.1,1321,78,16,410
201,Electronics,Brand_F,40256.08,4.3,3369,63,48,225
202,Sports,Brand_B,56096.14,2.8,532,73,32,14
203,Electronics,Brand_D,15777.45,4.3,531,19,31,223
204,Books,Brand_E,18438.23,4.8,4888,47,7,60
205,Electronics,Brand_E,86220.03,2.9,2330,14,18,121
206,Clothing,Brand_E,94627.71,3.1,945,38,37,276
207,Sports,Brand_E,37518.94,4.9,2240,53,2,45
208,Sports,Brand_F,27293.24,3.0,4050,61,58,452
209,Books,Brand_E,64506.75,4.6,4593,36,4,389
210,Clothing,Brand_C,41050.8,3.7,4951,40,12,293
211,Home,Brand_D,2831.02,3.1,3707,81,46,61
212,Electronics,Brand_E,15868.41,4.7,2847,30,45,85
213,Beauty,Brand_D,71682.43,3.6,4093,9,60,445
214,Electronics,Brand_C,65994.72,3.8,2471,64,30,209
215,Electronics,Brand_C,3001.47,3.4,3253,33,54,77
216,Home,Brand_D,22430.62,4.0,3369,52,15,201
217,Electronics,Brand_A,23338.16,2.9,695,89,49,301
218,Clothing,Brand_B,67287.71,3.5,2170,14,31,396
219,Clothing,Brand_A,2265.14,4.9,3998,75,21,222
220,Sports,Brand_A,10679.63,3.1,4076,53,28,221
221,Books,Brand_F,80051.63,4.1,1577,99,21,2
222,Beauty,Brand_A,18100.9,3.3,48,59,42,477
223,Electronics,Brand_E,65378.79,4.4,2554,78,2,5
224,Electronics,Brand_F,24046.82,2.8,4885,94,53,92
225,Home,Brand_F,10214.31,4.9,1266,41,9,7
226,Books,Brand_C,24544.27,3.6,3000,68,41,427
227,Clothing,Brand_A,72310.01,3.1,2206,68,20,492
228,Beauty,Brand_C,85612.94,2.7,3478,92,15,234
229,Sports,Brand_D,83072.92,2.9,2718,8,11,107
230,Clothing,Brand_B,39899.2,3.8,311,2,1,160
231,Books,Brand_F,66908.09,3.3,656,86,40,208
232,Sports,Brand_D,20736.93,4.6,4768,41,23,239
233,Home,Brand_D,29526.83,3.6,1769,55,34,330
234,Home,Brand_E,89664.68,3.1,4361,16,55,332
235,Electronics,Brand_B,1596.29,4.0,607,93,29,49
236,Books,Brand_D,8825.2,4.3,671,62,56,10
237,Beauty,Brand_D,21026.26,2.9,4340,48,29,350
238,Sports,Brand_B,2945.26,2.9,1378,30,46,155
239,Clothing,Brand_B,18389.11,2.6,2591,12,34,491
240,Books,Brand_D,58429.24,4.3,3878,35,18,69
241,Books,Brand_B,42316.03,4.2,3547,11,49,168
242,Home,Brand_D,89299.37,3.7,4875,64,7,271
243,Electronics,Brand_D,81799.12,4.6,4318,50,25,67
244,Electronics,Brand_E,34379.19,4.5,4568,85,48,354
245,Sports,Brand_A,26164.52,4.0,292,21,39,251
246,Home,Brand_D,38155.33,4.7,3688,69,6,47
247,Books,Brand_C,59152.41,3.0,1496,48,29,183
248,Beauty,Brand_F,27025.94,2.8,4092,20,6,319
249,Home,Brand_A,62527.65,3.2,4193,67,2,186
250,Sports,Brand_A,41118.34,2.6,470,44,0,89
251,Sports,Brand_A,55339.1,3.8,2335,33,35,445
252,Home,Brand_E,43781.81,4.8,3764,73,24,331
253,Sports,Brand_D,29658.24,2.6,2478,61,36,138
254,Home,Brand_E,94860.79,2.8,1734,9,0,356
255,Clothing,Brand_D,76431.5,3.6,1386,68,14,88
256,Home,Brand_E,14269.28,4.8,2753,35,36,273
257,Home,Brand_E,86886.26,3.3,524,81,12,18
258,Sports,Brand_F,48896.89,3.8,712,98,39,470
259,Sports,Brand_C,89486.86,2.6,1663,88,7,310
260,Electronics,Brand_E,80045.57,2.9,2076,96,4,357
261,Electronics,Brand_F,42693.79,5.0,32,65,59,373
262,Clothing,Brand_B,2540.19,4.9,2470,8,8,465
263,Electronics,Brand_C,27087.13,2.5,1314,45,0,153
264,Home,Brand_E,54300.93,4.9,3310,87,35,389
265,Sports,Brand_A,63457.78,4.1,371,47,34,259
266,Electronics,Brand_B,26011.4,4.7,3737,40,1,107
267,Electronics,Brand_B,14193.8,3.6,1294,76,39,370
268,Clothing,Brand_F,83542.54,3.8,524,54,22,284
269,Books,Brand_B,98444.9,3.7,458,76,8,58
270,Clothing,Brand_C,52711.31,4.2,1865,46,33,124
271,Home,Brand_E,17416.42,2.8,4979,47,45,353
272,Sports,Brand_E,27449.04,2.6,3572,15,13,272
273,Clothing,Brand_A,2133.55,3.3,2530,19,3,106
274,Electronics,Brand_F,91455.59,4.3,3091,26,29,298
275,Sports,Brand_A,12039.78,3.0,1438,52,30,244
276,Sports,Brand_B,57778.69,4.2,3977,93,37,335
277,Electronics,Brand_A,27623.31,4.9,932,22,10,449
278,Clothing,Brand_C,55551.55,2.7,3147,21,34,417
279,Electronics,Brand_E,65246.61,4.2,2169,51,7,246
280,Books,Brand_B,83025.26,3.6,2557,38,2,7
281,Sports,Brand_A,20880.2,4.7,2989,20,13,140
282,Beauty,Brand_F,1396.28,2.9,2291,29,59,361
283,Beauty,Brand_C,13947.5,4.2,2659,51,12,7
284,Home,Brand_C,90031.86,4.6,323,4,44,477
285,Electronics,Brand_A,87426.84,4.9,2623,55,31,351
286,Electronics,Brand_E,59862.09,4.2,3093,71,33,483
287,Home,Brand_A,60171.53,3.7,2266,92,44,494
288,Home,Brand_B,66604.16,4.0,1047,28,60,93
289,Home,Brand_A,17784.52,4.7,3499,4,18,320
290,Sports,Brand_C,91466.87,3.9,2644,22,58,426
291,Books,Brand_A,42051.42,2.6,3993,76,37,38
292,Electronics,Brand_E,38498.91,4.8,1788,45,15,80
293,Sports,Brand_F,52036.1,4.2,3905,67,1,186
294,Home,Brand_D,4982.51,4.2,1134,86,39,83
295,Electronics,Brand_A,16878.45,3.0,707,66,16,87
296,Sports,Brand_E,73881.95,4.1,2189,88,54,241
297,Books,Brand_E,8555.03,3.5,1414,34,33,341
298,Sports,Brand_F,60434.27,4.1,1053,91,41,92
299,Books,Brand_C,24761.31,2.8,1939,55,59,85
300,Home,Brand_E,39112.77,4.1,1023,1,15,43
301,Books,Brand_E,29082.77,5.0,236,72,37,136
302,Electronics,Brand_E,35760.57,2.6,1838,87,59,420
303,Home,Brand_E,71988.88,4.9,4927,38,1,73
304,Electronics,Brand_B,29923.04,3.5,2033,6,1,35
305,Beauty,Brand_B,56770.54,4.7,4976,86,25,100
306,Clothing,Brand_C,47762.23,4.5,2462,25,12,475
307,Books,Brand_A,66468.02,3.9,2095,82,55,155
308,Clothing,Brand_E,93701.93,4.3,4293,17,46,425
309,Clothing,Brand_F,73337.44,4.7,1090,61,30,254
310,Books,Brand_A,21729.56,3.5,2330,12,59,170
311,Home,Brand_F,3408.96,3.3,3200,6,33,468
312,Beauty,Brand_A,26447.73,4.2,2640,90,38,215
313,Electronics,Brand_C,59629.27,4.5,2573,27,2,169
314,Sports,Brand_E,5427.15,4.4,3302,8,7,251
315,Electronics,Brand_E,49787.71,4.5,4631,83,22,359
316,Sports,Brand_D,59805.23,3.6,3596,65,13,321
317,Electronics,Brand_F,33624.12,4.5,4441,57,55,54
318,Books,Brand_A,77159.95,2.8,2957,93,54,455
319,Beauty,Brand_A,10927.85,3.9,3969,99,26,431
320,Sports,Brand_B,7791.24,2.5,2823,40,53,90
321,Home,Brand_D,72900.42,3.3,2593,14,28,277
322,Electronics,Brand_B,49700.48,3.4,171,35,38,100
323,Electronics,Brand_B,68933.72,3.5,603,48,52,154
324,Sports,Brand_B,43652.29,4.2,3269,84,38,376
325,Home,Brand_F,24866.28,3.5,4165,56,0,348
326,Home,Brand_F,81964.5,3.6,2972,49,16,450
327,Books,Brand_C,80001.76,3.1,3898,13,40,363
328,Books,Brand_C,69561.24,3.4,3400,61,29,140
329,Books,Brand_B,27432.87,3.1,4511,49,52,172
330,Books,Brand_D,59146.0,2.7,673,46,12,9
331,Books,Brand_A,36289.1,4.0,1142,62,20,227
332,Books,Brand_F,9430.73,4.2,551,8,18,264
333,Beauty,Brand_D,91756.16,4.0,2984,43,52,437
334,Home,Brand_E,13940.82,3.7,877,20,18,247
335,Books,Brand_F,95038.66,3.4,2076,97,56,246
336,Home,Brand_F,44766.78,4.7,441,90,24,154
337,Home,Brand_C,18757.75,3.8,4845,39,21,33
338,Clothing,Brand_A,54327.52,3.7,4288,85,30,498
339,Beauty,Brand_A,87332.7,2.6,1216,49,16,128
340,Books,Brand_E,73302.82,3.4,2538,64,54,159
341,Electronics,Brand_E,80714.15,3.5,1179,62,22,88
342,Sports,Brand_F,65980.7,3.5,840,54,31,92
343,Electronics,Brand_B,69319.97,4.0,1661,9,9,326
344,Beauty,Brand_C,84964.81,3.8,1146,88,9,240
345,Sports,Brand_C,25191.9,4.0,2820,37,35,322
346,Beauty,Brand_F,49095.67,4.4,485,49,7,467
347,Home,Brand_D,22354.58,4.5,2820,41,53,403
348,Sports,Brand_B,98770.5,4.3,1336,17,51,116
349,Home,Brand_F,94422.72,4.9,1029,88,19,93
350,Electronics,Brand_B,4230.85,2.5,1846,21,31,162
351,Electronics,Brand_B,70645.84,3.0,4266,51,49,98
352,Sports,Brand_B,92547.26,2.5,2458,59,13,112
353,Sports,Brand_F,18303.36,4.1,4303,39,49,358
354,Books,Brand_C,56924.14,4.7,1293,55,27,90
355,Beauty,Brand_C,91574.18,3.1,669,41,45,345
356,Books,Brand_B,3684.41,4.8,2020,39,51,205
357,Beauty,Brand_D,69832.8,2.7,408,13,52,16
358,Books,Brand_A,29945.7,4.8,1743,64,23,273
359,Home,Brand_F,92462.3,3.4,2135,11,14,172
360,Sports,Brand_A,97114.51,2.8,2181,19,21,115
361,Electronics,Brand_D,94443.37,3.7,84,11,29,348
362,Beauty,Brand_F,47579.16,3.1,4707,77,3,467
363,Beauty,Brand_B,86245.65,3.2,3481,46,12,180
364,Electronics,Brand_C,84501.58,3.3,846,45,58,90
365,Books,Brand_A,32114.32,4.5,509,1,22,81
366,Beauty,Brand_E,82942.87,3.8,147,40,7,323
367,Home,Brand_E,3989.66,3.3,2107,19,17,448
368,Sports,Brand_D,59748.11,4.0,3706,76,11,113
369,Electronics,Brand_B,23231.88,4.3,1895,72,54,256
370,Sports,Brand_A,12320.52,3.2,2767,72,30,57
371,Beauty,Brand_B,7972.23,3.5,3930,61,13,153
372,Beauty,Brand_A,69719.99,2.8,1910,12,33,364
373,Electronics,Brand_D,34185.53,3.0,2620,61,17,403
374,Home,Brand_D,72559.25,4.2,3996,33,55,115
375,Clothing,Brand_E,6816.03,3.0,1459,45,33,342
376,Electronics,Brand_B,31734.45,3.8,556,90,10,265
377,Clothing,Brand_F,54087.28,4.3,4686,92,40,314
378,Books,Brand_E,79135.1,2.8,2013,69,11,202
379,Clothing,Brand_B,32079.62,3.9,2106,8,48,40
380,Home,Brand_E,62701.37,3.1,713,25,14,104
381,Books,Brand_F,88631.98,4.9,2413,91,56,388
382,Clothing,Brand_C,61701.56,3.7,1635,46,30,377
383,Books,Brand_C,23526.06,4.5,3341,87,48,192
384,Clothing,Brand_C,2732.76,3.9,4743,30,57,400
385,Home,Brand_C,87048.86,2.6,2988,47,28,277
386,Clothing,Brand_A,2420.56,4.1,4746,87,25,353
387,Clothing,Brand_C,87507.76,4.9,2849,49,17,236
388,Clothing,Brand_F,53035.03,4.0,3394,47,31,424
389,Electronics,Brand_D,93925.05,4.5,2669,84,21,220
390,Electronics,Brand_D,79938.69,4.7,1871,82,37,67
391,Electronics,Brand_A,99794.03,3.1,2866,18,16,196
392,Home,Brand_C,35265.97,3.0,695,66,22,255
393,Books,Brand_C,76788.67,4.0,4293,68,23,138
394,Beauty,Brand_C,40372.51,3.5,1629,94,49,311
395,Clothing,Brand_E,48143.6,4.6,4653,33,7,434
396,Clothing,Brand_B,62862.29,4.8,1441,36,40,148
397,Home,Brand_E,87405.61,3.4,885,82,5,98
398,Clothing,Brand_B,98413.12,3.1,4723,19,4,75
399,Electronics,Brand_C,76896.86,4.5,2471,28,43,281
400,Beauty,Brand_C,41951.35,3.2,1375,40,56,370
401,Sports,Brand_E,42309.29,4.6,1253,84,28,402
402,Clothing,Brand_E,73836.96,3.6,172,97,27,108
403,Electronics,Brand_B,24106.08,4.2,1984,76,10,187
404,Sports,Brand_D,11314.27,2.7,3301,15,56,198
405,Beauty,Brand_B,35655.83,4.1,279,41,0,302
406,Sports,Brand_E,28937.73,3.6,641,39,42,326
407,Electronics,Brand_F,29841.92,4.0,915,2,18,153
408,Books,Brand_E,23590.69,2.9,3481,63,8,39
409,Books,Brand_F,4496.69,4.3,3263,29,26,132
410,Sports,Brand_A,2082.03,4.7,2024,74,33,404
411,Home,Brand_E,98775.92,3.0,1651,66,43,461
412,Sports,Brand_A,42948.98,2.7,214,51,3,131
413,Clothing,Brand_D,38617.37,2.6,591,75,35,278
414,Clothing,Brand_B,68060.83,4.1,850,77,17,361
415,Books,Brand_F,22059.91,4.0,1729,10,14,83
416,Home,Brand_B,95011.13,3.9,2653,14,50,398
417,Electronics,Brand_A,78698.6,3.1,2307,82,12,241
418,Clothing,Brand_F,9214.28,3.5,884,51,18,115
419,Books,Brand_B,41932.8,4.0,699,73,48,108
420,Beauty,Brand_E,87948.1,3.7,4010,39,5,220
421,Books,Brand_C,94489.78,5.0,3151,28,47,391
422,Clothing,Brand_A,46899.93,2.8,1432,3,55,40
423,Clothing,Brand_B,61457.12,4.2,681,84,11,367
424,Books,Brand_A,16953.28,3.5,1181,70,50,146
425,Electronics,Brand_A,99119.51,3.6,3736,27,36,111
426,Sports,Brand_F,23397.67,4.3,953,2,16,102
427,Clothing,Brand_F,94290.36,4.2,1459,93,57,45
428,Books,Brand_C,65069.77,5.0,3747,38,22,411
429,Books,Brand_E,60891.36,2.8,2549,3,25,493
430,Home,Brand_A,51415.04,2.8,3969,16,28,474
431,Sports,Brand_B,23297.78,4.3,4270,94,32,323
432,Beauty,Brand_D,17899.84,3.9,2371,40,59,377
433,Electronics,Brand_A,22282.48,3.2,3662,2,26,270
434,Beauty,Brand_A,18887.89,2.7,3680,81,24,482
435,Sports,Brand_C,78024.57,2.7,1763,41,55,420
436,Sports,Brand_E,35207.49,4.7,2362,12,54,384
437,Sports,Brand_D,6066.91,3.0,1948,35,9,194
438,Beauty,Brand_F,96919.53,3.3,380,65,46,366
439,Sports,Brand_F,88413.45,3.1,4958,55,22,279
440,Books,Brand_B,92796.9,3.4,4489,45,20,282
441,Beauty,Brand_D,99492.31,2.7,1941,79,20,39
442,Sports,Brand_F,17637.36,3.8,434,90,42,446
443,Books,Brand_B,39805.33,2.7,4734,85,12,188
444,Home,Brand_E,75896.38,4.5,904,62,36,163
445,Sports,Brand_B,69693.26,3.1,607,49,32,481
446,Beauty,Brand_F,15643.42,3.9,3072,95,23,476
447,Clothing,Brand_C,81638.56,4.7,2346,25,43,23
448,Sports,Brand_C,22676.73,4.1,4698,23,10,23
449,Clothing,Brand_C,22614.62,3.8,1697,24,16,489
450,Books,Brand_F,53836.35,3.3,582,38,3,3
451,Home,Brand_C,59416.11,3.3,2100,28,46,322
452,Electronics,Brand_D,58134.59,4.2,3679,21,24,289
453,Home,Brand_E,9421.24,5.0,4282,54,29,440
454,Sports,Brand_B,87782.85,4.2,4634,18,8,432
455,Clothing,Brand_B,26780.32,3.9,1643,36,20,470
456,Clothing,Brand_F,13212.64,4.3,1527,99,19,180
457,Beauty,Brand_C,88908.18,3.7,4303,45,18,247
458,Clothing,Brand_C,95578.45,2.7,2667,73,18,115
459,Beauty,Brand_A,86254.12,3.9,3658,53,11,278
460,Books,Brand_E,81008.75,4.9,4958,30,36,364
461,Electronics,Brand_D,65627.63,2.9,3598,60,41,68
462,Sports,Brand_B,55220.48,4.2,1547,98,16,350
463,Beauty,Brand_A,8972.58,3.0,3147,32,36,253
464,Electronics,Brand_A,41022.79,3.8,107,67,53,180
465,Clothing,Brand_F,37457.05,2.7,3225,67,47,317
466,Clothing,Brand_B,26197.45,3.6,4540,28,38,168
467,Electronics,Brand_F,72424.99,4.4,4742,44,27,312
468,Clothing,Brand_D,49738.81,3.4,3760,79,40,248
469,Books,Brand_A,8380.31,4.2,3167,41,34,187
470,Books,Brand_A,22252.27,4.5,4693,63,46,53
471,Electronics,Brand_E,68420.9,4.8,353,23,47,325
472,Beauty,Brand_D,7890.25,3.1,4676,75,17,356
473,Beauty,Brand_A,85165.33,3.5,620,48,13,312
474,Electronics,Brand_D,49666.11,2.9,1737,32,34,137
475,Beauty,Brand_B,48214.48,5.0,2300,57,43,167
476,Beauty,Brand_C,59363.06,4.8,1864,100,40,390
477,Books,Brand_A,82520.69,3.8,2618,33,59,102
478,Beauty,Brand_E,34976.58,4.6,2089,24,6,421
479,Home,Brand_B,67898.21,3.8,2334,39,40,84
480,Sports,Brand_D,56703.48,4.1,4637,34,12,316
481,Clothing,Brand_F,26922.72,2.7,1187,56,17,211
482,Home,Brand_B,87899.41,4.4,1101,28,36,2
483,Beauty,Brand_A,79803.37,2.8,4989,37,12,383
484,Books,Brand_D,65947.65,4.6,2801,7,35,178
485,Electronics,Brand_C,85103.0,4.5,1759,68,30,341
486,Beauty,Brand_B,86769.23,4.3,2685,37,1,302
487,Books,Brand_A,70923.79,2.6,791,56,15,451
488,Sports,Brand_E,83750.23,3.3,3058,65,8,475
489,Beauty,Brand_F,69837.9,3.2,2115,65,8,331
490,Electronics,Brand_D,68110.03,3.4,3877,47,37,37
491,Books,Brand_B,61975.55,2.7,4986,20,10,498
492,Books,Brand_B,75345.85,4.8,4552,19,53,419
493,Books,Brand_C,16112.93,3.9,2123,29,55,238
494,Sports,Brand_C,88122.81,3.3,3980,74,21,168
495,Beauty,Brand_E,87222.8,3.5,2001,60,32,452
496,Sports,Brand_F,3215.95,3.6,1077,18,35,396
497,Clothing,Brand_E,82633.93,4.0,1587,92,44,342
498,Clothing,Brand_A,13148.33,3.8,1021,35,22,313
499,Beauty,Brand_A,33711.35,4.8,2284,43,44,305
500,Sports,Brand_E,74427.77,3.7,4879,95,44,29
