Age,Gender,City,Tenure_Months,Monthly_Income,Monthly_Charges,Data_Usage_GB,Voice_Usage_Minutes,SMS_Usage,Support_Calls,Complaints,Satisfaction_Score,Internet_Package,Contract_Type,Device_Type,Payment_History,Discount,Previous_Upgrades,Actual_Churn,Predicted_Churn,Churn_Probability,Churn_Probability_Percent,Churn_Risk
36,Male,Pokhara,99,232758,3967.71,128.65,905,557,8,9,1.78,Basic,Monthly,Android,Poor,Yes,3,1,1,0.997322400368725,99.7322400368725,Very High Risk
18,Male,Pokhara,2,125682,5916.86,37.37,596,180,14,7,1.68,Basic,Two Year,iPhone,Poor,No,2,1,1,0.997274918190532,99.7274918190532,Very High Risk
56,Female,Chitwan,88,239123,6721.42,196.85,405,721,10,8,1.97,Standard,Monthly,Android,Average,No,2,1,1,0.9967625878132338,99.67625878132338,Very High Risk
60,Male,Biratnagar,17,158709,6226.27,57.29,85,207,14,5,2.25,Premium,Two Year,Android,Good,Yes,3,1,1,0.9965264697192181,99.65264697192181,Very High Risk
54,Female,Bhaktapur,30,170453,1967.81,171.46,2049,275,10,8,1.11,Standard,Monthly,Android,Poor,No,2,1,1,0.9963936726545328,99.63936726545329,Very High Risk
24,Female,Bhaktapur,58,204935,6222.49,195.41,71,461,11,6,1.2,Basic,Monthly,iPhone,Good,No,2,1,1,0.9962378931854875,99.62378931854875,Very High Risk
61,Female,Pokhara,20,161964,2331.75,7.0,38,1098,11,9,2.48,Basic,Monthly,Feature Phone,Excellent,No,2,1,1,0.996114000149167,99.6114000149167,Very High Risk
63,Female,Butwal,42,233299,6146.07,64.34,1896,26,12,8,2.44,Standard,Monthly,Android,Good,Yes,4,1,1,0.9961020078240028,99.61020078240028,Very High Risk
67,Female,Bhaktapur,21,78847,1473.22,87.82,1958,179,13,7,1.58,Standard,One Year,iPhone,Poor,No,2,1,1,0.9959256061329664,99.59256061329664,Very High Risk
44,Female,Kathmandu,106,227353,6578.52,60.52,2079,1035,13,6,1.79,Premium,One Year,iPhone,Poor,Yes,2,1,1,0.9956989911195574,99.56989911195573,Very High Risk
63,Male,Pokhara,38,66978,2536.59,131.46,542,1285,12,8,1.32,Standard,One Year,Android,Poor,No,3,1,1,0.9956208035615561,99.56208035615562,Very High Risk
49,Female,Chitwan,3,85480,5837.62,4.8,1654,854,14,9,2.38,Basic,One Year,Android,Average,Yes,1,1,1,0.9954342055677722,99.54342055677722,Very High Risk
53,Male,Biratnagar,23,71310,4063.09,8.09,882,720,14,8,2.58,Premium,Monthly,iPhone,Average,No,0,1,1,0.9953353920779036,99.53353920779035,Very High Risk
29,Male,Kathmandu,74,223990,6146.13,116.01,430,1084,14,4,2.38,Standard,Monthly,Android,Good,Yes,2,1,1,0.9952018262518482,99.52018262518482,Very High Risk
23,Female,Chitwan,55,136585,2357.14,41.01,2311,796,7,9,2.07,Basic,Monthly,Android,Poor,No,3,1,1,0.9949638899563185,99.49638899563185,Very High Risk
35,Male,Biratnagar,79,47843,5343.2,180.88,1739,44,9,9,2.0,Premium,Monthly,Android,Poor,No,3,1,1,0.9941538249340524,99.41538249340523,Very High Risk
43,Female,Lalitpur,79,135981,6168.43,183.26,1164,326,12,4,1.32,Standard,Monthly,Android,Good,Yes,0,1,1,0.9937164742657228,99.37164742657228,Very High Risk
31,Male,Biratnagar,112,216221,7295.73,136.83,903,374,7,7,1.17,Basic,One Year,iPhone,Poor,Yes,2,1,1,0.9936035685626836,99.36035685626837,Very High Risk
21,Male,Lalitpur,95,28630,4239.75,20.07,2293,927,13,4,1.63,Standard,Monthly,Android,Poor,No,2,1,1,0.99350258672925,99.350258672925,Very High Risk
54,Female,Butwal,82,170188,7482.64,4.87,573,1083,14,7,1.38,Basic,Two Year,Android,Good,Yes,0,1,1,0.9933863255501444,99.33863255501444,Very High Risk
49,Female,Butwal,39,111207,6659.0,49.97,390,161,13,4,1.85,Premium,One Year,Android,Excellent,No,0,1,1,0.9933270663936294,99.33270663936294,Very High Risk
24,Female,Chitwan,2,170405,4225.43,118.68,1537,1014,2,9,2.4,Basic,One Year,Android,Poor,No,3,1,1,0.9931760864165547,99.31760864165547,Very High Risk
18,Male,Butwal,10,215276,5126.13,53.58,1391,1341,14,4,2.27,Basic,Monthly,Android,Excellent,No,1,1,1,0.9929666351718929,99.29666351718929,Very High Risk
18,Male,Kathmandu,89,248247,7227.46,34.54,1977,818,11,8,1.77,Basic,Monthly,Feature Phone,Good,Yes,1,1,1,0.9929259135208818,99.29259135208818,Very High Risk
56,Male,Dharan,63,89487,6465.96,188.15,1541,65,12,3,1.05,Standard,Monthly,iPhone,Excellent,Yes,0,1,1,0.9925762720354472,99.25762720354471,Very High Risk
64,Male,Lalitpur,67,165093,6777.67,136.65,1949,311,9,3,1.3,Standard,Monthly,Android,Poor,Yes,1,1,1,0.9922524110101899,99.225241101019,Very High Risk
32,Male,Biratnagar,8,151732,4330.94,102.39,1517,259,10,4,1.66,Basic,Monthly,Android,Average,No,2,1,1,0.9921111961580114,99.21111961580114,Very High Risk
53,Female,Butwal,54,44154,6353.9,184.33,2377,1366,9,7,1.3,Standard,Monthly,Android,Average,Yes,3,1,1,0.992046998425563,99.2046998425563,Very High Risk
53,Female,Kathmandu,90,104667,6383.06,111.83,689,1208,2,8,2.19,Premium,Monthly,Feature Phone,Poor,Yes,0,1,1,0.9914975500643458,99.14975500643457,Very High Risk
27,Male,Biratnagar,2,122826,2731.6,136.09,1520,366,6,9,1.54,Premium,Monthly,Android,Excellent,No,2,1,1,0.9906899464856113,99.06899464856113,Very High Risk
65,Male,Butwal,15,25574,918.12,31.73,1584,557,3,9,2.46,Basic,Monthly,Android,Good,No,0,1,1,0.9901092190511203,99.01092190511203,Very High Risk
67,Female,Pokhara,13,133050,7823.76,177.06,1779,1409,11,5,1.55,Basic,One Year,Android,Good,No,3,1,1,0.989793440732807,98.9793440732807,Very High Risk
65,Female,Bhaktapur,87,220826,1615.04,61.48,1644,808,11,7,2.49,Standard,Monthly,Feature Phone,Average,No,3,1,1,0.9895533993777862,98.95533993777862,Very High Risk
28,Male,Chitwan,69,57405,6343.2,193.9,1701,269,14,3,1.16,Premium,Monthly,iPhone,Excellent,No,3,1,1,0.9893924718205914,98.93924718205915,Very High Risk
60,Male,Butwal,20,34318,2479.71,167.93,1027,911,5,8,1.84,Standard,Monthly,iPhone,Average,Yes,1,1,1,0.9891550070509162,98.91550070509162,Very High Risk
55,Female,Dharan,12,67013,4168.51,142.04,85,1254,9,2,1.63,Basic,Two Year,Android,Poor,No,1,1,1,0.9888991214905501,98.88991214905502,Very High Risk
32,Male,Butwal,86,162954,3479.05,165.48,1759,1040,14,8,1.63,Premium,One Year,Android,Poor,No,4,1,1,0.9887607196803229,98.87607196803229,Very High Risk
59,Female,Biratnagar,25,29304,1445.42,35.95,1908,836,13,5,1.32,Premium,One Year,Android,Average,Yes,3,1,1,0.9887204765358931,98.8720476535893,Very High Risk
51,Male,Dharan,38,134915,5048.94,23.15,825,1130,12,8,1.47,Premium,One Year,Android,Average,Yes,0,1,1,0.9884425155223705,98.84425155223705,Very High Risk
66,Female,Bhaktapur,9,234038,2462.19,105.87,2476,1312,14,3,1.74,Basic,Two Year,Feature Phone,Good,No,2,1,1,0.9882916745594935,98.82916745594935,Very High Risk
48,Male,Chitwan,95,207163,5296.72,137.77,2222,395,5,9,2.12,Basic,Monthly,Feature Phone,Poor,No,3,1,1,0.9881843619538521,98.8184361953852,Very High Risk
34,Male,Biratnagar,4,198554,2535.19,122.99,1862,1235,6,7,1.41,Premium,One Year,Android,Excellent,No,2,1,1,0.9880590118383193,98.80590118383193,Very High Risk
56,Female,Bhaktapur,22,21245,3267.92,138.01,284,1113,9,7,2.23,Premium,Two Year,Android,Poor,Yes,5,1,1,0.9874820390732927,98.74820390732927,Very High Risk
30,Female,Lalitpur,100,106576,2968.08,29.43,2246,421,12,9,2.14,Basic,Monthly,Android,Excellent,No,1,1,1,0.9864792621500081,98.64792621500081,Very High Risk
47,Male,Kathmandu,6,248163,3168.84,181.49,2387,1041,6,9,3.79,Standard,Monthly,Android,Poor,No,5,1,1,0.9864661127785168,98.64661127785168,Very High Risk
49,Female,Biratnagar,70,74078,7550.91,152.03,1533,1460,9,7,1.08,Basic,Monthly,Android,Good,Yes,3,1,1,0.9859942796523472,98.59942796523472,Very High Risk
46,Male,Chitwan,2,119714,6478.66,89.3,1228,715,4,7,2.97,Standard,Monthly,Android,Average,No,1,1,1,0.9847170622835322,98.47170622835321,Very High Risk
24,Male,Bhaktapur,92,121505,7456.38,53.89,976,1014,6,8,2.28,Basic,Monthly,Android,Good,No,0,1,1,0.9841642572519236,98.41642572519235,Very High Risk
36,Male,Bhaktapur,41,79010,7322.95,119.03,1517,1333,9,5,2.25,Basic,Two Year,iPhone,Excellent,No,2,1,1,0.9839378957833574,98.39378957833574,Very High Risk
61,Male,Lalitpur,110,127408,6285.72,178.86,588,1028,5,8,1.26,Standard,Monthly,Android,Good,Yes,0,1,1,0.9837311530551703,98.37311530551703,Very High Risk
49,Male,Pokhara,56,100992,4094.12,180.06,1867,1359,12,9,1.66,Standard,Two Year,Feature Phone,Good,Yes,0,1,1,0.9833406445539012,98.33406445539012,Very High Risk
36,Male,Bhaktapur,33,154418,4491.0,26.34,1542,685,10,4,1.81,Premium,Monthly,Android,Good,No,2,1,1,0.9830626436119212,98.30626436119212,Very High Risk
23,Male,Bhaktapur,69,45595,6143.55,30.03,574,43,11,2,1.73,Basic,Monthly,Android,Good,No,0,1,1,0.9830085413796884,98.30085413796884,Very High Risk
53,Male,Butwal,4,22670,638.43,73.47,220,425,13,8,3.72,Standard,One Year,iPhone,Excellent,No,0,1,1,0.9828503805595328,98.28503805595328,Very High Risk
48,Male,Chitwan,2,31009,4719.74,165.43,1185,628,7,5,1.48,Standard,Two Year,Android,Good,No,0,1,1,0.9828288672267588,98.28288672267588,Very High Risk
42,Male,Pokhara,58,70613,2432.43,94.58,1617,1304,13,8,3.18,Premium,Monthly,Feature Phone,Poor,Yes,3,1,1,0.9821358647915809,98.21358647915808,Very High Risk
33,Female,Butwal,3,150698,893.04,164.73,810,908,1,6,1.97,Basic,Monthly,Android,Average,No,3,1,1,0.9821147989134202,98.21147989134202,Very High Risk
57,Female,Pokhara,111,137408,5915.73,166.34,401,1453,10,8,2.5,Standard,Monthly,Feature Phone,Poor,Yes,1,1,1,0.9816504167388936,98.16504167388936,Very High Risk
42,Male,Bhaktapur,28,128880,761.6,123.21,544,840,9,9,2.24,Premium,Two Year,Android,Good,No,2,1,1,0.9813889024266621,98.1388902426662,Very High Risk
55,Female,Butwal,117,173738,4363.13,120.99,1489,716,7,7,2.22,Standard,Monthly,Android,Poor,No,4,1,1,0.9812723276633643,98.12723276633642,Very High Risk
50,Male,Kathmandu,60,207965,5704.11,70.65,2125,1477,11,6,1.83,Premium,Monthly,Android,Good,Yes,3,1,1,0.9810901343752751,98.10901343752751,Very High Risk
41,Male,Kathmandu,47,235173,5364.84,83.41,764,1416,12,7,2.19,Premium,One Year,iPhone,Average,No,4,1,1,0.9806916166163284,98.06916166163285,Very High Risk
46,Male,Biratnagar,25,232624,4927.86,90.05,546,736,11,8,3.23,Standard,Monthly,Android,Average,Yes,3,1,1,0.9804774212134573,98.04774212134572,Very High Risk
21,Female,Chitwan,6,204627,3988.43,43.39,698,940,9,0,2.46,Basic,Monthly,iPhone,Average,No,4,1,1,0.9804077265064757,98.04077265064757,Very High Risk
59,Male,Pokhara,9,195793,1370.13,182.83,221,504,11,4,1.8,Standard,Two Year,Android,Average,No,4,1,1,0.9803225288933302,98.03225288933302,Very High Risk
41,Male,Kathmandu,31,81597,513.59,127.13,1228,1360,9,4,1.36,Standard,One Year,Android,Poor,No,2,1,1,0.9799964119191471,97.9996411919147,Very High Risk
28,Female,Kathmandu,46,79949,4249.83,122.37,747,1254,13,5,1.13,Basic,Two Year,Android,Excellent,No,0,1,1,0.9797643701834892,97.97643701834892,Very High Risk
39,Male,Kathmandu,69,182717,1284.78,42.91,572,1416,12,3,1.14,Basic,One Year,Feature Phone,Poor,No,2,1,1,0.9796589893600988,97.96589893600988,Very High Risk
39,Male,Dharan,20,27399,5850.96,53.21,627,407,10,6,1.35,Standard,One Year,Android,Excellent,Yes,3,1,1,0.9785137142331234,97.85137142331234,Very High Risk
36,Male,Kathmandu,10,183521,2707.2,163.47,1633,76,0,5,2.09,Standard,Monthly,Android,Average,Yes,3,1,1,0.9782164302069799,97.82164302069799,Very High Risk
66,Male,Pokhara,62,203623,611.07,187.26,1942,1497,8,8,1.83,Standard,Monthly,Android,Average,Yes,4,1,1,0.9780308619997258,97.80308619997258,Very High Risk
51,Male,Dharan,51,98113,4474.21,51.24,1874,1339,13,6,1.04,Premium,One Year,Android,Average,No,3,1,1,0.9771158723329549,97.71158723329549,Very High Risk
43,Female,Bhaktapur,8,71883,2468.06,133.05,786,825,9,3,2.18,Basic,One Year,Feature Phone,Average,Yes,1,1,1,0.9764226617500744,97.64226617500744,Very High Risk
69,Female,Chitwan,45,106713,5819.73,65.97,1444,185,12,9,1.77,Standard,One Year,iPhone,Good,No,1,1,1,0.9759126181641251,97.59126181641251,Very High Risk
47,Male,Kathmandu,63,229019,1792.93,65.53,2265,827,4,9,1.26,Premium,Monthly,Android,Poor,No,5,1,1,0.975081961107528,97.50819611075279,Very High Risk
30,Female,Dharan,11,20209,7666.38,113.4,1399,450,5,2,1.24,Standard,Monthly,iPhone,Average,Yes,4,1,1,0.9748810211935206,97.48810211935206,Very High Risk
59,Male,Lalitpur,70,248084,6792.87,55.25,654,1445,3,9,1.38,Basic,Monthly,Android,Good,Yes,0,1,1,0.9746757254108056,97.46757254108056,Very High Risk
36,Male,Lalitpur,25,70110,6937.32,57.9,74,1493,12,4,2.75,Standard,Monthly,Feature Phone,Average,No,1,1,1,0.9746015858743214,97.46015858743215,Very High Risk
41,Male,Kathmandu,27,166222,690.85,30.89,2369,488,13,1,1.26,Standard,Monthly,Android,Good,Yes,1,1,1,0.9743559137582825,97.43559137582824,Very High Risk
43,Male,Pokhara,95,106928,2422.2,99.06,853,1343,12,7,2.16,Basic,Monthly,Android,Good,Yes,2,1,1,0.9740634072446243,97.40634072446242,Very High Risk
49,Female,Bhaktapur,69,51498,2816.35,53.23,257,1092,10,9,1.03,Premium,Monthly,iPhone,Average,No,5,1,1,0.9733906690099587,97.33906690099587,Very High Risk
63,Male,Butwal,21,208726,994.21,93.3,126,856,11,0,1.38,Standard,Monthly,Android,Average,No,1,1,1,0.973306716498415,97.3306716498415,Very High Risk
52,Male,Kathmandu,8,171786,1521.89,62.9,626,857,3,9,4.18,Standard,Monthly,Android,Excellent,Yes,0,1,1,0.9723053150050982,97.23053150050983,Very High Risk
44,Male,Kathmandu,26,110555,6422.96,140.86,933,1181,0,9,2.12,Basic,Monthly,Android,Poor,Yes,0,1,1,0.971917059519736,97.19170595197359,Very High Risk
25,Male,Pokhara,71,200467,6231.83,117.51,1324,717,11,8,1.62,Standard,One Year,Feature Phone,Average,No,4,1,1,0.9710172940139593,97.10172940139593,Very High Risk
29,Female,Chitwan,115,94489,5335.95,119.38,1111,1137,8,8,1.3,Basic,Monthly,Android,Average,Yes,4,1,1,0.9708427932727359,97.08427932727359,Very High Risk
29,Female,Butwal,110,166965,4157.89,178.36,1828,579,9,8,1.17,Premium,Monthly,Android,Average,No,5,1,1,0.9703069408444696,97.03069408444695,Very High Risk
27,Male,Butwal,118,49550,7338.3,130.72,1195,927,12,7,1.49,Standard,Two Year,Android,Good,Yes,5,1,1,0.9700697386976427,97.00697386976427,Very High Risk
18,Female,Lalitpur,33,120854,4536.46,104.68,631,1328,12,3,1.69,Standard,Monthly,Android,Good,Yes,3,1,1,0.9691259355953721,96.91259355953721,Very High Risk
53,Male,Dharan,15,62215,7478.58,198.04,31,865,10,8,4.71,Basic,One Year,Android,Poor,No,2,1,1,0.9688940410461926,96.88940410461926,Very High Risk
60,Male,Chitwan,11,144579,1879.05,121.6,749,1441,11,6,2.41,Basic,Two Year,iPhone,Good,No,4,1,1,0.9683649176043692,96.83649176043691,Very High Risk
31,Male,Lalitpur,96,220722,1484.12,171.56,1441,540,10,9,1.08,Basic,One Year,iPhone,Average,Yes,1,1,1,0.9683633626258573,96.83633626258573,Very High Risk
28,Female,Pokhara,51,189708,2886.22,130.03,1203,774,10,7,2.54,Basic,Monthly,Android,Average,No,0,1,1,0.9679573098893959,96.79573098893958,Very High Risk
65,Male,Chitwan,92,219092,7182.91,185.94,875,624,6,6,1.15,Premium,Monthly,iPhone,Good,Yes,4,1,1,0.9663581800913108,96.63581800913109,Very High Risk
41,Female,Dharan,7,212927,6924.26,28.05,2171,1172,11,8,3.74,Standard,One Year,Android,Excellent,No,2,1,1,0.9663216776001486,96.63216776001487,Very High Risk
63,Female,Chitwan,23,245825,6005.55,198.89,264,661,10,4,3.19,Basic,Monthly,Feature Phone,Average,No,0,1,1,0.9654820767854524,96.54820767854524,Very High Risk
50,Female,Lalitpur,72,85888,7419.67,138.96,518,211,7,5,1.93,Standard,Monthly,Android,Average,No,4,1,1,0.9650242069444055,96.50242069444054,Very High Risk
47,Female,Biratnagar,1,208704,6424.14,110.43,753,1413,9,7,3.97,Premium,Two Year,Android,Good,No,1,1,1,0.9647145544015232,96.47145544015233,Very High Risk
65,Male,Dharan,5,192687,4828.42,157.47,2352,767,10,9,3.05,Standard,One Year,Android,Good,Yes,3,1,1,0.964609325825278,96.4609325825278,Very High Risk
27,Female,Lalitpur,42,47007,3057.63,141.3,1565,1385,14,6,1.46,Premium,Two Year,Android,Good,Yes,4,1,1,0.9645125349678494,96.45125349678494,Very High Risk
69,Male,Pokhara,9,50628,4969.61,90.98,1007,475,12,7,4.35,Basic,Monthly,Android,Good,No,3,1,1,0.9645114423136977,96.45114423136977,Very High Risk
57,Female,Biratnagar,107,105501,4095.62,24.16,1823,92,12,7,2.38,Standard,One Year,iPhone,Average,Yes,2,1,1,0.9643135980817743,96.43135980817743,Very High Risk
35,Male,Lalitpur,72,230494,6738.19,181.32,2423,1029,13,6,2.91,Basic,Monthly,Android,Average,No,2,1,1,0.9625217183561314,96.25217183561314,Very High Risk
43,Female,Lalitpur,28,147602,6880.84,126.27,841,1062,3,3,2.0,Standard,Monthly,iPhone,Average,Yes,2,1,1,0.9622778434598357,96.22778434598357,Very High Risk
64,Female,Butwal,9,245481,4843.36,84.15,764,1381,0,9,3.9,Standard,Two Year,iPhone,Good,Yes,0,1,1,0.9621148428944974,96.21148428944974,Very High Risk
62,Female,Bhaktapur,18,156278,3719.91,55.95,974,1098,5,2,1.26,Premium,Monthly,iPhone,Good,No,2,1,1,0.9618912211451238,96.18912211451239,Very High Risk
47,Female,Dharan,11,163710,5114.21,153.24,2066,95,3,3,1.21,Basic,Monthly,Android,Excellent,Yes,1,1,1,0.9617244564623266,96.17244564623266,Very High Risk
45,Male,Kathmandu,119,37821,2085.5,26.14,1027,1017,14,4,1.1,Basic,Monthly,Android,Average,No,5,1,1,0.9616198987417349,96.16198987417349,Very High Risk
57,Male,Lalitpur,89,67734,3107.0,164.21,218,438,6,8,2.48,Standard,Monthly,Android,Good,No,1,1,1,0.9612133165875317,96.12133165875318,Very High Risk
32,Female,Butwal,10,86920,5322.6,186.9,391,283,13,9,3.43,Basic,One Year,Feature Phone,Good,Yes,3,1,1,0.9607482347313986,96.07482347313986,Very High Risk
68,Male,Bhaktapur,13,166154,5790.22,99.84,1632,447,0,8,1.34,Basic,Monthly,Android,Excellent,No,4,1,1,0.960544380279852,96.0544380279852,Very High Risk
44,Female,Chitwan,13,35185,4209.48,87.36,1885,964,13,6,2.87,Basic,Two Year,Android,Average,Yes,3,1,1,0.9604271839181929,96.04271839181929,Very High Risk
42,Male,Bhaktapur,58,72243,7734.67,169.41,333,1363,12,7,3.91,Standard,Monthly,Android,Good,No,0,1,1,0.9603756802375736,96.03756802375736,Very High Risk
62,Male,Dharan,2,156611,945.04,89.48,43,1139,13,3,2.78,Standard,One Year,iPhone,Average,Yes,3,1,1,0.960336938491429,96.03369384914289,Very High Risk
66,Male,Lalitpur,35,67176,2570.65,174.61,873,568,10,4,1.31,Standard,Monthly,iPhone,Good,Yes,4,1,1,0.9594845109132754,95.94845109132754,Very High Risk
47,Male,Lalitpur,100,135188,6008.03,61.24,691,48,7,7,1.3,Premium,Monthly,iPhone,Excellent,No,4,1,1,0.9589402505778808,95.89402505778808,Very High Risk
52,Male,Lalitpur,77,184342,5169.7,135.57,2048,1344,9,6,2.49,Basic,Monthly,Android,Excellent,Yes,3,1,1,0.9588467689252597,95.88467689252596,Very High Risk
54,Female,Lalitpur,3,40389,1258.16,136.98,2095,431,0,9,4.1,Premium,Monthly,iPhone,Average,No,5,1,1,0.957410439624367,95.7410439624367,Very High Risk
23,Female,Pokhara,79,155797,2886.14,26.42,724,98,13,1,1.36,Basic,Monthly,Android,Good,Yes,3,1,1,0.9565692646774602,95.65692646774602,Very High Risk
52,Female,Chitwan,88,43762,7153.3,167.36,2219,23,11,9,1.43,Standard,Two Year,Android,Average,No,5,1,1,0.9561112698923857,95.61112698923857,Very High Risk
64,Male,Biratnagar,96,121827,2957.41,80.57,783,1175,11,3,1.59,Standard,Monthly,iPhone,Average,No,1,1,1,0.9560482312987436,95.60482312987436,Very High Risk
53,Male,Kathmandu,57,47213,1028.79,108.67,2470,685,6,8,1.18,Standard,One Year,Feature Phone,Poor,No,4,1,1,0.9553017254154227,95.53017254154227,Very High Risk
35,Female,Kathmandu,2,57310,1475.2,166.01,195,1400,3,5,2.44,Standard,Monthly,Android,Average,No,5,1,1,0.9552250683579516,95.52250683579516,Very High Risk
55,Male,Biratnagar,32,162108,1991.88,141.38,198,1187,12,2,1.73,Standard,Two Year,iPhone,Good,No,1,1,1,0.9549618181709263,95.49618181709263,Very High Risk
65,Female,Kathmandu,11,153268,1641.31,45.65,2224,46,14,4,3.59,Premium,Monthly,iPhone,Average,Yes,1,1,1,0.9546730531171389,95.46730531171389,Very High Risk
57,Male,Dharan,7,140938,4768.3,131.49,1783,1328,5,6,3.59,Standard,Monthly,Android,Average,Yes,3,1,1,0.9534090029736969,95.34090029736969,Very High Risk
64,Male,Lalitpur,5,20148,5120.69,187.2,2452,721,6,9,4.68,Premium,One Year,Android,Good,Yes,5,1,1,0.9528907250146279,95.28907250146278,Very High Risk
42,Female,Chitwan,1,166903,1299.2,29.87,581,1461,9,9,4.79,Standard,Monthly,Feature Phone,Good,No,3,1,1,0.9526291363536858,95.26291363536859,Very High Risk
59,Male,Lalitpur,54,123157,1142.22,64.87,640,802,7,1,1.07,Standard,Monthly,iPhone,Poor,No,4,1,1,0.9520000117577792,95.20000117577791,Very High Risk
24,Male,Dharan,5,67965,5499.6,193.42,1370,447,3,4,4.37,Premium,Monthly,iPhone,Poor,No,3,1,1,0.9507893302136022,95.07893302136023,Very High Risk
29,Female,Lalitpur,31,196554,1730.23,5.4,1104,487,11,2,1.92,Standard,Monthly,iPhone,Average,No,5,1,1,0.9505354547836172,95.05354547836173,Very High Risk
54,Female,Kathmandu,104,49545,4241.55,177.14,2487,327,12,6,2.18,Basic,Monthly,iPhone,Good,No,1,1,1,0.9504564665035231,95.04564665035231,Very High Risk
39,Male,Biratnagar,2,39239,6094.19,58.88,115,1221,0,3,1.33,Premium,Monthly,Feature Phone,Average,Yes,0,1,1,0.9491753841482529,94.91753841482529,Very High Risk
57,Male,Butwal,101,171606,2421.13,85.41,1984,883,3,7,1.92,Standard,Monthly,iPhone,Average,No,1,1,1,0.9488581612938412,94.88581612938411,Very High Risk
60,Female,Kathmandu,87,101542,5381.5,124.87,88,1077,10,7,1.59,Basic,One Year,iPhone,Average,Yes,3,1,1,0.9482458700752413,94.82458700752413,Very High Risk
62,Male,Chitwan,69,100981,6570.07,81.5,842,1036,10,5,1.69,Standard,One Year,Android,Average,Yes,5,1,1,0.94809591139905,94.80959113990501,Very High Risk
63,Female,Biratnagar,44,185404,2015.62,177.71,1713,95,9,6,2.15,Premium,One Year,Android,Average,Yes,3,1,1,0.9479220588547975,94.79220588547975,Very High Risk
29,Male,Lalitpur,4,185051,2344.94,147.0,1732,176,1,9,4.19,Standard,Monthly,Android,Good,No,5,1,1,0.9476295746629065,94.76295746629066,Very High Risk
68,Male,Lalitpur,2,22015,2728.22,115.74,823,693,4,7,4.14,Basic,Monthly,iPhone,Excellent,Yes,4,1,1,0.9471061733886118,94.71061733886118,Very High Risk
69,Male,Biratnagar,56,243232,7420.11,152.2,1950,704,12,5,3.73,Premium,Monthly,Feature Phone,Poor,No,2,1,1,0.9467550710352376,94.67550710352376,Very High Risk
56,Female,Pokhara,114,197408,4936.32,47.29,1955,296,9,8,1.91,Premium,Two Year,iPhone,Average,Yes,3,1,1,0.9457400877151013,94.57400877151014,Very High Risk
53,Female,Dharan,89,233869,4450.69,131.86,2122,1405,8,2,2.41,Premium,Monthly,iPhone,Poor,No,4,1,1,0.9455153923866864,94.55153923866864,Very High Risk
54,Female,Bhaktapur,14,130545,6250.29,123.17,1114,1093,10,5,4.52,Standard,Monthly,Android,Good,No,2,1,1,0.9455063023956362,94.55063023956362,Very High Risk
32,Female,Butwal,90,199949,2580.1,176.71,1633,617,10,1,1.75,Standard,Monthly,Android,Average,Yes,0,1,1,0.944296117699629,94.42961176996289,Very High Risk
58,Female,Butwal,112,65708,891.84,4.65,2258,1424,12,3,1.14,Basic,Monthly,iPhone,Average,No,1,1,1,0.943860786186577,94.38607861865769,Very High Risk
58,Female,Chitwan,85,225235,5661.75,82.95,1493,216,7,9,1.78,Premium,Two Year,iPhone,Excellent,No,1,1,1,0.9416443542249432,94.16443542249432,Very High Risk
66,Female,Lalitpur,97,192224,5543.92,127.49,2234,1269,14,5,2.25,Basic,Two Year,Feature Phone,Average,No,4,1,1,0.9415175754346174,94.15175754346174,Very High Risk
42,Male,Chitwan,90,98467,6261.55,2.12,2333,195,4,5,2.49,Basic,One Year,Android,Average,Yes,2,1,1,0.9403132923616727,94.03132923616727,Very High Risk
42,Female,Lalitpur,27,54413,2494.21,21.76,348,609,11,4,2.21,Standard,One Year,Android,Good,No,5,0,1,0.9397950299635043,93.97950299635043,Very High Risk
28,Male,Biratnagar,106,181327,3080.57,158.51,1810,369,12,6,1.36,Standard,One Year,Android,Excellent,No,3,1,1,0.9397324704459492,93.97324704459493,Very High Risk
25,Female,Kathmandu,90,173817,1533.22,36.47,904,446,13,8,3.75,Premium,Monthly,iPhone,Excellent,No,0,1,1,0.9391127073607121,93.9112707360712,Very High Risk
32,Female,Biratnagar,18,99071,7884.83,40.16,2187,1040,7,2,1.59,Standard,One Year,Android,Good,Yes,4,1,1,0.937617212339878,93.7617212339878,Very High Risk
56,Male,Pokhara,93,156327,7128.72,122.07,807,97,12,0,2.06,Basic,One Year,iPhone,Good,No,0,1,1,0.9362651301375952,93.62651301375952,Very High Risk
55,Male,Bhaktapur,33,194378,1561.64,143.29,2322,1038,12,9,4.36,Standard,Monthly,iPhone,Average,No,1,1,1,0.9354275151669642,93.54275151669643,Very High Risk
35,Male,Butwal,92,33746,7297.94,26.59,624,1094,8,4,2.43,Premium,Two Year,Android,Good,No,3,1,1,0.934742331849094,93.47423318490941,Very High Risk
67,Male,Biratnagar,118,25295,1912.76,86.82,1997,952,14,6,1.04,Standard,Two Year,Feature Phone,Average,Yes,5,1,1,0.9329846744507129,93.29846744507128,Very High Risk
62,Male,Pokhara,2,101678,575.53,43.59,1634,74,11,4,3.09,Premium,Monthly,iPhone,Good,No,4,1,1,0.9321239515538315,93.21239515538315,Very High Risk
21,Male,Butwal,57,67850,947.19,114.72,473,763,14,0,1.92,Premium,Monthly,Android,Excellent,No,3,1,1,0.9320239682809667,93.20239682809667,Very High Risk
53,Male,Biratnagar,108,87945,6474.93,86.86,2010,274,3,4,2.42,Basic,Monthly,iPhone,Average,No,1,1,1,0.9313489659500104,93.13489659500104,Very High Risk
39,Female,Bhaktapur,67,225888,2942.81,45.33,2241,495,9,1,1.62,Standard,Monthly,iPhone,Good,Yes,1,1,1,0.9313231921265893,93.13231921265893,Very High Risk
35,Male,Chitwan,1,149344,5628.82,17.84,38,700,2,3,3.73,Basic,Two Year,Android,Poor,No,4,1,1,0.9262656177620575,92.62656177620575,Very High Risk
68,Female,Biratnagar,61,196719,6047.06,17.84,435,1325,3,8,2.22,Basic,Two Year,Android,Average,No,3,1,1,0.9257083520518774,92.57083520518773,Very High Risk
45,Female,Lalitpur,77,46425,6575.94,150.52,1003,182,6,8,2.57,Premium,Monthly,Feature Phone,Good,No,0,1,1,0.9246646069814247,92.46646069814247,Very High Risk
60,Female,Pokhara,21,190537,6534.81,102.5,2263,1259,10,8,3.9,Standard,Monthly,Android,Average,No,5,1,1,0.9243541852340917,92.43541852340917,Very High Risk
47,Male,Dharan,57,93741,4495.34,34.63,2077,927,5,6,1.2,Basic,Monthly,Feature Phone,Good,No,4,1,1,0.9242973836376066,92.42973836376066,Very High Risk
59,Male,Butwal,74,219494,2393.23,53.24,127,1398,9,2,2.38,Basic,Monthly,iPhone,Average,No,4,1,1,0.9241131285311535,92.41131285311535,Very High Risk
20,Male,Kathmandu,49,150833,4222.28,111.16,490,1085,11,3,1.77,Premium,Monthly,iPhone,Good,Yes,5,1,1,0.9237287451343634,92.37287451343634,Very High Risk
63,Female,Bhaktapur,116,141844,3075.65,143.95,1709,806,2,7,1.72,Standard,Monthly,iPhone,Average,Yes,3,0,1,0.9233145059631102,92.33145059631102,Very High Risk
57,Female,Biratnagar,18,135492,6104.87,24.3,1219,1428,13,6,4.01,Basic,Two Year,Android,Excellent,No,5,1,1,0.9224788693500591,92.24788693500591,Very High Risk
55,Male,Lalitpur,11,79052,741.24,8.19,1416,763,7,4,1.02,Premium,One Year,iPhone,Good,Yes,5,1,1,0.9222346996815343,92.22346996815342,Very High Risk
19,Female,Bhaktapur,63,97475,2399.4,92.82,1126,1194,10,5,2.3,Premium,One Year,iPhone,Excellent,Yes,3,1,1,0.9221236762716849,92.21236762716849,Very High Risk
44,Male,Biratnagar,113,216701,3917.12,115.0,1457,1039,13,3,2.32,Standard,Two Year,Feature Phone,Good,No,1,1,1,0.9219418066708557,92.19418066708556,Very High Risk
30,Female,Bhaktapur,1,193101,7745.75,93.44,233,498,12,2,3.6,Basic,One Year,Android,Good,No,4,1,1,0.921254474436232,92.1254474436232,Very High Risk
50,Female,Kathmandu,120,188651,1294.37,71.74,2041,1360,9,9,2.35,Basic,Two Year,Android,Excellent,Yes,4,1,1,0.9187178776762017,91.87178776762018,Very High Risk
67,Female,Butwal,61,24008,7997.27,78.35,845,891,6,5,1.57,Premium,Two Year,Android,Average,No,5,1,1,0.91850172293337,91.850172293337,Very High Risk
43,Male,Pokhara,19,67573,3414.92,98.84,2275,932,1,2,2.38,Basic,Monthly,Android,Average,Yes,3,1,1,0.9166601800904755,91.66601800904755,Very High Risk
67,Female,Dharan,24,34716,2195.74,1.13,2359,62,2,4,1.16,Basic,Monthly,Android,Average,No,3,1,1,0.9163992468695387,91.63992468695386,Very High Risk
43,Male,Bhaktapur,108,24331,6430.27,57.85,2166,61,6,5,2.43,Basic,Two Year,Android,Average,No,4,1,1,0.9148453130783767,91.48453130783767,Very High Risk
40,Male,Pokhara,24,163190,4383.84,43.09,975,208,10,4,2.62,Standard,Two Year,Android,Poor,Yes,0,1,1,0.913840063341038,91.3840063341038,Very High Risk
38,Male,Chitwan,36,158579,6163.1,6.41,2493,742,10,1,1.57,Basic,Two Year,Android,Good,No,2,1,1,0.9137428427199997,91.37428427199997,Very High Risk
41,Male,Dharan,86,191172,7644.82,161.87,643,1375,5,2,2.0,Basic,Monthly,Android,Excellent,Yes,3,1,1,0.9110073869112418,91.10073869112418,Very High Risk
68,Male,Dharan,97,249354,4308.88,11.36,2470,1434,6,4,1.64,Standard,Monthly,Android,Excellent,No,1,1,1,0.9101436167657935,91.01436167657934,Very High Risk
45,Female,Chitwan,26,73010,5344.73,185.05,1525,999,8,0,1.81,Basic,One Year,Android,Poor,Yes,3,1,1,0.908691955915675,90.8691955915675,Very High Risk
29,Female,Chitwan,87,220252,2423.33,150.57,221,697,9,9,3.19,Standard,Monthly,Android,Excellent,No,0,1,1,0.9080696947185555,90.80696947185555,Very High Risk
23,Female,Bhaktapur,35,113190,4569.11,29.87,1181,614,8,6,2.98,Premium,Monthly,Android,Average,Yes,0,1,1,0.9080127489926784,90.80127489926784,Very High Risk
34,Male,Chitwan,69,95147,6401.96,73.98,2495,755,10,7,3.01,Basic,One Year,Feature Phone,Poor,No,1,1,1,0.9073118900585199,90.73118900585199,Very High Risk
57,Female,Dharan,3,105820,6987.97,10.95,2495,991,3,2,2.93,Basic,Two Year,Android,Excellent,Yes,1,1,1,0.9054603878018562,90.54603878018563,Very High Risk
22,Female,Pokhara,109,24507,5863.07,52.69,384,330,14,9,3.3,Premium,Monthly,iPhone,Average,Yes,4,1,1,0.9034771864503481,90.34771864503482,Very High Risk
19,Male,Butwal,93,190363,730.81,8.62,1333,698,13,7,3.79,Standard,Monthly,iPhone,Good,No,0,1,1,0.9027769279781324,90.27769279781323,Very High Risk
34,Male,Lalitpur,16,68458,4814.6,45.04,769,1405,2,8,3.16,Standard,Monthly,Android,Good,No,4,1,1,0.9026422320728701,90.264223207287,Very High Risk
30,Female,Dharan,59,238782,1449.22,134.52,1409,263,2,8,1.89,Standard,One Year,Feature Phone,Excellent,No,3,0,1,0.9025283414342438,90.25283414342438,Very High Risk
57,Male,Bhaktapur,86,180390,3663.16,87.89,1348,983,8,8,1.12,Basic,Two Year,Android,Good,No,4,1,1,0.9015652726791462,90.15652726791463,Very High Risk
50,Male,Kathmandu,59,242297,6404.38,48.72,1089,743,13,9,3.27,Basic,Two Year,Android,Good,No,3,1,1,0.9015571670443357,90.15571670443357,Very High Risk
68,Female,Biratnagar,58,236194,2382.4,63.32,384,683,5,8,2.44,Standard,One Year,Android,Excellent,No,4,1,1,0.9006496322909697,90.06496322909697,Very High Risk
42,Male,Biratnagar,104,121975,2822.96,151.86,2023,643,1,4,1.85,Standard,Monthly,Android,Poor,Yes,1,1,1,0.9005698996546517,90.05698996546518,Very High Risk
47,Male,Butwal,83,190456,1410.99,31.64,1490,128,2,7,1.98,Premium,Monthly,Feature Phone,Average,No,2,1,1,0.8960465780415368,89.60465780415367,Very High Risk
55,Female,Butwal,7,83753,7612.32,6.34,835,67,4,2,4.43,Premium,Monthly,iPhone,Excellent,No,3,1,1,0.8957195597302637,89.57195597302638,Very High Risk
28,Female,Biratnagar,53,118315,3137.36,191.83,342,843,13,2,1.58,Standard,One Year,Android,Good,No,5,1,1,0.8932220764096869,89.32220764096868,Very High Risk
56,Male,Kathmandu,76,91939,2097.95,26.62,1473,945,4,6,2.11,Premium,One Year,Android,Poor,No,4,1,1,0.89296302490743,89.296302490743,Very High Risk
28,Male,Bhaktapur,92,88122,1044.1,112.39,807,1131,12,3,2.33,Basic,Monthly,Android,Good,No,5,1,1,0.8901647479480652,89.01647479480653,Very High Risk
59,Male,Dharan,43,241140,4382.59,152.8,2253,644,14,0,1.24,Standard,Two Year,iPhone,Average,Yes,1,1,1,0.886670852117879,88.6670852117879,Very High Risk
64,Female,Butwal,21,21391,5496.45,177.26,1997,213,8,1,1.3,Basic,One Year,iPhone,Good,Yes,1,1,1,0.8858079174141881,88.5807917414188,Very High Risk
48,Female,Dharan,83,43572,1374.52,35.79,604,792,8,8,1.47,Basic,One Year,Feature Phone,Good,Yes,4,1,1,0.8857731456883968,88.57731456883968,Very High Risk
66,Female,Dharan,57,132454,5029.08,112.14,2027,1082,1,6,2.03,Standard,One Year,iPhone,Poor,Yes,4,1,1,0.8828261688804653,88.28261688804653,Very High Risk
58,Male,Pokhara,30,83355,6689.76,54.33,763,1183,12,4,4.96,Premium,Monthly,iPhone,Average,Yes,1,1,1,0.8820134652209357,88.20134652209357,Very High Risk
40,Female,Bhaktapur,60,23271,5849.14,144.21,554,1346,4,4,2.07,Premium,One Year,iPhone,Average,No,0,0,1,0.8803944729828932,88.03944729828932,Very High Risk
31,Female,Butwal,106,230373,2398.64,40.55,1996,1185,2,8,1.8,Standard,One Year,Feature Phone,Average,No,1,1,1,0.8800646624495398,88.00646624495398,Very High Risk
21,Female,Dharan,80,30974,1351.73,15.81,447,947,6,9,1.84,Premium,One Year,Android,Good,No,2,1,1,0.8799381203909563,87.99381203909563,Very High Risk
28,Male,Bhaktapur,37,236351,6116.21,90.01,1913,1147,11,8,3.74,Basic,Two Year,Android,Poor,No,1,1,1,0.8789541206195982,87.89541206195982,Very High Risk
42,Female,Bhaktapur,64,150156,6739.93,124.59,199,208,13,2,3.76,Standard,Monthly,iPhone,Poor,Yes,3,1,1,0.8784659438989499,87.84659438989499,Very High Risk
69,Female,Kathmandu,50,131375,3751.59,21.7,342,226,0,6,1.18,Premium,Two Year,Android,Poor,Yes,2,1,1,0.876376125910098,87.6376125910098,Very High Risk
64,Male,Lalitpur,110,187499,3095.83,154.41,2302,523,7,7,2.1,Premium,Two Year,Android,Good,No,5,1,1,0.8749829030269829,87.4982903026983,Very High Risk
49,Male,Lalitpur,48,146270,3679.48,98.25,1090,1078,2,5,1.34,Basic,Two Year,Android,Excellent,No,2,1,1,0.8735884014257939,87.35884014257938,Very High Risk
22,Male,Kathmandu,17,58712,1753.49,39.67,1742,1466,2,9,2.78,Standard,One Year,Android,Good,No,1,0,1,0.8732985197796769,87.32985197796769,Very High Risk
42,Male,Biratnagar,5,230015,1211.53,172.54,635,1205,9,0,4.48,Standard,Monthly,Android,Good,No,1,1,1,0.8731858073561123,87.31858073561123,Very High Risk
62,Male,Biratnagar,69,200954,7197.51,104.08,2264,529,14,9,3.58,Basic,Monthly,Android,Good,No,4,1,1,0.872892541353168,87.2892541353168,Very High Risk
38,Male,Butwal,114,193108,6238.65,170.99,1257,1058,7,5,3.07,Basic,Monthly,Android,Poor,No,3,1,1,0.8723230842442795,87.23230842442796,Very High Risk
44,Female,Biratnagar,12,209123,1941.3,176.64,2485,1439,13,3,2.67,Basic,One Year,Feature Phone,Good,No,0,1,1,0.8713288487352814,87.13288487352814,Very High Risk
35,Male,Butwal,86,112264,1580.78,23.84,96,602,9,4,1.23,Basic,Two Year,Android,Excellent,Yes,3,1,1,0.869118734075076,86.9118734075076,Very High Risk
57,Male,Chitwan,4,179869,1647.82,96.43,468,1428,10,2,4.75,Basic,Monthly,Android,Excellent,Yes,3,1,1,0.8687959804880798,86.87959804880798,Very High Risk
61,Female,Biratnagar,103,112416,6424.81,109.01,106,655,13,4,3.35,Standard,Monthly,iPhone,Good,No,3,1,1,0.8669933952904688,86.69933952904688,Very High Risk
31,Male,Dharan,41,47228,5508.55,192.59,957,429,5,3,1.38,Standard,Monthly,Android,Good,Yes,0,1,1,0.8666949098876128,86.66949098876128,Very High Risk
36,Female,Chitwan,84,116160,3983.84,165.87,117,1239,10,3,1.62,Basic,One Year,iPhone,Average,Yes,0,1,1,0.8666624657622269,86.66624657622269,Very High Risk
62,Male,Biratnagar,120,138642,7782.33,21.65,2013,1248,7,2,1.78,Premium,Monthly,Android,Average,No,5,1,1,0.8658698513624057,86.58698513624057,Very High Risk
45,Female,Butwal,25,158570,3630.4,29.05,988,1329,10,8,4.23,Premium,Monthly,Android,Average,Yes,4,1,1,0.86517084287964,86.517084287964,Very High Risk
33,Male,Kathmandu,5,128730,3852.4,74.62,864,1057,9,1,4.04,Basic,Monthly,Feature Phone,Excellent,Yes,3,1,1,0.8647745492504808,86.47745492504808,Very High Risk
54,Male,Chitwan,36,109520,4719.81,20.22,2059,1161,2,5,1.13,Standard,One Year,Android,Average,Yes,3,1,1,0.8646502372349709,86.4650237234971,Very High Risk
69,Female,Pokhara,11,190842,5951.48,18.85,2020,969,5,2,2.19,Standard,Two Year,iPhone,Good,No,5,1,1,0.862534502556414,86.2534502556414,Very High Risk
27,Male,Biratnagar,93,101720,562.74,85.86,2099,467,13,5,3.62,Basic,Monthly,iPhone,Poor,No,2,1,1,0.8622715267860971,86.22715267860971,Very High Risk
57,Female,Kathmandu,24,142649,1849.22,158.14,1436,1184,13,2,2.74,Standard,Monthly,Android,Excellent,No,2,1,1,0.8611261770710378,86.11261770710378,Very High Risk
41,Male,Lalitpur,50,77450,5897.71,24.87,518,1351,14,2,4.59,Basic,Monthly,Android,Poor,Yes,0,1,1,0.8569729623971404,85.69729623971403,Very High Risk
43,Male,Biratnagar,104,69632,6351.94,42.12,918,30,8,8,3.45,Standard,Monthly,Feature Phone,Excellent,No,4,1,1,0.8564676647548111,85.6467664754811,Very High Risk
55,Female,Kathmandu,26,174195,4436.13,190.83,2468,546,7,2,1.7,Standard,One Year,Android,Good,No,3,1,1,0.856093158724269,85.6093158724269,Very High Risk
65,Male,Lalitpur,69,248024,3476.84,158.1,2370,755,10,5,1.53,Premium,One Year,Android,Excellent,No,4,1,1,0.8558398928535365,85.58398928535365,Very High Risk
46,Female,Chitwan,41,206800,6445.08,92.75,2098,140,1,4,1.93,Premium,One Year,Android,Good,No,4,0,1,0.8539118533437419,85.39118533437419,Very High Risk
26,Male,Chitwan,28,89893,5949.53,186.43,959,1407,13,7,4.34,Standard,Two Year,Android,Average,Yes,2,0,1,0.8532374567989012,85.32374567989012,Very High Risk
48,Male,Kathmandu,111,50844,7424.07,147.26,2016,1304,14,1,3.29,Basic,Monthly,iPhone,Average,Yes,0,1,1,0.8502921793768051,85.02921793768051,Very High Risk
21,Male,Pokhara,111,179511,1235.04,146.98,966,212,3,5,2.38,Premium,Monthly,Feature Phone,Average,No,1,1,1,0.8499294025146139,84.99294025146139,Very High Risk
41,Female,Pokhara,3,125584,923.01,35.77,1521,1398,11,3,3.12,Standard,Two Year,iPhone,Average,No,5,1,1,0.8481770806228273,84.81770806228272,Very High Risk
55,Male,Chitwan,9,246022,6901.1,27.1,1591,1347,0,4,4.72,Premium,Two Year,Android,Good,No,1,1,1,0.8473495360287047,84.73495360287046,Very High Risk
61,Female,Bhaktapur,116,134930,987.54,116.68,1444,599,7,5,2.42,Premium,Monthly,Feature Phone,Good,Yes,4,1,1,0.8466498115950349,84.6649811595035,Very High Risk
35,Male,Lalitpur,38,46370,7558.52,159.98,1249,393,2,3,1.28,Standard,Monthly,Feature Phone,Good,Yes,0,1,1,0.845702344387363,84.5702344387363,Very High Risk
59,Male,Butwal,78,199024,4536.03,27.91,1051,1006,9,5,3.05,Basic,Monthly,iPhone,Poor,Yes,3,1,1,0.8436670840140382,84.36670840140383,Very High Risk
18,Female,Butwal,58,117911,1043.17,140.25,1120,901,12,7,4.11,Premium,Monthly,Android,Average,No,4,1,1,0.8432847400570823,84.32847400570823,Very High Risk
29,Male,Butwal,70,209977,1852.67,107.04,2275,213,10,8,2.72,Standard,Monthly,Android,Good,Yes,1,1,1,0.8418902104635837,84.18902104635836,Very High Risk
24,Male,Butwal,94,21115,5861.08,44.8,1874,215,1,7,2.49,Premium,One Year,Android,Good,No,0,0,1,0.8391732221842172,83.91732221842172,Very High Risk
54,Female,Chitwan,42,198379,4006.92,24.86,2181,849,13,6,3.11,Basic,One Year,Android,Good,No,0,1,1,0.8385690327890575,83.85690327890575,Very High Risk
35,Male,Bhaktapur,58,146244,922.06,22.39,584,718,14,4,2.81,Premium,Monthly,Feature Phone,Good,No,1,1,1,0.8368055321297814,83.68055321297814,Very High Risk
19,Female,Chitwan,95,102806,558.38,4.13,1817,14,7,5,2.03,Premium,Two Year,iPhone,Good,Yes,0,1,1,0.8343145623487076,83.43145623487077,Very High Risk
23,Male,Biratnagar,120,172645,7482.94,146.17,239,697,6,9,3.29,Standard,Monthly,Android,Excellent,Yes,2,0,1,0.8333272278228859,83.3327227822886,Very High Risk
51,Male,Butwal,54,89103,6242.04,177.87,366,482,13,1,3.31,Basic,Monthly,Android,Average,Yes,4,1,1,0.8324316823660238,83.24316823660239,Very High Risk
24,Male,Kathmandu,58,193567,1761.95,54.96,1766,203,12,7,3.8,Standard,One Year,iPhone,Average,No,0,1,1,0.8306677169421146,83.06677169421147,Very High Risk
54,Male,Dharan,15,213209,7952.27,160.19,2169,268,14,1,4.25,Standard,Monthly,Android,Poor,No,5,1,1,0.8289941091355084,82.89941091355084,Very High Risk
21,Female,Biratnagar,32,92178,3252.49,59.48,2065,1417,13,6,3.03,Standard,Two Year,iPhone,Good,Yes,3,1,1,0.8262450756039266,82.62450756039266,Very High Risk
42,Female,Butwal,55,202792,6313.71,158.82,1207,219,5,0,2.33,Basic,Monthly,Android,Good,No,4,1,1,0.8258095526643887,82.58095526643888,Very High Risk
37,Female,Lalitpur,96,23088,5979.78,64.5,2459,949,13,4,3.32,Standard,Monthly,Android,Good,No,2,0,1,0.8253379223297163,82.53379223297162,Very High Risk
63,Female,Butwal,18,46745,7881.45,53.75,2450,1258,4,1,1.26,Standard,Two Year,Android,Good,Yes,5,1,1,0.8242971958900535,82.42971958900534,Very High Risk
41,Male,Dharan,82,137919,1224.13,84.9,439,1414,9,2,1.97,Premium,Monthly,Android,Good,No,4,1,1,0.8241895351977756,82.41895351977756,Very High Risk
34,Male,Lalitpur,91,123235,2394.21,131.69,866,227,14,9,4.91,Standard,Monthly,Feature Phone,Average,Yes,3,1,1,0.8240975625031373,82.40975625031372,Very High Risk
66,Male,Pokhara,106,93643,873.56,173.17,1769,1101,8,9,3.49,Standard,Monthly,iPhone,Average,Yes,4,1,1,0.8221053331405299,82.210533314053,Very High Risk
64,Male,Chitwan,87,137217,3743.36,51.52,1561,1370,12,9,3.99,Basic,Monthly,iPhone,Average,Yes,4,1,1,0.8180957440580419,81.80957440580418,Very High Risk
34,Male,Dharan,34,178696,1936.2,169.48,1501,1111,12,4,2.83,Basic,Monthly,iPhone,Good,Yes,3,1,1,0.8176714548986156,81.76714548986156,Very High Risk
68,Female,Biratnagar,109,75381,6666.58,109.87,411,943,1,9,2.3,Standard,Monthly,iPhone,Good,No,4,1,1,0.8168490328260773,81.68490328260773,Very High Risk
60,Female,Pokhara,93,198901,6188.06,167.71,474,459,10,7,4.06,Basic,Monthly,Feature Phone,Good,Yes,1,1,1,0.8151983232994282,81.51983232994282,Very High Risk
66,Female,Kathmandu,52,224335,2438.75,104.2,1968,995,8,8,4.82,Basic,Monthly,Android,Good,No,3,0,1,0.8151221638407347,81.51221638407347,Very High Risk
41,Female,Lalitpur,26,90799,2703.21,38.96,1762,338,6,7,4.31,Basic,Two Year,Android,Poor,No,4,1,1,0.8149275805532729,81.49275805532729,Very High Risk
41,Female,Pokhara,18,108697,5415.9,162.53,2441,291,9,3,3.41,Basic,Monthly,iPhone,Good,No,1,1,1,0.8125660179448115,81.25660179448116,Very High Risk
49,Male,Bhaktapur,6,219542,1938.77,177.49,2330,1461,9,1,3.59,Premium,Monthly,iPhone,Good,Yes,5,1,1,0.810839069278064,81.08390692780641,Very High Risk
52,Male,Chitwan,46,141943,5987.06,4.54,800,1265,1,9,2.41,Premium,Two Year,Android,Excellent,No,5,1,1,0.8107007026025984,81.07007026025984,Very High Risk
67,Female,Pokhara,54,193717,6617.82,150.2,616,1283,6,5,3.02,Basic,Monthly,Feature Phone,Average,No,2,1,1,0.8049104204467673,80.49104204467673,Very High Risk
27,Female,Kathmandu,7,204544,3123.88,94.15,579,307,7,3,3.42,Basic,Monthly,Android,Good,No,4,1,1,0.8030105851042358,80.30105851042359,Very High Risk
45,Male,Dharan,54,167214,7991.74,177.51,2442,591,4,6,4.02,Basic,Monthly,iPhone,Poor,Yes,1,1,1,0.8006549396497981,80.06549396497981,Very High Risk
33,Male,Biratnagar,18,51113,1777.75,83.79,1904,710,4,7,4.2,Basic,Monthly,Android,Excellent,Yes,4,1,1,0.7980884800959439,79.80884800959439,High Risk
46,Male,Kathmandu,41,178729,2394.26,146.01,2146,626,14,4,4.0,Basic,Monthly,iPhone,Good,No,0,1,1,0.7931717928262642,79.31717928262641,High Risk
24,Female,Chitwan,77,221762,3460.91,72.83,1131,112,5,7,1.56,Standard,One Year,iPhone,Excellent,No,5,0,1,0.7908298398154447,79.08298398154447,High Risk
31,Male,Chitwan,29,124180,5196.35,146.36,434,166,8,9,4.69,Basic,Monthly,Android,Good,No,2,1,1,0.7859161585951604,78.59161585951604,High Risk
23,Male,Bhaktapur,11,102600,2073.32,125.7,608,432,9,4,4.21,Basic,One Year,Feature Phone,Average,No,1,1,1,0.775513991921229,77.5513991921229,High Risk
68,Male,Biratnagar,116,139967,5539.19,10.1,826,1359,1,8,1.79,Premium,One Year,iPhone,Excellent,Yes,3,1,1,0.7746283575154286,77.46283575154285,High Risk
18,Male,Butwal,1,224986,2835.32,132.25,1268,15,12,2,4.13,Basic,Two Year,Android,Average,Yes,5,1,1,0.7713423663192247,77.13423663192248,High Risk
69,Male,Bhaktapur,42,123602,6745.12,120.8,2203,435,13,8,3.8,Standard,One Year,iPhone,Average,No,3,0,1,0.7701715941252136,77.01715941252137,High Risk
52,Female,Pokhara,35,211168,2477.57,86.61,613,838,5,2,1.66,Premium,Two Year,Android,Average,Yes,3,1,1,0.7622247576384603,76.22247576384603,High Risk
65,Female,Pokhara,19,36091,7063.41,169.14,1696,639,1,2,2.73,Standard,Monthly,Android,Average,No,5,1,1,0.7608191980064046,76.08191980064046,High Risk
21,Male,Butwal,2,212828,6826.9,116.08,895,520,4,1,3.41,Basic,Two Year,Android,Good,No,4,1,1,0.7537468540507578,75.37468540507578,High Risk
37,Male,Dharan,118,199357,7383.86,144.87,354,402,4,0,2.0,Standard,Monthly,Android,Average,No,1,1,1,0.752411215732263,75.2411215732263,High Risk
64,Male,Kathmandu,83,230536,7112.56,149.97,630,137,13,9,4.73,Standard,One Year,Feature Phone,Good,Yes,1,1,1,0.7522614914068209,75.22614914068208,High Risk
25,Male,Dharan,102,162744,1021.32,31.58,1927,1295,3,4,1.44,Basic,Monthly,Feature Phone,Excellent,No,1,0,1,0.7521613370192595,75.21613370192594,High Risk
38,Male,Pokhara,17,76131,5317.4,137.28,292,1403,4,7,4.8,Standard,Monthly,Android,Good,Yes,5,1,1,0.7477927166541868,74.77927166541868,High Risk
61,Male,Dharan,25,36375,6970.91,151.56,1881,1492,3,9,3.55,Premium,Two Year,Android,Excellent,No,3,1,1,0.7418795329951294,74.18795329951294,High Risk
30,Male,Lalitpur,113,43241,6551.75,40.42,2091,1091,10,6,3.51,Standard,Monthly,iPhone,Good,No,5,1,1,0.7414307806265319,74.14307806265319,High Risk
67,Male,Bhaktapur,119,60931,554.55,191.73,462,595,11,2,2.9,Standard,Monthly,iPhone,Poor,Yes,0,1,1,0.7395898830420752,73.95898830420752,High Risk
47,Female,Pokhara,97,166033,7490.77,141.3,1620,471,9,8,3.02,Basic,Two Year,Feature Phone,Excellent,No,1,1,1,0.7362698598024621,73.6269859802462,High Risk
37,Female,Biratnagar,68,113608,3847.15,38.18,2022,1076,9,3,1.13,Basic,One Year,Android,Average,No,5,0,1,0.7330584050398349,73.30584050398349,High Risk
46,Female,Dharan,26,188635,3491.31,73.49,1275,351,14,2,3.57,Standard,Monthly,Android,Average,No,2,0,1,0.7324537805307919,73.2453780530792,High Risk
54,Female,Lalitpur,42,26922,3584.41,163.04,199,262,6,1,2.35,Basic,Monthly,iPhone,Good,No,5,1,1,0.7307911915547735,73.07911915547734,High Risk
26,Female,Biratnagar,73,174404,3853.7,45.89,1294,1440,5,3,1.95,Standard,One Year,Feature Phone,Average,Yes,0,1,1,0.7305091398781404,73.05091398781404,High Risk
26,Female,Lalitpur,42,41274,4887.45,116.27,1741,1331,6,7,3.52,Standard,Monthly,iPhone,Good,No,4,1,1,0.7272228696343682,72.72228696343682,High Risk
18,Female,Chitwan,23,77175,598.07,61.78,158,717,1,6,4.19,Premium,Monthly,Feature Phone,Poor,No,2,1,1,0.723604239461448,72.3604239461448,High Risk
23,Female,Kathmandu,13,139712,3765.99,197.98,1614,1338,0,9,3.74,Premium,Two Year,Android,Excellent,No,3,0,1,0.7160113603757814,71.60113603757814,High Risk
25,Female,Biratnagar,45,123509,2778.55,7.73,611,568,5,5,3.2,Standard,Monthly,Android,Average,Yes,0,1,1,0.7133650630398536,71.33650630398536,High Risk
31,Female,Lalitpur,83,228271,6383.79,138.35,141,458,8,4,2.89,Basic,Monthly,Android,Excellent,Yes,1,1,1,0.7118540341917439,71.18540341917439,High Risk
46,Female,Bhaktapur,17,58889,2899.1,119.17,1949,269,13,0,3.39,Basic,Monthly,Feature Phone,Good,Yes,1,1,1,0.7078730424106938,70.78730424106938,High Risk
57,Male,Biratnagar,76,75162,6995.97,104.7,169,881,7,8,3.93,Basic,Monthly,iPhone,Good,Yes,2,1,1,0.7063782931360716,70.63782931360716,High Risk
47,Male,Butwal,25,187214,4404.28,10.72,740,1119,14,3,3.53,Standard,One Year,Android,Good,Yes,1,0,1,0.7040349010269193,70.40349010269193,High Risk
50,Male,Biratnagar,28,205964,2636.53,64.32,2100,1104,2,0,2.18,Premium,Monthly,Android,Excellent,No,3,1,1,0.70068958258745,70.068958258745,High Risk
43,Male,Dharan,23,155099,732.96,89.07,2036,487,6,7,3.57,Premium,Two Year,Feature Phone,Good,No,2,0,1,0.6942237408343463,69.42237408343463,High Risk
35,Male,Kathmandu,114,144121,2017.08,23.4,2121,597,5,0,2.15,Basic,One Year,Android,Poor,Yes,4,0,1,0.6929695702147604,69.29695702147603,High Risk
58,Male,Biratnagar,97,55036,3512.68,195.94,1893,531,7,6,3.34,Standard,Monthly,iPhone,Average,Yes,1,1,1,0.6928600205457707,69.28600205457707,High Risk
39,Female,Kathmandu,40,107793,5845.79,176.08,1385,887,1,7,3.27,Basic,Monthly,Android,Good,No,2,0,1,0.6927511960770005,69.27511960770005,High Risk
50,Male,Kathmandu,108,208883,4366.23,27.01,130,743,13,7,3.25,Standard,Two Year,iPhone,Excellent,No,3,0,1,0.6839466279166267,68.39466279166267,High Risk
56,Male,Dharan,53,133521,6140.92,136.33,350,1246,11,4,4.78,Standard,Monthly,iPhone,Average,Yes,5,1,1,0.6831738908916539,68.31738908916539,High Risk
53,Male,Pokhara,100,36911,4984.33,169.48,853,1353,14,6,4.56,Basic,Monthly,Android,Good,Yes,0,1,1,0.682929699596924,68.2929699596924,High Risk
50,Female,Chitwan,24,228851,6447.58,167.62,740,265,3,1,2.76,Premium,Monthly,iPhone,Average,No,0,1,1,0.6811706987935018,68.11706987935018,High Risk
58,Female,Lalitpur,29,120819,1907.96,77.61,1457,380,6,9,2.72,Premium,One Year,Android,Good,No,3,1,1,0.6795813846492263,67.95813846492264,High Risk
59,Male,Chitwan,25,123064,7926.99,131.24,1217,770,8,8,3.66,Basic,One Year,Android,Good,No,5,0,1,0.6776262274364382,67.76262274364382,High Risk
21,Female,Lalitpur,67,180371,5065.42,65.46,454,1081,2,5,1.54,Premium,One Year,Android,Excellent,Yes,5,0,1,0.670883695832422,67.0883695832422,High Risk
56,Male,Biratnagar,98,136062,6489.06,42.05,2432,1268,7,0,1.37,Basic,One Year,iPhone,Good,No,1,1,1,0.6703852553791039,67.03852553791039,High Risk
56,Male,Lalitpur,12,78601,2717.02,191.05,2173,1105,6,6,4.92,Standard,One Year,Android,Excellent,Yes,1,0,1,0.6671193758175475,66.71193758175475,High Risk
38,Female,Kathmandu,102,151832,690.66,94.18,278,638,0,6,2.15,Standard,Two Year,iPhone,Average,No,1,1,1,0.6658396808964548,66.58396808964548,High Risk
29,Female,Pokhara,5,98210,3027.52,21.01,1949,617,6,3,3.26,Basic,One Year,Android,Average,No,4,1,1,0.6582550178792899,65.82550178792899,High Risk
54,Male,Butwal,22,156986,1424.79,53.38,2394,734,14,5,4.19,Premium,One Year,Feature Phone,Good,No,4,1,1,0.6547019071950917,65.47019071950916,High Risk
42,Male,Butwal,94,70255,6617.49,176.43,2294,1412,2,1,1.07,Basic,Monthly,Android,Good,Yes,0,1,1,0.6537866127079206,65.37866127079207,High Risk
37,Female,Chitwan,82,76921,6668.88,72.72,355,178,3,8,2.97,Premium,Monthly,Feature Phone,Excellent,No,5,1,1,0.6534582985742309,65.34582985742308,High Risk
26,Female,Lalitpur,101,175146,6321.29,86.71,1693,483,0,3,1.93,Standard,One Year,Android,Good,No,1,0,1,0.652552853944992,65.2552853944992,High Risk
50,Male,Butwal,7,53892,5492.87,164.61,315,180,0,1,3.45,Basic,One Year,Android,Good,Yes,2,0,1,0.6522906906971849,65.22906906971849,High Risk
43,Male,Butwal,109,246280,7337.14,41.2,1951,1052,7,7,3.02,Standard,Two Year,iPhone,Good,No,0,1,1,0.6515066126418468,65.15066126418468,High Risk
69,Female,Bhaktapur,51,233341,5152.16,112.14,1627,484,11,0,2.06,Standard,Two Year,iPhone,Good,No,2,1,1,0.64981294813093,64.981294813093,High Risk
22,Male,Chitwan,114,238476,6560.58,126.02,435,1316,1,0,2.22,Standard,Monthly,iPhone,Average,No,0,1,1,0.6496700347588512,64.96700347588512,High Risk
22,Female,Pokhara,58,47862,2820.74,20.53,2388,1322,3,4,1.23,Premium,One Year,Android,Excellent,Yes,5,0,1,0.646777975777078,64.67779757770779,High Risk
65,Female,Lalitpur,33,59267,4127.07,134.96,2411,843,13,5,4.88,Premium,Monthly,iPhone,Good,No,3,1,1,0.6463359399107997,64.63359399107998,High Risk
45,Female,Butwal,39,119290,7625.52,187.46,453,133,13,5,4.39,Premium,One Year,Android,Poor,Yes,4,1,1,0.6342652779260789,63.42652779260789,High Risk
68,Female,Butwal,45,240386,1457.17,59.19,550,421,0,7,2.0,Standard,One Year,iPhone,Good,Yes,5,0,1,0.6315628714580135,63.15628714580135,High Risk
59,Male,Bhaktapur,84,101948,6476.36,45.24,439,1378,6,0,2.87,Premium,Monthly,iPhone,Poor,Yes,0,1,1,0.6310258449349656,63.10258449349656,High Risk
20,Female,Dharan,118,45762,4158.67,119.18,429,858,3,7,3.15,Standard,Monthly,Android,Average,Yes,0,0,1,0.6265404933289359,62.65404933289359,High Risk
40,Male,Kathmandu,76,138922,3714.99,138.08,861,489,8,8,4.48,Basic,Monthly,Android,Good,No,2,1,1,0.6205420999431094,62.05420999431094,High Risk
51,Male,Lalitpur,85,70298,7008.37,190.98,204,1056,9,9,3.53,Basic,Two Year,iPhone,Good,Yes,3,1,1,0.6083036877683231,60.83036877683231,High Risk
54,Female,Butwal,86,74555,1280.09,57.71,2065,1218,11,0,2.12,Standard,One Year,Feature Phone,Excellent,Yes,1,0,1,0.6055340987461302,60.55340987461302,High Risk
