Product_ID,Brand,Product_Age,Condition,Original_Price,Usage_Hours,Warranty_Remaining,Storage_GB,RAM_GB,Seller_Rating,Used_Price
1001,Asus,3,Fair,1948,857,6,512,8,3.0,1088.05
1002,Acer,3,Fair,2496,4987,8,256,8,3.0,1450.11
1003,Lenovo,3,Fair,517,3954,0,128,32,4.2,504.64
1004,Acer,4,Good,2073,3658,13,128,8,3.5,1247.35
1005,Acer,4,Fair,1467,9872,19,1024,8,4.8,814.49
1006,HP,6,Excellent,2500,1061,5,128,32,2.7,1600.9
1007,Lenovo,1,Good,957,3947,6,512,32,3.8,1028.01
1008,Lenovo,0,Excellent,2215,6826,9,256,4,4.8,1726.72
1009,Lenovo,3,Good,2405,3675,6,256,16,4.8,1616.4
1010,Acer,6,Good,797,9167,1,256,8,2.9,100.0
1011,Asus,1,Good,1074,2518,3,128,32,3.4,1190.48
1012,Lenovo,0,Fair,786,4298,20,256,4,4.0,617.45
1013,Apple,5,Good,2464,1101,16,1024,16,2.9,1647.9
1014,Acer,2,Good,1283,5344,0,1024,32,4.9,1159.76
1015,HP,4,Good,940,7219,9,1024,16,4.8,479.86
1016,Asus,5,Good,570,4166,18,128,16,2.9,259.22
1017,Apple,0,Good,1139,2945,14,256,8,2.8,1036.84
1018,Apple,5,Excellent,1801,9773,9,128,8,2.7,892.06
1019,HP,2,Good,518,8949,18,256,32,4.8,660.63
1020,Asus,6,Fair,2395,5416,11,512,16,3.0,1159.88
1021,Acer,0,Good,2105,522,23,512,32,3.5,2090.93
1022,Dell,5,Good,2122,6815,15,128,32,3.6,1522.44
1023,Asus,4,Good,2097,4366,8,1024,16,4.0,1254.87
1024,HP,4,Fair,1844,7649,14,128,32,2.7,1045.52
1025,Apple,1,Good,2159,6416,16,1024,16,3.1,1984.87
1026,Acer,5,Good,1924,2810,13,256,16,4.8,1089.03
1027,Asus,3,Excellent,1064,8744,17,1024,16,4.8,793.54
1028,Dell,5,Good,432,8169,1,1024,16,4.5,121.94
1029,Dell,6,Good,2459,1757,3,256,4,2.5,989.19
1030,Lenovo,0,Good,1951,2641,17,512,16,3.3,1713.56
1031,Lenovo,0,Good,1119,6863,6,256,8,4.1,1116.84
1032,HP,6,Good,883,3175,12,128,8,3.2,106.32
1033,Asus,5,Good,1372,3264,14,128,8,4.8,526.24
1034,Asus,6,Fair,706,2153,24,128,16,4.1,100.0
1035,Apple,2,Fair,856,8579,22,128,8,2.7,518.0
1036,Apple,6,Fair,730,5837,21,128,4,4.8,113.29
1037,Apple,4,Poor,624,3317,0,512,32,4.9,194.38
1038,Lenovo,6,Excellent,1879,1547,10,512,16,2.7,1267.96
1039,Asus,0,Excellent,1482,6109,9,1024,8,3.8,1525.52
1040,Asus,4,Excellent,1043,707,24,128,4,3.3,1005.25
1041,Dell,0,Good,1015,4652,4,256,32,3.5,1125.3
1042,Lenovo,1,Fair,594,1864,15,128,4,2.9,195.59
1043,Acer,3,Good,888,9517,10,512,8,3.9,352.15
1044,Lenovo,0,Poor,1649,9527,20,128,4,4.9,907.23
1045,Acer,4,Excellent,1502,9321,5,512,32,3.8,1108.34
1046,Dell,1,Poor,1547,2771,8,1024,8,2.7,913.41
1047,HP,0,Good,1641,6619,12,1024,32,4.1,1756.98
1048,Asus,2,Excellent,915,4062,23,1024,4,3.4,1052.56
1049,Dell,6,Good,2025,3277,7,512,16,4.6,1098.12
1050,Asus,3,Good,1527,3822,13,128,16,3.6,1185.09
1051,Apple,0,Good,792,5006,23,128,16,3.0,971.66
1052,HP,1,Good,1030,7363,0,256,16,3.0,764.36
1053,HP,2,Fair,2247,5154,16,512,32,4.4,1813.31
1054,Dell,5,Good,1379,9767,23,256,16,3.2,719.88
1055,HP,1,Good,833,908,4,1024,32,4.4,1310.45
1056,Acer,6,Good,677,9270,24,128,8,3.0,100.0
1057,HP,1,Fair,632,825,1,512,16,3.3,495.62
1058,Asus,2,Good,1952,7801,24,256,32,3.7,1631.6
1059,Asus,1,Good,1994,1316,23,256,16,4.9,1801.63
1060,Asus,2,Excellent,1513,4151,8,256,16,4.8,1428.95
1061,Asus,0,Excellent,425,2297,3,128,16,3.0,752.63
1062,Acer,2,Fair,1817,2906,16,128,32,3.4,1306.42
1063,Lenovo,2,Excellent,860,9070,16,128,4,2.9,710.74
1064,Apple,3,Good,1491,1072,20,512,16,3.8,1286.81
1065,Dell,2,Fair,1406,5734,17,128,16,3.7,738.6
1066,Asus,2,Excellent,2394,7583,15,512,8,4.8,1769.1
1067,HP,5,Good,890,2223,7,256,4,4.8,184.39
1068,Asus,0,Good,1472,8890,10,256,32,3.5,1322.56
1069,HP,6,Poor,615,324,20,1024,8,3.7,100.0
1070,Apple,3,Good,2123,9132,20,128,16,4.7,1488.82
1071,Apple,5,Fair,1992,1914,17,256,8,4.5,1051.11
1072,Apple,4,Good,558,1206,22,128,8,2.5,236.23
1073,HP,0,Excellent,1085,224,23,512,16,3.3,1520.62
1074,Asus,0,Good,2176,3346,9,256,4,3.6,1499.85
1075,Apple,4,Poor,2452,3031,12,128,4,3.1,1167.28
1076,Acer,6,Good,2243,3071,16,256,8,3.0,1104.25
1077,HP,2,Fair,1989,2117,17,256,16,2.6,1353.84
1078,HP,5,Fair,2096,7515,9,128,32,4.1,1223.19
1079,Asus,1,Good,2346,2515,15,256,8,3.2,1814.65
1080,HP,3,Good,2462,3196,19,256,32,2.6,2062.58
1081,HP,1,Good,1545,1709,4,256,8,3.1,1163.78
1082,Apple,4,Good,1981,817,12,256,8,4.5,1300.35
1083,Asus,0,Fair,2332,3661,17,512,16,4.6,1791.46
1084,Apple,6,Poor,2157,9308,16,256,16,3.7,802.03
1085,Apple,0,Good,2450,6882,8,1024,32,3.5,2164.32
1086,Asus,3,Good,1389,1148,13,256,32,4.9,1270.8
1087,Dell,0,Fair,1941,9649,16,128,4,3.0,1036.29
1088,Apple,0,Good,1516,8407,3,1024,16,3.0,1266.29
1089,Acer,3,Fair,892,8005,17,512,8,3.2,403.09
1090,Acer,5,Good,1019,5678,19,1024,8,2.9,440.3
1091,HP,5,Fair,2497,1720,23,1024,4,3.4,1283.53
1092,Acer,3,Excellent,1946,6648,23,1024,16,4.8,1750.21
1093,HP,6,Good,1262,7481,14,128,8,4.0,480.66
1094,Dell,4,Good,2091,4880,10,128,4,3.5,1122.48
1095,Asus,0,Good,2005,3892,11,128,4,4.8,1434.49
1096,Asus,6,Excellent,979,3041,8,512,8,2.6,381.1
1097,Asus,0,Fair,2290,5795,12,128,8,3.0,1686.12
1098,Acer,4,Fair,1675,6501,14,128,32,3.9,1074.23
1099,Dell,5,Good,2255,9269,14,1024,16,4.0,1244.89
1100,Acer,6,Excellent,1755,6297,4,128,32,2.6,1162.53
1101,Acer,2,Excellent,1562,5550,22,256,4,3.5,1159.59
1102,Dell,2,Good,756,9075,18,128,8,4.1,646.85
1103,Dell,2,Good,2024,8532,19,512,32,4.2,1798.54
1104,Dell,5,Good,2406,5974,24,512,4,4.1,1330.85
1105,Dell,5,Good,1269,1653,13,256,16,3.3,703.14
1106,Asus,4,Good,1285,1112,16,512,8,2.7,564.6
1107,Lenovo,0,Good,2401,8478,17,512,32,3.6,1933.5
1108,Lenovo,4,Good,1813,1981,20,1024,16,2.8,1184.9
1109,Dell,4,Poor,1683,6899,2,256,32,4.9,853.47
1110,Lenovo,5,Excellent,1019,4686,1,1024,4,3.7,474.5
1111,Lenovo,2,Fair,1282,8722,0,1024,16,3.3,570.64
1112,Dell,1,Good,1196,8530,9,128,32,4.4,1090.27
1113,Lenovo,0,Good,1696,6547,18,256,16,3.7,1519.74
1114,Acer,5,Fair,1018,2445,16,128,4,3.3,355.6
1115,HP,2,Fair,2234,175,11,128,16,4.5,1388.0
1116,HP,6,Poor,644,9648,0,1024,32,4.7,100.0
1117,Dell,1,Excellent,1329,5977,11,512,4,4.2,987.05
1118,Asus,1,Excellent,1670,6885,16,256,8,2.6,1450.03
1119,Dell,5,Fair,919,5022,23,512,32,3.9,687.17
1120,Asus,3,Good,407,8190,2,1024,32,4.4,339.92
1121,HP,0,Good,2419,2430,10,1024,4,2.8,1800.92
1122,Dell,1,Excellent,894,4786,16,1024,4,3.1,885.24
1123,Apple,5,Excellent,2029,2002,22,1024,8,4.7,1241.44
1124,Acer,5,Fair,1462,4770,2,1024,32,2.6,848.57
1125,Lenovo,2,Excellent,586,7243,7,1024,4,4.4,496.46
1126,Asus,6,Good,2277,2159,19,512,8,3.7,1386.05
1127,Apple,3,Good,485,240,3,128,8,3.6,201.65
1128,Lenovo,0,Good,536,1889,20,512,4,2.5,638.22
1129,Lenovo,4,Excellent,2036,116,21,256,32,4.5,1682.33
1130,Dell,6,Good,2151,564,6,512,16,3.4,1132.58
1131,Lenovo,6,Excellent,2187,4571,13,1024,16,3.9,1295.0
1132,Acer,2,Fair,1271,1927,13,512,8,4.2,952.53
1133,Apple,1,Good,1343,8811,3,128,16,4.3,895.09
1134,Lenovo,1,Good,2026,6056,15,256,16,4.9,1608.4
1135,Dell,2,Fair,748,189,23,512,4,3.8,542.36
1136,Acer,5,Fair,2076,4915,21,128,8,3.5,893.82
1137,HP,1,Good,1596,2951,0,512,32,4.9,1469.75
1138,Apple,3,Good,409,2943,16,256,8,4.1,378.67
1139,Lenovo,0,Good,1861,9217,24,512,4,3.2,1303.41
1140,Dell,6,Fair,1066,6643,9,1024,16,2.8,359.66
1141,HP,6,Poor,1922,6001,21,512,32,4.6,899.26
1142,HP,3,Fair,1000,1069,15,128,8,3.4,519.22
1143,Asus,1,Good,726,1194,15,512,16,4.2,932.08
1144,Acer,6,Fair,1379,6224,7,128,8,3.7,260.65
1145,Lenovo,4,Good,1028,7447,6,256,32,3.0,698.26
1146,Dell,0,Excellent,2029,3295,5,512,8,4.0,1711.97
1147,Asus,0,Good,673,1504,15,256,8,2.7,803.27
1148,Acer,6,Poor,1084,7040,19,256,8,3.5,100.0
1149,Asus,2,Excellent,515,4390,15,512,16,3.9,522.99
1150,Apple,6,Fair,1260,4082,6,128,32,3.6,642.79
1151,Acer,2,Good,2403,5655,8,256,32,4.4,1980.77
1152,Acer,6,Good,1092,8054,13,256,16,4.6,325.88
1153,Lenovo,4,Excellent,1505,4813,10,512,16,4.4,1084.48
1154,Acer,5,Good,2192,3192,13,512,16,2.6,1363.43
1155,Asus,0,Fair,553,4259,6,512,4,3.0,469.26
1156,Acer,6,Good,2300,6408,0,512,8,3.8,844.99
1157,Lenovo,4,Fair,1827,7578,24,512,8,4.8,884.46
1158,Lenovo,2,Fair,1689,8576,12,1024,32,4.6,1254.11
1159,Apple,2,Poor,714,5033,19,512,8,4.6,389.55
1160,Asus,0,Good,1464,5026,2,128,4,3.3,1316.03
1161,HP,3,Good,504,9479,19,256,16,3.6,304.3
1162,HP,6,Excellent,2324,4069,3,128,32,3.7,1410.42
1163,Acer,1,Poor,2313,3065,10,128,32,2.9,1699.29
1164,Apple,2,Poor,1616,4419,1,1024,8,2.6,909.94
1165,Dell,5,Good,1824,9075,13,512,32,4.9,1196.49
1166,Acer,5,Fair,2172,7208,11,256,16,3.1,953.42
1167,Apple,2,Good,2360,9241,16,128,32,3.1,1883.01
1168,Asus,3,Good,2003,4039,11,512,16,2.7,1442.29
1169,Asus,3,Excellent,1108,144,11,512,4,4.8,836.95
1170,Asus,4,Fair,1050,1910,0,1024,4,3.9,430.81
1171,Asus,5,Excellent,1346,4666,12,1024,16,4.2,1061.9
1172,Asus,4,Fair,1060,9121,13,1024,8,4.8,507.08
1173,Apple,5,Fair,1532,2009,23,256,32,3.4,1045.41
1174,Apple,6,Fair,1099,6464,1,128,8,4.1,100.0
1175,Lenovo,6,Excellent,2438,2681,11,1024,32,2.6,1896.32
1176,HP,1,Good,951,791,20,1024,4,3.0,827.28
1177,Asus,6,Good,804,1031,15,1024,4,4.6,382.6
1178,Dell,1,Good,861,8010,3,128,4,4.4,392.64
1179,Apple,6,Excellent,1273,6482,7,128,32,3.4,940.18
1180,Dell,0,Poor,483,3506,1,1024,4,3.4,206.42
1181,Dell,6,Good,1822,8439,9,1024,4,3.8,878.1
1182,Dell,4,Good,620,1132,8,512,4,2.5,326.8
1183,Lenovo,2,Good,1791,1411,22,1024,4,3.1,1274.47
1184,Apple,4,Good,511,8679,14,256,8,3.0,246.12
1185,Dell,2,Good,1014,3221,12,256,4,3.1,860.18
1186,Asus,3,Good,1981,1973,22,1024,4,4.5,1522.47
1187,Acer,4,Poor,874,9207,16,128,8,3.2,100.0
1188,Dell,3,Good,2313,6881,15,512,8,3.0,1417.78
1189,Lenovo,1,Poor,670,3848,1,128,32,3.8,532.08
1190,Apple,1,Fair,2320,377,19,1024,16,4.7,1798.12
1191,Lenovo,0,Good,1790,1959,19,256,4,3.1,1666.24
1192,Dell,6,Poor,439,6029,13,512,4,2.7,100.0
1193,Apple,4,Excellent,2382,6892,2,128,4,3.4,1097.91
1194,Acer,3,Fair,1393,4813,22,128,32,4.4,1127.3
1195,Dell,2,Good,2412,4775,11,1024,4,3.9,1609.53
1196,Lenovo,1,Fair,689,1270,7,512,16,4.5,637.57
1197,HP,6,Fair,678,8781,1,256,8,4.9,100.0
1198,Asus,1,Fair,980,9474,3,1024,32,4.5,910.77
1199,Lenovo,2,Fair,1262,5408,13,512,8,4.0,868.03
1200,Apple,6,Good,653,2562,15,128,4,3.7,140.95
1201,Dell,6,Excellent,580,9922,18,1024,4,2.6,100.0
1202,Asus,3,Good,1080,387,1,128,4,5.0,654.43
1203,Dell,3,Excellent,1224,6053,11,128,16,3.5,956.47
1204,Apple,4,Fair,1099,4382,13,1024,16,2.9,510.48
1205,Dell,4,Good,1749,2007,5,1024,32,4.2,1434.49
1206,HP,5,Poor,1780,1261,12,1024,8,3.2,809.4
1207,Asus,5,Good,2073,229,3,1024,4,4.0,1329.69
1208,Asus,0,Fair,2038,6437,21,1024,4,4.0,1617.23
1209,Apple,1,Excellent,2357,2463,17,128,4,3.6,1818.15
1210,HP,4,Fair,611,8251,11,256,4,4.6,100.0
1211,Lenovo,3,Poor,1938,6083,19,256,16,3.2,941.01
1212,Dell,2,Good,783,243,21,1024,8,3.6,890.39
1213,Acer,3,Good,2114,8307,20,128,8,3.8,1257.0
1214,Dell,1,Fair,741,7569,18,256,32,4.2,672.58
1215,Dell,5,Excellent,2238,344,7,256,16,4.5,1582.58
1216,Lenovo,3,Good,2387,1026,6,256,4,3.5,1244.92
1217,Dell,0,Good,1243,3278,15,128,8,4.1,959.14
1218,HP,1,Excellent,1934,2276,18,1024,8,2.9,1712.37
1219,HP,5,Good,819,5102,5,1024,16,4.8,422.96
1220,Asus,2,Excellent,2388,986,19,1024,32,3.5,2228.54
1221,Apple,5,Excellent,2332,8632,20,512,32,4.3,1563.02
1222,Acer,6,Excellent,2249,3498,10,512,4,2.6,1163.57
1223,Dell,0,Poor,705,8597,4,512,32,3.0,599.41
1224,Dell,1,Good,1268,9199,15,128,8,3.7,952.64
1225,Lenovo,2,Poor,1535,2754,6,256,32,4.7,1073.76
1226,Apple,0,Good,1834,7492,4,256,4,3.8,1396.96
1227,HP,5,Good,605,1471,10,128,8,4.8,278.45
1228,Acer,0,Good,895,7235,14,128,32,3.7,1006.37
1229,Asus,1,Good,2309,420,2,1024,32,3.7,2018.22
1230,HP,4,Excellent,1445,4754,4,1024,16,2.8,892.03
1231,Apple,0,Good,612,5400,22,512,4,4.5,706.95
1232,Asus,6,Good,709,6861,20,512,32,3.1,547.5
1233,Lenovo,0,Good,2391,6954,4,128,16,4.7,1877.07
1234,Lenovo,5,Fair,671,5605,8,512,8,4.8,183.19
1235,Dell,5,Excellent,2222,9423,14,256,16,4.9,1350.92
1236,Apple,2,Excellent,2479,6653,2,128,16,3.8,1923.87
1237,Acer,5,Fair,842,4142,5,128,32,4.2,392.66
1238,Asus,3,Good,653,9109,16,256,32,4.4,764.36
1239,HP,1,Excellent,920,7598,20,1024,32,2.8,1237.78
1240,Apple,1,Poor,1376,6736,7,1024,16,4.0,906.64
1241,Apple,4,Excellent,409,7462,20,256,8,2.6,405.29
1242,Lenovo,4,Fair,1983,111,24,256,4,3.7,1151.31
1243,Dell,1,Poor,1534,294,10,512,16,2.9,1082.55
1244,Dell,6,Good,552,2637,5,128,32,3.0,416.0
1245,Asus,4,Excellent,2058,2942,7,512,4,3.4,1313.81
1246,Lenovo,2,Excellent,2256,2329,9,256,8,3.6,1586.57
1247,Apple,5,Good,1614,3109,23,512,4,4.1,1140.64
1248,Acer,1,Excellent,2152,8084,2,256,32,2.7,1774.2
1249,Lenovo,4,Fair,1504,2177,22,512,16,3.8,974.01
1250,Asus,1,Excellent,1294,7945,13,512,16,3.0,1305.04
1251,Asus,3,Good,1511,3967,22,1024,32,3.9,1342.05
1252,Lenovo,0,Poor,503,4973,13,256,16,4.1,300.32
1253,Asus,5,Fair,2314,8735,9,512,32,3.9,1336.06
1254,Lenovo,1,Good,1406,397,11,128,16,4.3,1100.91
1255,HP,0,Good,806,5956,5,512,16,3.3,785.17
1256,Lenovo,4,Good,1801,9136,11,512,16,4.4,1075.71
1257,Lenovo,0,Good,566,1115,22,128,8,3.6,767.27
1258,Asus,5,Good,908,1484,13,256,8,3.7,293.23
1259,Asus,1,Excellent,2061,9689,1,1024,32,4.1,1962.76
1260,Dell,3,Fair,1162,8845,8,1024,8,2.5,486.45
1261,Dell,6,Good,1080,2450,9,1024,32,4.1,903.79
1262,HP,4,Excellent,1564,1369,16,128,4,4.0,1072.61
1263,Dell,1,Good,981,1360,16,512,4,3.3,798.61
1264,Lenovo,5,Good,661,7801,2,256,8,2.7,100.0
1265,Asus,4,Fair,1763,8476,18,512,4,2.7,749.43
1266,Dell,2,Fair,1731,4663,0,1024,4,4.8,866.72
1267,Dell,0,Fair,1938,6997,11,512,16,4.2,1586.71
1268,HP,6,Excellent,960,5772,6,128,16,2.8,373.71
1269,Apple,5,Good,1499,5693,3,128,32,3.4,734.24
1270,HP,2,Good,2303,6255,9,256,4,4.0,1593.87
1271,Lenovo,1,Excellent,574,5643,12,256,32,4.6,924.08
1272,Asus,3,Good,591,7340,1,1024,32,2.6,465.79
1273,HP,4,Fair,464,4783,9,256,4,3.1,100.0
1274,Dell,0,Excellent,1897,1981,20,512,8,4.7,1998.58
1275,Asus,4,Good,1967,8813,21,128,4,2.5,905.52
1276,Asus,6,Good,1551,3909,24,128,16,3.0,870.51
1277,Dell,1,Excellent,2337,5907,3,128,4,4.9,1792.88
1278,HP,4,Good,768,4983,17,256,8,4.0,449.28
1279,Dell,0,Poor,1250,7306,4,128,32,3.2,914.12
1280,Apple,1,Fair,442,4255,18,128,32,2.7,453.0
1281,Asus,4,Poor,2307,4773,1,128,16,2.6,961.49
1282,Acer,3,Good,477,1509,11,1024,16,3.1,515.03
1283,Acer,5,Excellent,2224,9986,16,1024,16,4.7,1363.15
1284,Lenovo,1,Good,1693,5297,9,256,32,3.5,1534.84
1285,Dell,5,Good,1073,7552,1,128,16,4.3,473.06
1286,Dell,1,Fair,1100,8818,5,256,4,4.8,645.28
1287,Lenovo,3,Excellent,1158,2272,7,128,32,3.5,1043.52
1288,Lenovo,5,Good,2323,379,18,128,8,3.0,1630.38
1289,Lenovo,2,Excellent,1301,4077,10,128,32,3.8,1420.71
1290,Asus,0,Good,1392,2769,24,256,4,4.8,1291.88
1291,Apple,2,Fair,1591,7925,11,256,4,4.5,941.46
1292,Dell,4,Good,1876,4081,8,128,16,2.7,1374.16
1293,Asus,3,Good,789,4869,1,512,32,4.2,564.21
1294,Lenovo,2,Good,1399,5347,7,256,32,3.9,1191.63
1295,Dell,1,Good,924,4527,10,1024,32,4.8,891.5
1296,Asus,4,Fair,2255,6235,20,256,8,2.8,1211.62
1297,Apple,4,Fair,1906,5673,3,128,16,3.8,985.85
1298,Asus,2,Poor,1058,4231,9,512,4,4.7,432.97
1299,Apple,2,Fair,1290,10000,20,128,4,3.5,561.29
1300,Lenovo,3,Good,1881,7289,19,1024,16,3.7,1135.39
1301,Apple,0,Fair,851,4635,15,256,4,2.7,667.11
1302,Dell,2,Good,1937,2876,7,256,4,3.2,1421.17
1303,Lenovo,6,Good,1282,9411,3,128,16,3.3,331.16
1304,Dell,2,Fair,712,7797,9,128,4,4.9,290.12
1305,Acer,5,Excellent,1239,8486,11,1024,32,3.2,804.31
1306,HP,1,Poor,774,762,13,512,8,3.7,544.73
1307,Apple,6,Good,850,8771,15,1024,16,4.2,271.81
1308,HP,6,Good,994,8144,21,512,8,2.9,229.22
1309,HP,5,Fair,1633,4318,17,256,4,3.7,605.94
1310,Apple,5,Fair,899,9715,20,512,4,4.3,100.0
1311,Lenovo,4,Good,863,5160,21,512,32,4.7,857.15
1312,Acer,0,Good,512,5974,20,256,16,4.1,606.71
1313,Dell,1,Excellent,1435,5681,11,256,4,4.2,1141.49
1314,Asus,3,Good,2324,2114,17,256,16,2.8,1658.08
1315,Dell,6,Excellent,539,3889,6,1024,16,4.9,213.14
1316,Asus,3,Fair,1824,9203,19,256,16,2.8,1205.67
1317,Dell,2,Good,916,7248,23,128,16,4.4,703.09
1318,Apple,2,Fair,2347,7866,22,256,16,3.2,1464.44
1319,Acer,3,Excellent,1287,2464,6,256,8,4.8,887.6
1320,Asus,2,Excellent,1741,3729,8,256,32,4.3,1822.75
1321,Lenovo,0,Fair,449,6019,0,512,16,4.4,467.63
1322,Dell,5,Excellent,418,5775,5,1024,8,3.0,100.0
1323,Dell,2,Excellent,1125,8972,5,256,4,3.6,848.05
1324,Asus,4,Excellent,1873,6738,21,1024,16,4.0,1440.99
1325,Lenovo,2,Poor,851,4751,11,128,4,4.4,294.34
1326,Lenovo,1,Fair,1564,709,21,128,16,2.8,1240.67
1327,Apple,0,Good,1507,8040,11,256,8,4.9,1106.09
1328,Apple,1,Good,614,3966,9,128,8,4.7,605.97
1329,Apple,1,Good,1949,471,22,1024,8,3.2,1618.49
1330,Apple,4,Fair,527,7098,5,512,32,4.6,453.74
1331,Apple,0,Fair,2245,715,16,256,4,3.8,1536.93
1332,Apple,0,Excellent,1159,7011,18,128,32,3.7,1593.93
1333,Acer,0,Excellent,2215,6110,17,1024,16,3.3,2001.79
1334,Lenovo,0,Excellent,760,2353,5,1024,4,4.0,965.0
1335,Apple,0,Fair,968,5042,23,128,8,4.3,912.71
1336,Lenovo,4,Fair,1815,964,18,1024,4,3.5,986.55
1337,Lenovo,2,Good,1997,1368,9,1024,8,4.1,1582.19
1338,HP,1,Excellent,2092,7554,23,256,32,4.2,1722.68
1339,Acer,0,Excellent,601,9076,7,1024,32,4.3,949.67
1340,Apple,6,Poor,2464,4671,20,128,8,2.6,910.66
1341,Dell,2,Good,917,5329,23,256,8,4.6,629.95
1342,Asus,2,Fair,1748,2337,5,128,16,3.6,1120.52
1343,Dell,1,Good,1835,4154,20,512,32,3.2,1776.43
1344,Acer,4,Good,1741,1035,24,128,32,3.1,1524.28
1345,Asus,3,Good,1080,6494,6,128,16,3.7,687.98
1346,Acer,3,Excellent,2388,7991,23,256,32,4.7,1918.34
1347,Lenovo,2,Good,1891,425,0,1024,8,3.4,1401.35
1348,Asus,5,Fair,824,9826,17,128,4,4.4,100.0
1349,Lenovo,5,Good,2368,7874,23,256,4,2.7,1342.44
1350,Dell,1,Good,2112,3961,24,512,32,3.7,2042.43
1351,Dell,3,Excellent,1177,2085,19,256,16,5.0,1130.45
1352,Asus,2,Poor,2226,5032,11,256,8,4.4,1123.85
1353,Asus,4,Fair,607,4703,15,1024,4,3.0,100.0
1354,Apple,3,Good,1937,2878,9,128,8,3.8,1186.36
1355,Acer,2,Poor,2059,9562,9,512,32,3.1,1226.73
1356,Apple,2,Good,421,8932,13,256,32,3.5,555.64
1357,Acer,0,Good,553,7854,24,128,4,4.5,674.86
1358,Apple,4,Fair,2362,4178,19,128,32,4.4,1609.98
1359,Lenovo,0,Fair,618,1467,9,256,16,3.1,663.12
1360,Asus,1,Fair,1068,4142,9,128,32,4.8,1017.22
1361,Dell,0,Excellent,1918,2675,24,256,32,4.0,2054.71
1362,Acer,6,Good,2467,6854,10,256,32,3.4,1392.14
1363,Acer,0,Poor,1349,1681,22,256,8,3.8,827.76
1364,Dell,6,Good,802,2086,1,512,8,4.0,124.6
1365,Apple,3,Good,995,2340,24,256,4,3.9,774.04
1366,Acer,5,Good,1837,4066,19,1024,4,3.7,978.03
1367,Lenovo,2,Good,1557,7704,7,128,4,3.8,885.91
1368,Asus,6,Good,2142,8420,22,512,32,2.9,1387.4
1369,Dell,4,Poor,1706,6068,6,128,8,4.5,653.51
1370,Asus,0,Good,472,9143,7,512,16,3.9,437.23
1371,Acer,6,Excellent,880,7593,0,1024,32,2.8,653.8
1372,Acer,4,Excellent,959,4203,20,512,32,4.4,1153.97
1373,Dell,5,Fair,1144,2176,1,512,32,4.8,555.18
1374,Lenovo,5,Good,1866,5331,17,512,16,4.9,1064.2
1375,HP,0,Good,499,3094,14,128,4,3.4,704.35
1376,Dell,1,Fair,1482,3844,0,256,16,2.8,970.99
1377,HP,0,Fair,812,5694,4,128,4,3.8,279.71
1378,Apple,3,Fair,1488,7631,1,256,16,2.8,562.94
1379,HP,6,Poor,1577,7471,19,128,8,4.8,367.58
1380,Lenovo,2,Good,2408,1744,2,1024,32,3.0,1847.22
1381,Apple,1,Fair,1220,3244,18,1024,32,3.1,1192.48
1382,HP,0,Good,1061,342,17,512,32,3.5,1415.3
1383,Apple,4,Fair,959,4185,21,1024,4,3.5,582.87
1384,HP,1,Fair,1671,8054,17,512,16,4.5,1164.71
1385,Lenovo,6,Fair,2213,7369,13,256,8,3.6,1003.96
1386,HP,1,Fair,1009,7230,23,1024,16,2.9,983.9
1387,HP,6,Excellent,424,6928,7,256,32,3.2,420.31
1388,HP,0,Good,2428,8462,11,128,8,3.8,1765.37
1389,Dell,6,Poor,683,8944,20,256,8,2.9,100.0
1390,Dell,1,Poor,1872,6431,9,128,32,4.0,1348.35
1391,Dell,4,Excellent,700,3612,22,256,16,3.9,786.02
1392,Lenovo,5,Excellent,1491,1599,19,256,32,4.3,1313.55
1393,Apple,1,Excellent,1430,2258,16,1024,16,4.8,1695.43
1394,Acer,6,Fair,1216,5262,10,256,8,4.8,387.31
1395,HP,5,Fair,482,4139,1,1024,8,4.9,100.0
1396,HP,6,Good,2320,2135,3,1024,32,3.1,1615.18
1397,Lenovo,4,Good,2493,8077,0,512,8,2.8,1344.82
1398,HP,6,Fair,1017,957,14,512,4,3.3,100.0
1399,Dell,0,Fair,575,3923,12,128,8,4.7,472.0
1400,Acer,2,Good,1589,6870,7,256,4,4.9,1103.3
1401,Asus,1,Good,1241,9341,24,128,8,4.6,882.61
1402,HP,2,Good,769,398,3,256,32,2.8,852.03
1403,Dell,6,Good,2218,7344,9,512,32,4.9,1248.58
1404,Asus,4,Good,1089,1023,18,512,4,3.6,865.63
1405,Acer,1,Fair,2179,4332,17,256,32,2.5,1916.68
1406,Asus,6,Fair,1764,4406,4,256,8,3.6,518.54
1407,Dell,5,Good,1832,2899,18,512,8,2.6,1066.01
1408,Apple,3,Fair,766,6678,22,512,32,3.9,591.86
1409,Apple,6,Excellent,1043,4975,21,128,8,3.3,605.31
1410,Asus,2,Good,472,5426,15,512,16,3.7,549.08
1411,Lenovo,1,Excellent,1671,6682,0,256,16,4.0,1442.75
1412,Asus,2,Good,1259,1902,11,128,8,4.7,992.23
1413,HP,1,Fair,442,2757,23,256,32,4.2,1034.4
1414,HP,6,Poor,1464,3446,1,1024,4,3.6,172.58
1415,Apple,0,Excellent,1916,9763,20,128,32,4.5,1724.5
1416,Lenovo,5,Good,2486,3049,24,256,4,4.8,1456.85
1417,Dell,6,Fair,768,1041,7,512,32,2.8,203.34
1418,HP,2,Good,550,2007,17,1024,8,3.8,448.0
1419,Apple,3,Good,1534,4937,24,256,16,3.2,1042.02
1420,Acer,3,Fair,1903,8205,15,128,32,2.6,1155.85
1421,Apple,4,Good,1859,1343,4,256,4,4.2,963.79
1422,HP,1,Excellent,1470,5796,21,1024,16,4.7,1548.34
1423,HP,2,Good,1423,1566,12,128,4,2.9,947.42
1424,Apple,4,Fair,1998,4057,18,1024,8,4.5,1141.24
1425,Dell,2,Good,2440,2066,2,256,16,4.6,1844.25
1426,Asus,1,Excellent,1789,475,7,512,4,4.8,1465.3
1427,HP,6,Fair,468,362,11,512,32,3.2,195.66
1428,Apple,6,Excellent,1343,4462,1,256,8,4.8,668.46
1429,Apple,3,Fair,1201,6602,10,256,8,3.3,333.92
1430,Lenovo,6,Good,460,7933,11,256,8,3.9,100.0
1431,Asus,6,Poor,1345,1993,17,128,32,2.6,641.28
1432,Acer,0,Good,1737,8206,12,1024,32,2.6,1687.02
1433,Dell,3,Good,1584,1752,4,1024,16,4.3,1384.14
1434,Acer,4,Excellent,730,5640,21,1024,32,3.6,905.23
1435,Asus,5,Good,1951,3992,11,256,16,3.1,1212.8
1436,Asus,0,Fair,737,699,1,1024,8,3.0,637.95
1437,Asus,4,Poor,2029,4915,4,256,16,4.2,954.18
1438,Acer,1,Good,1727,2012,6,128,4,2.5,1395.22
1439,Asus,0,Good,1926,9584,23,512,8,4.5,1310.86
1440,Apple,4,Fair,2073,8892,11,256,8,2.7,974.99
1441,Acer,1,Fair,1761,8672,15,256,16,3.0,1383.89
1442,Asus,3,Good,1973,4313,22,512,8,3.5,1385.79
1443,Apple,5,Good,674,3737,7,512,32,3.7,664.69
1444,Lenovo,1,Good,1587,9390,8,128,4,3.4,924.12
1445,Asus,6,Fair,2393,5699,14,1024,16,3.3,1211.69
1446,Acer,2,Excellent,1269,6548,4,256,16,4.9,1056.98
1447,HP,1,Good,1414,8657,12,1024,8,4.1,836.84
1448,Asus,1,Good,2311,7482,4,256,32,2.6,1686.76
1449,HP,5,Fair,1002,9082,10,128,8,3.6,100.0
1450,Apple,2,Excellent,2199,3669,9,512,8,4.7,1772.79
1451,Lenovo,6,Good,1090,7807,19,128,16,3.3,520.78
1452,Dell,4,Good,893,846,12,512,8,2.7,578.66
1453,Lenovo,4,Good,889,8604,8,1024,4,4.4,427.08
1454,Asus,1,Excellent,789,4733,20,1024,8,4.0,946.03
1455,HP,2,Good,694,1020,13,128,8,3.9,734.03
1456,HP,2,Good,1792,9369,17,512,16,2.6,1252.41
1457,Acer,6,Good,2117,7108,14,128,8,2.9,980.38
1458,HP,5,Good,1048,2481,9,512,32,4.1,771.58
1459,Acer,3,Fair,2273,3718,23,512,16,3.0,1579.91
1460,Apple,4,Fair,967,9089,6,1024,8,3.8,211.13
1461,Dell,5,Good,844,4543,7,1024,4,3.9,396.59
1462,Asus,0,Fair,762,372,2,512,4,3.2,491.75
1463,Acer,4,Good,1611,1873,14,512,16,4.9,1033.39
1464,Dell,5,Excellent,1141,2647,15,512,16,4.6,939.18
1465,HP,4,Excellent,2441,3264,3,1024,8,4.3,1634.12
1466,HP,3,Good,1079,4880,20,1024,32,2.7,1013.88
1467,Dell,0,Fair,2042,1046,5,256,8,2.8,1552.64
1468,HP,3,Fair,1972,606,0,512,4,3.7,1018.88
1469,Apple,6,Fair,1758,6819,3,256,32,2.9,788.68
1470,Apple,0,Good,462,8535,10,512,32,4.9,929.81
1471,Dell,1,Good,1562,8797,11,1024,32,2.9,1561.21
1472,Acer,5,Excellent,1628,6460,4,256,8,3.7,1026.42
1473,Acer,0,Good,655,7757,22,256,4,3.4,616.09
1474,Dell,6,Good,534,3690,20,128,16,4.1,322.16
1475,Acer,6,Excellent,1274,1292,15,512,8,2.8,663.86
1476,Acer,3,Good,1221,1564,12,1024,16,3.6,905.78
1477,Apple,4,Good,1222,490,12,128,32,3.2,801.24
1478,Acer,0,Fair,1373,5715,16,128,32,4.7,1483.1
1479,Lenovo,5,Poor,2177,6206,6,512,8,2.6,710.46
1480,Asus,0,Poor,520,8964,7,128,4,4.8,111.49
1481,HP,2,Good,2037,2660,12,512,32,4.6,1679.48
1482,Lenovo,4,Good,1764,5967,22,128,16,3.2,1209.18
1483,Acer,5,Good,1407,1311,15,512,16,4.5,887.17
1484,Apple,5,Fair,1324,9221,3,1024,8,2.6,203.51
1485,Dell,1,Excellent,1044,1639,7,512,16,4.9,1218.75
1486,Acer,3,Good,2432,9204,15,512,4,3.8,1292.29
1487,Apple,1,Fair,2468,743,20,256,32,3.3,1982.36
1488,Asus,5,Good,641,8793,9,1024,16,3.4,100.0
1489,Acer,4,Good,2019,9021,24,1024,16,2.7,1164.35
1490,Dell,0,Good,1202,1383,11,1024,32,5.0,1518.5
1491,Apple,0,Excellent,1363,7780,11,128,8,2.6,991.24
1492,Apple,4,Good,468,7445,4,256,16,4.1,100.0
1493,Apple,5,Good,1552,4486,15,1024,8,3.6,866.33
1494,Asus,6,Excellent,595,1019,0,128,8,4.9,161.15
1495,Acer,0,Excellent,1145,2439,8,128,16,3.1,1460.72
1496,Asus,6,Fair,2088,9047,11,128,4,3.8,886.65
1497,HP,0,Good,676,6030,4,256,8,3.7,524.34
1498,HP,0,Good,460,5502,21,128,16,4.3,773.4
1499,Acer,3,Good,2313,5763,19,256,8,2.7,1556.78
1500,Asus,3,Poor,2499,5375,21,512,32,3.0,1583.19
1501,Dell,2,Good,2172,607,23,128,4,3.0,1449.31
1502,Apple,1,Good,1734,1536,2,1024,4,4.3,1319.39
1503,Apple,4,Fair,2237,8850,4,128,32,3.0,1251.76
1504,Acer,4,Fair,966,7454,1,512,32,3.9,458.93
1505,HP,4,Excellent,1971,4616,13,512,8,3.0,1360.94
1506,HP,2,Fair,1021,3722,1,128,32,4.7,741.77
1507,Apple,3,Good,2425,4499,12,512,4,4.9,1431.54
1508,Acer,5,Good,1600,5137,6,256,32,3.8,1050.96
1509,Asus,6,Excellent,713,8211,9,256,16,3.4,299.25
1510,HP,6,Excellent,1636,3815,12,128,16,3.1,860.6
1511,Asus,5,Fair,536,7937,15,256,8,2.6,100.0
1512,HP,2,Good,1429,1401,13,256,4,3.2,853.26
1513,HP,5,Good,1061,7470,10,1024,16,4.1,481.01
1514,Lenovo,4,Fair,486,5285,9,128,32,3.8,250.21
1515,HP,1,Fair,1708,2255,5,512,16,4.9,1211.16
1516,Dell,0,Excellent,2100,6511,3,128,16,3.5,1691.96
1517,Acer,6,Good,894,6465,20,256,8,4.2,467.06
1518,Acer,3,Excellent,2047,792,0,1024,32,3.7,1715.58
1519,Asus,3,Fair,2342,1578,6,128,32,3.8,1895.21
1520,HP,2,Fair,1468,6496,23,128,32,3.2,1227.75
1521,Dell,3,Poor,1824,8548,8,256,8,3.6,733.59
1522,Asus,4,Excellent,996,541,7,256,32,3.7,1065.98
1523,Lenovo,6,Excellent,849,2746,4,128,32,4.3,898.43
1524,Asus,5,Good,884,5309,18,256,16,4.9,397.0
1525,Asus,4,Good,1045,6633,9,256,16,3.3,451.86
1526,HP,2,Good,2029,4777,10,256,32,2.6,1560.42
1527,Lenovo,4,Poor,1061,7311,24,256,4,3.7,244.57
1528,Asus,5,Good,1157,2745,14,256,4,3.9,369.33
1529,Dell,1,Good,688,8310,5,1024,32,2.9,805.6
1530,Dell,2,Fair,1120,9416,14,256,4,4.4,680.43
1531,Acer,1,Good,1037,8033,4,512,8,5.0,757.33
1532,Lenovo,0,Fair,898,5576,18,128,16,4.9,809.27
1533,Lenovo,1,Excellent,1033,8028,21,1024,8,3.0,964.85
1534,Acer,0,Good,2073,2180,18,1024,16,4.7,1994.72
1535,Asus,0,Excellent,2430,6189,9,256,4,4.3,1818.67
1536,Lenovo,1,Excellent,514,7496,11,128,4,3.6,699.58
1537,Dell,2,Poor,1073,9839,21,512,32,3.9,915.77
1538,Dell,5,Excellent,2136,7897,3,256,4,4.6,1151.13
1539,HP,4,Good,1657,961,17,128,4,3.7,1020.11
1540,Lenovo,4,Good,546,8446,15,256,32,3.4,539.3
1541,Asus,5,Good,811,3594,7,256,32,3.7,681.26
1542,Acer,6,Fair,2087,1004,3,256,16,3.9,915.33
1543,Acer,6,Excellent,1932,1369,24,256,4,3.0,1139.4
1544,Asus,0,Fair,536,504,22,256,16,4.8,638.05
1545,Apple,0,Poor,418,9135,11,256,16,4.2,268.71
1546,HP,2,Good,2359,9856,1,256,8,4.1,1460.09
1547,Acer,3,Poor,1401,1284,3,512,4,2.7,410.52
1548,Lenovo,1,Excellent,848,9038,4,1024,4,4.0,671.65
1549,HP,0,Good,2348,1825,2,512,8,2.8,1654.81
1550,Lenovo,4,Good,1345,8562,8,256,16,2.7,600.8
1551,Dell,2,Fair,1777,5911,20,256,4,3.8,1116.86
1552,HP,1,Poor,1922,5706,17,512,16,3.5,1172.26
1553,Acer,2,Good,540,4056,10,512,8,4.0,416.48
1554,HP,1,Fair,2320,271,2,1024,32,2.7,1724.41
1555,HP,1,Excellent,492,8565,24,512,16,3.6,771.33
1556,HP,5,Good,638,2406,22,1024,4,2.9,314.04
1557,Apple,0,Good,604,9450,1,256,32,5.0,695.93
1558,HP,2,Poor,1856,9998,8,128,16,3.9,881.79
1559,Lenovo,2,Good,644,521,13,128,16,4.2,713.84
1560,Dell,5,Good,1231,5640,3,128,32,3.3,661.9
1561,Asus,4,Excellent,694,9501,8,128,32,2.7,428.19
1562,HP,4,Excellent,1255,4775,12,256,32,4.9,1325.41
1563,Acer,6,Good,2464,9182,17,128,4,3.2,1066.96
1564,HP,0,Good,470,6848,14,512,4,3.6,497.58
1565,Acer,0,Fair,1692,6203,9,512,16,4.1,1382.77
1566,Lenovo,3,Good,1748,1573,15,128,16,2.6,1624.02
1567,Acer,5,Good,704,3343,11,512,8,4.5,164.54
1568,Asus,4,Excellent,1430,2281,19,1024,4,3.8,1125.38
1569,Dell,1,Fair,1737,9741,4,256,16,3.2,973.25
1570,Acer,2,Fair,1216,3196,1,128,32,2.7,862.86
1571,Acer,0,Excellent,1526,6746,9,128,32,2.9,1525.47
1572,Dell,2,Fair,1220,9882,0,256,4,4.7,345.86
1573,Asus,2,Good,592,5982,6,512,32,4.2,688.08
1574,HP,3,Excellent,2176,6082,16,256,8,3.1,1371.38
1575,Acer,4,Good,928,5898,15,256,16,2.7,636.91
1576,Dell,0,Good,650,9727,23,512,16,4.2,785.79
1577,Lenovo,2,Excellent,2188,8515,2,256,16,3.9,1608.05
1578,Dell,0,Poor,2426,8511,13,512,4,3.5,1380.47
1579,Lenovo,1,Fair,1803,9946,9,512,32,3.4,1301.54
1580,Asus,3,Fair,1567,8556,21,256,8,3.0,827.89
1581,HP,1,Good,2472,9245,6,1024,4,4.2,1521.19
1582,Dell,0,Good,1496,4624,16,512,16,4.9,1379.96
1583,Apple,6,Fair,2247,6659,5,256,8,2.9,772.59
1584,Acer,0,Good,904,7720,22,512,16,4.0,894.5
1585,Asus,4,Excellent,2021,2874,21,1024,16,3.6,1394.74
1586,Dell,2,Good,1787,5773,3,1024,4,3.6,1277.08
1587,Acer,2,Fair,1622,3224,16,128,16,3.1,1047.29
1588,Dell,1,Good,1117,8771,8,512,8,4.6,916.07
1589,Lenovo,3,Excellent,738,1453,3,512,16,3.7,831.21
1590,Dell,6,Fair,1058,9181,6,256,32,3.9,210.06
1591,Apple,5,Good,1361,3954,22,512,16,3.3,751.92
1592,Dell,2,Good,828,8234,1,128,4,3.0,614.64
1593,Dell,4,Excellent,1298,1024,16,1024,8,2.7,1203.11
1594,Apple,1,Good,538,2270,23,1024,4,4.3,689.72
1595,Asus,1,Fair,941,5606,7,128,32,3.0,857.48
1596,Dell,5,Good,1655,2495,22,512,16,4.2,1043.25
1597,Apple,4,Good,783,8320,14,512,4,3.5,315.15
1598,Acer,3,Fair,593,8326,14,128,4,3.5,100.0
1599,Lenovo,4,Fair,2295,5615,7,256,4,3.7,896.62
1600,Lenovo,3,Fair,1131,2770,15,1024,4,3.4,501.66
1601,Dell,4,Good,1084,3465,18,128,32,2.8,914.32
1602,Asus,4,Good,481,688,10,128,32,3.3,422.58
1603,Asus,0,Poor,931,3238,1,512,16,4.2,642.43
1604,Acer,1,Fair,2383,9195,22,1024,16,4.2,1595.53
1605,Dell,4,Excellent,620,6763,23,512,8,3.2,390.65
1606,Lenovo,5,Excellent,1034,4186,16,128,32,3.7,999.01
1607,Asus,4,Good,2169,8631,15,256,4,3.0,1167.3
1608,Dell,2,Poor,2274,4370,24,1024,4,3.0,1349.8
1609,Asus,1,Good,402,6119,14,128,8,2.6,466.46
1610,Apple,2,Good,2117,656,12,128,4,4.7,1555.95
1611,Asus,1,Excellent,605,8122,14,256,8,3.0,773.34
1612,Lenovo,2,Fair,2255,5552,3,128,16,3.1,1319.2
1613,HP,4,Fair,439,3667,15,128,32,3.2,278.95
1614,Acer,4,Good,1043,3999,11,1024,8,2.8,469.78
1615,Acer,0,Fair,1930,6577,3,1024,4,4.1,1233.1
1616,Lenovo,5,Poor,2307,7600,2,1024,8,2.7,953.95
1617,Asus,2,Good,1297,1116,21,512,16,2.8,1302.11
1618,Dell,3,Good,1485,6570,16,256,4,4.1,975.51
1619,Asus,0,Good,1679,2162,21,1024,16,3.3,1465.8
1620,Lenovo,2,Fair,1070,9130,17,512,16,4.3,780.52
1621,Acer,2,Good,1905,9929,24,512,8,3.9,1113.13
1622,Asus,0,Good,1118,4421,17,256,16,3.1,1216.47
1623,Acer,4,Fair,1471,3596,22,256,4,4.1,705.95
1624,Dell,2,Good,2355,1913,16,128,16,2.8,1839.42
1625,Acer,4,Poor,1559,6356,11,512,16,3.8,518.17
1626,Acer,0,Good,649,9743,22,1024,8,3.6,821.31
1627,HP,4,Excellent,2292,2413,20,256,16,3.2,1569.46
1628,HP,1,Fair,2253,9806,23,512,32,4.0,1691.41
1629,Apple,3,Fair,1903,1331,3,1024,8,4.7,1049.79
1630,HP,6,Good,1634,9937,11,512,8,5.0,463.21
1631,Acer,2,Fair,443,5931,22,256,4,4.0,223.61
1632,Lenovo,5,Poor,982,3099,21,128,4,3.5,337.67
1633,Acer,3,Good,1688,3540,20,512,4,3.1,1386.35
1634,Lenovo,6,Poor,619,4156,19,1024,4,3.1,100.0
1635,Lenovo,4,Excellent,2325,405,14,256,32,3.7,2053.27
1636,HP,2,Good,1390,1789,22,128,8,3.4,1132.22
1637,Asus,4,Excellent,2212,9809,15,1024,16,4.8,1582.38
1638,Dell,1,Fair,1257,4017,4,1024,4,3.4,762.33
1639,HP,0,Fair,1203,7180,20,1024,4,3.4,929.88
1640,HP,2,Excellent,889,8711,14,512,4,3.5,734.78
1641,Asus,6,Good,2180,3036,16,256,16,4.6,1215.73
1642,Dell,6,Good,1893,3962,17,1024,4,4.1,971.57
1643,Acer,1,Excellent,2105,9742,4,512,16,4.0,1613.82
1644,Apple,1,Fair,453,5749,12,256,8,3.3,361.85
1645,Apple,2,Fair,1015,3361,18,256,8,4.5,569.6
1646,Acer,4,Good,1482,9456,12,512,8,2.6,706.71
1647,HP,5,Poor,2248,1919,17,512,32,4.7,1559.39
1648,Dell,6,Good,1354,1442,13,1024,16,3.8,914.38
1649,HP,6,Poor,2029,5660,3,256,4,3.5,674.75
1650,Lenovo,1,Fair,1049,2326,3,128,4,3.7,632.38
1651,HP,3,Good,794,1179,19,512,4,4.2,643.68
1652,HP,1,Excellent,1759,4306,19,256,4,2.5,1556.4
1653,Acer,5,Fair,770,6380,18,256,32,4.7,589.51
1654,Acer,4,Good,1257,7335,12,1024,4,3.6,436.43
1655,Acer,4,Excellent,1190,913,11,128,32,3.4,1019.37
1656,Apple,3,Excellent,1057,5189,6,1024,16,2.8,1016.19
1657,Lenovo,6,Good,1792,2131,24,128,8,3.6,954.08
1658,Acer,1,Good,783,8614,11,128,4,3.7,446.67
1659,Dell,4,Fair,638,9195,20,512,8,3.5,100.0
1660,Apple,5,Fair,594,9833,3,256,16,4.2,100.0
1661,Asus,2,Excellent,1552,6011,1,256,16,3.6,1060.77
1662,Dell,0,Fair,2415,2753,1,256,4,4.9,1834.51
1663,Dell,0,Excellent,555,3440,4,128,16,4.0,836.75
1664,Acer,0,Fair,1322,7976,22,256,8,4.5,986.58
1665,Asus,6,Fair,2009,1241,9,512,4,2.8,900.59
1666,Asus,1,Good,1374,9141,9,128,32,3.5,1297.05
1667,Apple,3,Fair,1630,8658,8,128,4,3.3,775.88
1668,Asus,4,Good,2214,2997,12,128,8,3.9,1451.78
1669,Lenovo,2,Good,1237,9381,6,128,4,4.7,606.68
1670,Acer,5,Fair,2407,4141,4,512,4,2.7,1056.2
1671,Asus,2,Good,1763,2138,9,256,8,2.7,1311.88
1672,Apple,5,Good,603,4370,9,512,4,4.6,100.0
1673,Lenovo,6,Good,560,4783,5,256,4,3.0,100.0
1674,HP,1,Fair,791,594,18,512,8,4.2,754.14
1675,HP,0,Good,1168,7216,20,1024,16,3.9,1269.24
1676,Lenovo,1,Excellent,1493,1884,7,1024,8,4.6,1221.5
1677,Apple,6,Fair,804,3610,0,1024,4,2.8,100.0
1678,Lenovo,3,Fair,1007,3886,16,1024,32,2.8,833.95
1679,Acer,3,Excellent,2014,5366,6,128,32,3.9,1715.94
1680,Acer,6,Good,1940,9290,13,128,8,4.9,914.68
1681,HP,5,Excellent,2237,5528,20,512,32,3.5,1881.6
1682,Asus,4,Good,1089,6781,20,512,4,3.3,688.63
1683,Apple,4,Good,1640,6993,16,1024,4,4.0,1063.75
1684,HP,5,Fair,765,9743,8,256,8,4.8,124.52
1685,Asus,3,Fair,2122,4758,16,1024,4,4.6,1289.41
1686,Asus,3,Good,854,7182,4,512,16,5.0,543.73
1687,Acer,3,Good,503,6969,24,1024,4,2.6,413.93
1688,Dell,1,Fair,476,7707,19,512,8,2.8,384.89
1689,Dell,3,Good,629,7769,7,1024,16,4.0,393.64
1690,Lenovo,2,Poor,2337,6319,5,256,16,4.6,1346.04
1691,Acer,0,Good,1605,4634,10,1024,32,3.2,1633.81
1692,Asus,3,Excellent,1292,6079,18,256,4,3.1,826.91
1693,Apple,5,Fair,1973,8990,3,256,8,4.5,867.23
1694,Dell,0,Good,2474,1412,17,512,32,2.6,2291.28
1695,Asus,1,Fair,2075,3062,0,256,32,3.4,1799.55
1696,Dell,5,Excellent,698,3038,12,128,4,3.8,195.44
1697,Dell,0,Excellent,1356,3297,13,128,4,3.9,1233.54
1698,Dell,5,Fair,1514,5396,23,128,8,4.3,678.7
1699,Apple,1,Good,1874,7304,0,512,32,3.4,1642.2
1700,Acer,2,Fair,764,5830,10,128,8,4.0,407.04
1701,Apple,1,Good,2098,226,16,512,32,4.0,2022.06
1702,HP,1,Good,750,5702,3,512,32,3.9,759.18
1703,Asus,5,Fair,2304,1291,11,128,32,4.1,1363.87
1704,Acer,6,Good,1411,2739,9,256,4,3.1,583.41
1705,Acer,4,Good,898,1466,5,1024,32,2.7,670.56
1706,Acer,3,Good,1349,9311,24,512,32,2.8,1063.85
1707,Acer,3,Excellent,2394,6553,0,128,32,3.1,1848.61
1708,Apple,2,Good,2446,6771,6,512,16,3.8,1579.35
1709,Acer,2,Fair,907,6783,20,256,4,4.6,650.99
1710,Lenovo,3,Poor,1727,4639,15,256,16,4.3,1047.45
1711,Asus,4,Fair,565,8976,23,128,4,4.5,100.0
1712,Acer,3,Fair,1319,2987,13,512,8,3.4,648.4
1713,Asus,6,Fair,513,9754,22,1024,16,3.5,100.0
1714,Lenovo,4,Fair,1391,4186,19,1024,8,3.5,671.16
1715,Lenovo,2,Good,2351,2361,19,512,32,3.0,2082.72
1716,Asus,0,Poor,1658,4280,5,512,8,2.7,960.27
1717,Dell,5,Fair,914,2941,21,512,8,4.0,401.61
1718,HP,6,Good,1631,6140,24,128,8,5.0,652.66
1719,Dell,6,Excellent,1108,3660,4,256,8,2.9,564.98
1720,Dell,2,Good,738,4858,23,1024,4,2.6,568.66
1721,Apple,2,Good,467,726,20,128,16,4.4,636.86
1722,Dell,1,Fair,1996,5114,17,512,4,3.1,1297.22
1723,Acer,6,Good,1964,1475,14,512,4,4.6,905.53
1724,Apple,1,Good,782,1281,5,256,4,4.3,555.45
1725,Apple,1,Poor,418,5808,24,512,8,4.9,350.24
1726,Lenovo,5,Excellent,972,590,18,128,4,3.5,679.19
1727,Dell,1,Good,1699,3829,0,128,16,4.2,1399.87
1728,Lenovo,4,Excellent,2343,6074,0,256,4,3.7,1396.05
1729,Asus,3,Fair,1050,3634,12,128,32,4.1,828.19
1730,HP,0,Poor,2045,3396,2,1024,8,3.6,1137.67
1731,Apple,2,Good,1393,2040,9,128,32,3.0,1253.65
1732,Asus,4,Fair,1738,5114,20,128,16,3.8,987.35
1733,Asus,0,Good,1300,1982,2,128,16,3.8,1385.0
1734,Acer,6,Poor,2084,5008,8,1024,16,4.5,926.02
1735,HP,6,Fair,1985,3087,7,512,16,4.3,1091.64
1736,Asus,6,Fair,2323,5685,2,128,4,4.2,935.82
1737,Asus,4,Excellent,2181,3259,24,256,8,2.8,1479.52
1738,HP,4,Poor,1536,4630,12,1024,16,4.3,750.28
1739,HP,2,Fair,2344,781,5,256,32,3.8,1798.18
1740,Asus,3,Good,1437,5354,12,128,16,4.7,898.52
1741,HP,1,Fair,2138,1173,22,256,8,4.8,1560.42
1742,Asus,6,Good,687,2487,19,128,32,2.6,462.04
1743,Asus,5,Fair,1990,2793,19,1024,32,4.6,1544.16
1744,Acer,3,Excellent,2145,9662,11,256,32,2.6,1439.11
1745,Dell,5,Fair,1498,4440,12,256,4,3.4,665.76
1746,Asus,2,Good,1339,2256,1,128,16,3.9,908.51
1747,Lenovo,2,Excellent,1848,8066,20,128,4,2.9,1188.58
1748,Apple,2,Good,970,2680,23,512,32,4.4,1278.45
1749,Dell,0,Excellent,1400,7357,22,128,4,2.5,1333.5
1750,Dell,5,Good,1605,2259,15,128,4,2.9,948.47
1751,Dell,3,Good,1317,6872,22,512,4,4.0,909.28
1752,Acer,3,Good,2274,1727,5,128,16,4.3,1769.15
1753,Asus,4,Good,1232,8319,18,128,32,4.8,982.94
1754,Acer,4,Good,2078,7180,20,512,32,4.3,1526.51
1755,Asus,6,Fair,1015,2085,12,1024,16,4.2,445.84
1756,Acer,4,Excellent,805,9813,16,1024,4,3.5,580.19
1757,Acer,2,Poor,2149,8588,22,128,4,2.5,988.45
1758,Apple,3,Fair,492,2281,8,128,8,2.8,100.0
1759,Lenovo,5,Fair,1053,2396,16,512,8,3.8,384.61
1760,Acer,2,Good,833,7264,1,512,8,4.2,278.35
1761,Apple,0,Fair,1535,2697,18,1024,16,3.5,1382.05
1762,HP,4,Excellent,774,1001,18,256,32,4.3,773.94
1763,Lenovo,2,Excellent,1466,6160,23,128,8,3.8,1220.45
1764,Acer,2,Good,606,9390,6,256,32,2.7,652.16
1765,Dell,0,Fair,1179,1777,21,256,32,3.0,1256.72
1766,HP,1,Excellent,1719,2981,9,512,32,4.6,1949.5
1767,HP,3,Good,1541,5722,9,128,16,4.3,872.79
1768,Apple,5,Poor,931,8152,19,128,16,4.7,268.72
1769,HP,6,Fair,489,1478,8,512,16,2.8,100.0
1770,Lenovo,1,Good,1517,1348,16,256,16,5.0,1221.23
1771,Acer,4,Excellent,412,5750,14,512,8,3.0,554.09
1772,Acer,2,Fair,2257,6179,1,1024,4,2.5,1244.12
1773,Dell,0,Good,1204,9556,3,128,4,5.0,738.19
1774,Apple,0,Excellent,1344,7136,18,1024,4,3.2,1142.41
1775,Dell,3,Excellent,2257,6587,16,512,8,4.2,1579.33
1776,HP,1,Poor,2010,1158,4,128,4,2.9,1113.05
1777,Dell,6,Fair,2359,2148,6,1024,8,4.0,1145.83
1778,Lenovo,3,Fair,1452,6215,17,1024,8,4.8,818.57
1779,Acer,2,Fair,695,4348,20,256,8,3.3,498.85
1780,HP,3,Good,1325,2576,21,128,4,4.2,868.33
1781,Dell,5,Good,1039,4703,6,1024,32,3.0,538.2
1782,Apple,0,Good,1027,3653,16,1024,4,4.1,1001.21
1783,Lenovo,0,Good,1567,320,6,256,4,3.3,1056.28
1784,Lenovo,4,Good,1341,4918,3,1024,16,3.0,842.0
1785,Dell,4,Fair,1229,7292,7,1024,8,3.3,368.54
1786,Acer,6,Good,2170,4723,12,1024,32,2.9,1428.68
1787,Dell,2,Fair,1375,7449,3,256,16,4.8,921.41
1788,HP,5,Good,1354,5718,5,1024,32,3.5,818.2
1789,Dell,1,Good,1662,9956,24,1024,32,3.1,1657.45
1790,Lenovo,3,Good,1351,7309,4,128,8,3.6,662.33
1791,Dell,6,Good,1343,4676,11,128,4,3.3,643.61
1792,Acer,2,Fair,1604,1971,3,256,8,4.4,935.29
1793,Apple,4,Good,1934,8015,23,512,8,4.9,1091.64
1794,Asus,3,Good,1496,1562,8,128,16,3.6,1140.31
1795,Dell,4,Excellent,578,5621,3,256,8,4.7,276.08
1796,Acer,3,Good,2228,8636,18,1024,4,3.9,1300.08
1797,Acer,1,Good,1657,8336,23,1024,32,2.9,1528.79
1798,Apple,2,Fair,864,7913,13,256,8,4.2,413.79
1799,Lenovo,3,Poor,2174,2168,4,1024,32,3.8,1567.04
1800,Acer,5,Good,1630,5853,17,1024,8,4.1,715.69
1801,Acer,6,Fair,1284,7337,9,512,32,4.7,594.44
1802,Acer,0,Good,1732,7116,24,1024,8,3.6,1552.31
1803,Acer,5,Good,2054,6291,18,128,16,4.8,1239.41
1804,HP,5,Excellent,1344,1614,11,1024,32,4.4,1356.16
1805,HP,6,Good,1324,2698,17,256,8,3.7,612.2
1806,Lenovo,0,Good,2338,1101,16,512,8,4.0,1918.68
1807,Dell,5,Good,893,1133,23,1024,16,3.3,735.28
1808,Acer,3,Excellent,1946,6999,10,256,16,5.0,1442.34
1809,Apple,3,Excellent,2369,8565,2,128,16,4.2,1538.92
1810,Dell,3,Good,1494,5151,22,1024,32,2.6,1387.86
1811,Apple,0,Poor,2225,4576,16,512,32,3.3,1685.56
1812,Dell,5,Good,1162,578,0,1024,16,4.1,635.65
1813,Lenovo,0,Good,449,615,14,256,4,2.6,556.16
1814,Acer,3,Excellent,1305,1291,8,512,4,2.6,1106.24
1815,Acer,6,Good,963,6397,14,1024,8,3.6,100.0
1816,Asus,5,Good,1182,9703,23,128,4,3.3,473.52
1817,Apple,5,Good,2440,371,2,512,8,3.6,1405.11
1818,Dell,4,Good,2231,8434,21,128,32,3.2,1397.45
1819,Dell,4,Excellent,983,7878,18,256,32,2.9,929.45
1820,HP,1,Excellent,1719,6108,12,1024,4,4.2,1472.15
1821,Asus,2,Good,635,8087,11,128,32,3.8,727.78
1822,HP,4,Excellent,2342,3432,19,256,16,3.0,1445.8
1823,HP,0,Excellent,759,887,0,1024,16,3.3,1197.73
1824,HP,4,Good,2330,6322,20,256,4,4.0,1291.16
1825,Apple,1,Fair,509,9973,16,128,4,2.7,240.42
1826,Apple,5,Good,591,722,12,256,8,2.9,310.69
1827,Lenovo,1,Good,1303,3941,0,512,32,2.7,1139.72
1828,Lenovo,5,Good,1516,3776,9,1024,8,4.5,896.97
1829,HP,6,Poor,1261,2672,14,256,8,4.4,230.78
1830,Asus,6,Good,1483,7015,6,128,16,4.4,419.68
1831,Dell,5,Excellent,1049,5133,21,1024,16,4.3,948.22
1832,Apple,2,Good,438,7888,17,512,16,4.2,362.96
1833,Asus,4,Excellent,1036,5314,15,1024,16,3.7,773.02
1834,Acer,0,Good,1436,4812,13,512,8,4.1,1195.75
1835,Apple,0,Good,435,166,17,1024,16,2.6,867.74
1836,Apple,3,Fair,1761,7633,6,256,32,4.1,1132.58
1837,Lenovo,5,Good,2383,4716,16,256,16,4.4,1514.34
1838,Dell,0,Fair,565,1240,17,128,16,3.8,566.54
1839,Dell,2,Poor,2279,5830,11,512,16,3.4,1250.32
1840,Acer,5,Excellent,430,7565,7,128,4,3.2,100.0
1841,Acer,2,Good,410,9479,21,256,32,4.1,773.79
1842,Apple,0,Good,2411,4571,1,512,32,4.2,2058.45
1843,HP,0,Good,885,3439,6,128,8,4.7,946.04
1844,Lenovo,3,Good,1689,648,3,128,8,3.4,1083.75
1845,Lenovo,0,Poor,1847,7775,17,128,16,4.4,1184.05
1846,Apple,5,Fair,2343,8364,5,128,4,3.9,915.42
1847,Asus,6,Good,2363,298,8,128,8,4.7,1275.9
1848,HP,5,Good,2251,671,8,512,8,3.8,1383.7
1849,Apple,5,Fair,1869,890,13,128,16,3.8,1162.3
1850,HP,3,Poor,1766,9930,7,512,16,3.9,802.58
1851,HP,3,Fair,1390,1274,18,128,8,4.4,978.6
1852,HP,0,Excellent,1224,278,2,256,8,4.9,1172.65
1853,Apple,1,Good,1862,2344,17,256,32,2.7,1704.72
1854,Lenovo,1,Excellent,625,4186,4,128,4,2.6,521.41
1855,Lenovo,3,Good,1176,834,13,1024,32,4.8,1240.91
1856,HP,0,Excellent,1512,6332,3,256,8,3.8,1255.08
1857,Asus,1,Good,1087,898,6,512,32,4.0,1310.04
1858,Dell,0,Fair,929,7701,19,128,32,3.7,888.46
1859,Apple,0,Excellent,1371,9079,24,512,8,2.7,1301.44
1860,Dell,0,Good,1335,2895,11,1024,16,4.4,1413.98
1861,Asus,4,Good,1822,4688,1,128,8,4.4,762.81
1862,Apple,5,Good,1694,7397,10,256,16,3.3,1086.82
1863,HP,0,Excellent,2398,3184,13,512,8,3.3,2007.74
1864,Lenovo,4,Good,1926,831,21,256,8,4.6,1105.1
1865,Dell,3,Fair,1078,1229,22,256,8,2.7,682.26
1866,Acer,1,Excellent,439,1705,15,128,4,4.7,668.31
1867,Acer,5,Excellent,1505,3033,19,512,16,3.1,1091.2
1868,Asus,6,Good,1244,9507,5,1024,4,4.0,419.96
1869,HP,1,Poor,2143,8616,22,256,8,4.8,1340.77
1870,Dell,5,Fair,846,5174,3,128,32,4.2,402.58
1871,HP,6,Fair,1634,7199,14,128,4,3.5,517.38
1872,Dell,1,Good,1750,1590,23,1024,16,4.2,1629.23
1873,Asus,5,Good,626,993,24,128,8,3.4,525.86
1874,Asus,1,Excellent,447,1490,0,256,4,3.2,387.86
1875,Acer,1,Good,1862,3489,6,128,32,5.0,1679.28
1876,HP,6,Poor,2230,4339,24,512,4,4.4,916.49
1877,Apple,1,Good,586,4579,11,512,16,4.1,750.71
1878,Acer,1,Fair,2332,2363,9,256,4,3.4,1430.82
1879,HP,6,Fair,1248,3532,4,512,32,2.6,407.49
1880,Acer,3,Excellent,2432,2471,11,1024,32,2.6,2090.63
1881,Apple,0,Poor,1652,4412,17,128,16,3.9,1207.86
1882,Lenovo,2,Excellent,1813,1615,9,256,32,4.4,1901.51
1883,Lenovo,4,Good,1378,6426,5,1024,8,3.8,601.93
1884,Lenovo,2,Excellent,2012,7188,11,128,32,4.6,1867.81
1885,Lenovo,2,Excellent,1416,5686,6,1024,8,2.6,1342.91
1886,Dell,5,Good,2281,3017,17,256,4,3.4,1241.93
1887,Lenovo,0,Good,669,5831,1,256,8,3.1,446.46
1888,Apple,5,Good,2030,7786,9,1024,8,3.6,1006.07
1889,Asus,0,Good,709,1267,14,128,4,2.7,754.82
1890,Asus,6,Excellent,2443,8402,11,512,32,4.9,1695.24
1891,Dell,6,Excellent,1974,5209,16,512,8,3.1,1070.7
1892,Lenovo,0,Good,1495,4427,3,1024,32,4.8,1702.51
1893,Lenovo,1,Good,2095,5910,6,256,4,3.6,1291.03
1894,Lenovo,3,Fair,1845,3755,8,128,16,5.0,947.69
1895,Acer,1,Fair,619,3893,18,128,32,3.9,881.94
1896,HP,3,Fair,452,6838,22,256,32,4.8,221.87
1897,Acer,5,Fair,2157,1677,6,512,16,2.5,1120.67
1898,HP,3,Good,1874,9588,22,128,16,4.4,1556.41
1899,Lenovo,5,Fair,2066,2320,1,1024,4,4.8,967.62
1900,Lenovo,6,Good,1660,9264,5,512,32,2.8,756.28
1901,Acer,2,Good,1119,1130,17,1024,32,2.7,1249.28
1902,Acer,6,Fair,805,6791,5,512,4,3.6,100.0
1903,HP,6,Good,471,4092,12,256,32,4.8,316.39
1904,Asus,2,Fair,2253,1013,18,1024,8,3.9,1655.27
1905,HP,3,Fair,2453,6458,1,1024,8,3.8,1241.01
1906,Acer,3,Fair,1629,2281,11,256,8,2.9,1083.06
1907,Apple,5,Poor,1967,3297,14,1024,32,2.5,1148.56
1908,Acer,1,Good,786,6140,13,512,8,4.5,761.04
1909,Apple,5,Good,2191,1562,5,128,8,2.7,1122.53
1910,Dell,1,Good,1098,7137,17,128,4,4.1,940.15
1911,Acer,6,Good,1600,9599,4,256,4,4.8,470.8
1912,Dell,2,Good,1226,5094,17,512,16,3.0,1026.27
1913,Asus,6,Fair,2222,9481,2,1024,16,4.2,837.88
1914,HP,0,Fair,748,5408,2,1024,16,2.7,545.23
1915,Apple,3,Good,1678,6321,21,128,16,4.0,1251.74
1916,HP,1,Excellent,707,7190,21,1024,4,2.9,741.36
1917,Dell,5,Good,1550,7869,9,128,4,4.3,541.63
1918,Apple,2,Excellent,2360,787,18,256,4,3.3,1778.49
1919,HP,1,Fair,1165,4761,2,1024,8,3.7,826.04
1920,Acer,5,Good,1124,9499,11,512,8,4.0,335.18
1921,Lenovo,3,Excellent,2019,1994,15,1024,16,2.9,1652.65
1922,Dell,6,Excellent,782,7489,16,128,8,4.4,294.82
1923,HP,3,Good,924,5022,6,256,32,3.3,601.8
1924,Dell,4,Good,675,6422,12,128,4,4.2,100.0
1925,Dell,0,Good,736,3283,23,1024,16,2.9,1045.87
1926,Apple,4,Excellent,2373,3897,1,128,16,4.2,1515.56
1927,Apple,2,Good,880,5278,3,128,32,2.8,919.96
1928,Lenovo,1,Good,1310,9936,9,256,8,3.6,960.26
1929,Acer,2,Fair,2396,4068,6,512,16,3.1,1620.58
1930,Dell,6,Good,1751,2816,23,1024,8,4.4,1199.65
1931,HP,5,Good,2433,290,16,256,8,3.2,1474.37
1932,Asus,3,Good,2154,1435,19,512,32,4.7,1900.07
1933,Dell,4,Poor,508,8281,5,128,16,4.7,100.0
1934,Dell,4,Good,727,478,18,512,8,3.0,746.8
1935,Lenovo,6,Fair,2199,3929,4,128,8,4.0,1097.73
1936,Acer,4,Excellent,714,6480,9,128,32,2.7,673.53
1937,Asus,6,Good,1534,715,8,256,32,3.5,1056.36
1938,Apple,2,Excellent,1180,2430,12,128,8,4.3,1180.42
1939,Apple,3,Good,1920,1854,18,256,32,4.1,1617.42
1940,HP,1,Poor,555,563,20,512,8,4.1,359.97
1941,Asus,5,Good,1896,9258,23,512,16,3.2,1169.31
1942,Apple,1,Excellent,2124,4367,5,128,4,3.4,1595.51
1943,HP,2,Excellent,1286,3258,3,256,32,2.8,1307.23
1944,Acer,5,Good,1121,3724,23,128,4,4.3,480.36
1945,HP,4,Excellent,1312,5038,2,256,8,3.8,613.56
1946,Apple,0,Excellent,1270,5517,2,256,8,4.3,1179.67
1947,Lenovo,2,Fair,412,6104,3,256,8,3.1,158.18
1948,Lenovo,2,Good,897,8981,24,512,4,3.3,582.9
1949,Lenovo,3,Good,2156,5703,4,256,8,3.3,1416.95
1950,Apple,1,Poor,1517,2312,7,512,32,2.6,1090.82
1951,Lenovo,2,Excellent,1594,6220,15,256,16,3.4,1225.61
1952,Asus,2,Poor,2404,5918,21,512,16,4.5,1498.89
1953,Acer,4,Good,2047,482,2,1024,32,4.7,1586.16
1954,HP,4,Fair,1990,2356,23,512,16,3.8,1354.56
1955,HP,5,Good,1890,1512,11,512,4,3.6,962.16
1956,Apple,6,Fair,542,9875,24,128,8,2.6,100.0
1957,Lenovo,6,Poor,1624,6246,7,256,8,4.7,562.62
1958,Lenovo,0,Good,964,471,12,1024,8,2.5,1034.83
1959,Dell,6,Poor,2115,5906,3,128,4,4.9,732.31
1960,Acer,3,Good,816,5665,13,256,4,3.7,329.61
1961,Asus,0,Good,2248,8902,13,1024,4,3.4,1748.09
1962,HP,5,Good,2117,8407,12,1024,32,4.8,1528.52
1963,Dell,4,Good,1790,7537,5,1024,4,2.6,983.34
1964,Dell,6,Excellent,1467,546,16,256,16,4.0,1008.82
1965,Apple,1,Good,2266,1491,3,1024,32,3.9,1708.12
1966,HP,4,Good,1521,1440,7,1024,32,3.0,1170.4
1967,Apple,3,Fair,1688,3039,16,128,32,3.6,1202.87
1968,Asus,4,Fair,2206,6069,2,512,4,4.1,921.31
1969,Dell,3,Good,1904,9365,16,256,32,4.3,1434.18
1970,Dell,3,Good,1416,4913,8,512,4,2.5,758.64
1971,Acer,3,Good,1352,3669,1,128,4,4.8,666.85
1972,Asus,5,Excellent,471,5554,24,512,32,2.9,486.38
1973,Dell,3,Excellent,2090,3250,12,1024,8,3.1,1491.62
1974,Asus,3,Good,1691,9897,19,1024,8,3.2,1157.79
1975,HP,1,Good,1744,6514,1,256,32,2.6,1369.13
1976,Lenovo,0,Poor,1282,4757,19,256,8,2.8,787.36
1977,Dell,2,Good,538,7047,10,256,16,5.0,420.34
1978,Acer,0,Good,1904,8043,21,128,16,3.3,1606.66
1979,HP,3,Good,1132,3762,14,256,4,2.8,723.85
1980,Asus,1,Excellent,2148,4582,10,128,8,2.8,1369.42
1981,Apple,4,Good,823,4897,22,1024,16,4.3,750.61
1982,HP,1,Good,1991,5168,2,512,32,4.6,1841.55
1983,Dell,3,Good,789,5580,2,1024,8,3.1,324.25
1984,Asus,1,Good,741,8133,11,1024,16,2.6,595.02
1985,Lenovo,6,Poor,1345,1083,23,1024,16,3.1,522.07
1986,HP,1,Fair,1013,5707,4,256,32,2.6,778.65
1987,Dell,3,Good,892,8643,19,256,4,2.8,462.6
1988,Acer,5,Good,591,9571,6,256,32,3.6,100.0
1989,Apple,6,Good,898,2007,6,512,4,3.1,120.69
1990,Asus,1,Good,1221,7024,12,256,16,3.8,1156.45
1991,HP,2,Good,2135,9316,8,128,4,3.1,1146.27
1992,HP,2,Excellent,1656,8837,24,1024,16,4.9,1593.74
1993,Lenovo,1,Good,2368,4274,20,512,16,4.8,1956.84
1994,Lenovo,5,Good,626,9180,12,512,8,3.9,100.0
1995,Acer,4,Good,1794,7365,11,512,4,3.4,990.47
1996,Apple,3,Poor,1216,9397,12,512,4,3.5,298.67
1997,Acer,2,Poor,1873,2090,23,512,4,3.5,1062.61
1998,Dell,4,Fair,1486,5696,9,128,32,4.3,950.24
1999,Dell,1,Good,503,4098,0,1024,8,3.6,521.88
2000,Acer,4,Fair,2274,3875,24,512,8,4.6,1422.94
2001,Apple,6,Excellent,1270,9212,7,1024,8,4.9,694.95
2002,Acer,0,Fair,1067,4745,21,256,32,3.3,1204.22
2003,Apple,2,Excellent,2442,2161,15,512,4,3.9,1732.67
2004,Apple,1,Fair,672,4587,12,512,4,2.7,363.72
2005,Asus,3,Good,1429,4535,2,1024,4,3.0,1115.7
2006,Apple,5,Fair,1451,2744,2,512,8,3.5,619.96
2007,Lenovo,6,Poor,1973,1145,23,512,8,3.0,1071.71
2008,Apple,1,Excellent,692,8051,4,512,16,4.7,897.03
2009,Apple,3,Good,1692,6549,10,128,32,2.9,1292.5
2010,Apple,5,Poor,707,2781,6,128,32,3.6,234.41
2011,Dell,5,Good,1376,3299,20,512,8,4.0,785.23
2012,Lenovo,1,Fair,1651,6868,23,128,16,4.2,1047.91
2013,Lenovo,6,Good,1670,9230,9,256,4,3.5,567.03
2014,Acer,4,Good,1917,7540,9,512,8,4.7,1181.58
2015,Asus,4,Good,1609,8733,19,256,32,3.9,1102.04
2016,Apple,5,Good,1778,2650,1,1024,32,3.6,1276.57
2017,HP,4,Fair,2173,4325,2,256,32,2.7,1413.96
2018,Asus,0,Good,2119,696,7,1024,4,3.7,1628.9
2019,Asus,5,Good,2442,6154,10,512,32,4.6,1585.28
2020,Lenovo,5,Good,1195,1605,12,1024,4,4.0,540.75
2021,Asus,3,Good,1296,9153,6,1024,4,4.6,601.28
2022,Apple,4,Fair,2361,6568,12,256,4,3.7,1030.17
2023,Apple,6,Poor,609,7336,1,256,8,2.8,100.0
2024,Dell,5,Good,1367,1651,5,256,4,2.5,747.7
2025,Apple,6,Fair,871,6952,8,512,16,3.3,100.0
2026,Apple,0,Fair,1322,1549,19,512,32,4.2,1444.18
2027,Lenovo,3,Good,536,6053,24,256,8,4.5,345.27
2028,Apple,1,Poor,766,8556,1,512,32,3.2,598.85
2029,Dell,6,Good,583,8142,17,512,4,3.7,105.48
2030,HP,5,Excellent,1798,2759,15,1024,8,3.6,1306.05
2031,Lenovo,0,Fair,936,7609,24,1024,16,3.5,934.71
2032,HP,2,Good,2002,7993,11,256,4,3.1,1196.85
2033,Lenovo,0,Fair,1673,7545,6,512,32,2.8,1258.6
2034,Acer,0,Fair,1496,2821,6,1024,16,3.0,1428.15
2035,Asus,3,Excellent,1705,9754,16,128,4,2.6,976.67
2036,Acer,1,Fair,1315,9737,12,512,16,3.0,916.65
2037,Apple,2,Good,551,3025,10,128,4,2.5,476.72
2038,HP,4,Good,1428,9924,5,256,8,4.1,563.05
2039,Apple,4,Good,1618,7204,22,512,4,3.3,1006.36
2040,Asus,6,Poor,2377,6340,13,256,8,4.9,981.45
2041,Lenovo,0,Excellent,670,612,5,256,4,3.0,1011.48
2042,Asus,3,Good,1586,315,5,256,4,3.4,952.57
2043,Dell,3,Fair,859,7399,1,256,32,3.4,375.27
2044,Asus,4,Fair,504,3253,21,256,16,2.5,176.21
2045,Dell,6,Fair,2110,7550,19,512,16,4.6,1030.6
2046,Asus,6,Excellent,833,1806,24,128,16,2.6,598.36
2047,Dell,6,Good,539,1667,14,512,4,4.9,100.0
2048,HP,2,Good,1894,1228,16,512,4,4.7,1220.44
2049,Apple,1,Fair,486,3610,7,512,4,3.8,343.66
2050,Apple,2,Good,2111,7967,4,1024,8,3.9,1558.13
2051,Acer,5,Good,528,2465,16,1024,8,4.1,315.92
2052,Apple,5,Poor,1669,5683,19,512,32,3.5,950.65
2053,Lenovo,1,Excellent,2001,4997,0,128,4,4.1,1523.21
2054,Asus,4,Poor,1069,5818,21,512,16,2.6,442.06
2055,Acer,1,Fair,548,6101,17,256,16,2.6,547.32
2056,Lenovo,3,Fair,1384,4667,14,1024,32,3.6,1122.38
2057,Lenovo,5,Good,1251,9371,4,1024,16,3.9,531.53
2058,Dell,0,Excellent,1856,2841,6,512,32,4.7,1872.74
2059,Apple,0,Fair,1027,3120,17,512,4,2.8,795.61
2060,HP,4,Fair,1892,6356,5,128,16,4.6,986.55
2061,HP,3,Fair,2444,328,21,128,4,3.0,1485.03
2062,Acer,2,Excellent,1283,8462,20,256,8,3.5,1050.31
2063,HP,3,Fair,2188,394,4,512,16,3.3,1437.23
2064,Asus,0,Fair,649,4384,18,512,8,3.5,696.53
2065,HP,0,Fair,1347,8717,9,512,16,2.9,1098.86
2066,Acer,5,Fair,1374,6901,14,1024,4,3.8,496.3
2067,HP,3,Fair,1725,1018,9,256,32,4.5,1181.5
2068,Asus,3,Good,1383,598,15,128,4,3.6,899.73
2069,Dell,0,Excellent,1288,2909,11,1024,4,3.7,1310.8
2070,Acer,2,Good,1274,5061,17,1024,4,4.6,775.92
2071,Dell,4,Excellent,1726,9117,22,1024,16,4.3,1418.76
2072,Dell,6,Good,870,3879,0,1024,32,3.7,522.68
2073,Dell,4,Good,2387,2218,15,256,8,3.1,1532.72
2074,Lenovo,3,Excellent,490,6491,21,512,4,4.7,593.74
2075,Apple,4,Good,929,245,5,128,16,3.9,554.95
2076,Lenovo,0,Excellent,1060,8042,2,128,8,3.1,979.59
2077,Apple,0,Fair,1138,4665,1,1024,4,3.2,764.01
2078,Dell,3,Poor,1271,292,1,1024,8,4.5,576.36
2079,Acer,3,Excellent,2086,5287,12,256,4,2.6,1312.99
2080,Apple,6,Poor,591,6737,8,1024,8,5.0,100.0
2081,Asus,6,Good,2386,8343,15,128,8,2.8,1087.01
2082,Asus,5,Good,744,2510,4,128,32,4.5,607.04
2083,HP,3,Excellent,1408,1920,22,512,32,3.5,1300.66
2084,Apple,2,Good,602,3064,20,512,4,3.7,655.66
2085,Acer,4,Fair,972,2621,6,128,16,4.7,565.74
2086,Lenovo,3,Fair,591,2668,12,128,32,3.5,537.43
2087,Dell,1,Excellent,2452,5982,19,256,8,3.8,1916.04
2088,HP,5,Excellent,2313,1967,23,256,32,2.6,1884.76
2089,Asus,1,Good,2116,7565,12,128,32,2.5,1955.39
2090,Lenovo,0,Good,710,7702,6,1024,4,3.1,432.55
2091,Lenovo,6,Good,842,3299,9,512,32,4.2,623.99
2092,Dell,4,Good,1660,6203,14,128,32,2.8,1095.0
2093,Apple,3,Fair,1269,340,20,1024,8,2.8,858.28
2094,Asus,1,Poor,984,3540,5,128,32,3.5,730.55
2095,Acer,4,Good,1994,4731,4,512,8,4.1,1085.95
2096,Lenovo,0,Poor,1937,9699,22,512,32,4.3,1502.49
2097,Dell,6,Good,759,8374,1,256,32,2.9,141.06
2098,Acer,2,Good,2123,5177,20,256,16,2.7,1679.92
2099,Apple,5,Good,2477,3868,14,256,32,4.9,1548.42
2100,Asus,4,Good,2202,9242,15,256,8,3.2,1254.71
2101,Apple,4,Poor,2411,8095,18,512,8,4.6,1105.08
2102,Lenovo,2,Good,1243,8902,8,1024,4,4.7,656.23
2103,Acer,4,Good,2025,6529,21,1024,4,4.4,1259.18
2104,Acer,0,Good,1290,3705,18,1024,16,2.9,1166.1
2105,Acer,0,Excellent,2391,2273,6,128,8,4.6,1997.54
2106,Lenovo,2,Fair,2382,9814,3,256,8,4.4,1139.14
2107,Lenovo,5,Good,1359,6668,2,256,8,4.0,575.26
2108,Apple,3,Good,1868,2701,23,512,16,3.3,1337.2
2109,HP,1,Good,1861,2757,19,512,8,3.2,1448.59
2110,Apple,3,Good,1131,6180,10,128,4,2.8,604.28
2111,Asus,4,Excellent,1005,7425,0,128,16,3.8,518.61
2112,Dell,1,Fair,1014,2259,5,1024,4,4.0,696.75
2113,Acer,2,Good,2404,3930,10,512,4,3.4,1449.93
2114,HP,2,Fair,2119,8413,0,256,16,3.7,1266.59
2115,Dell,5,Fair,1073,4468,20,1024,32,3.4,906.16
2116,HP,1,Fair,1670,1417,6,256,32,4.1,1713.78
2117,Apple,0,Good,1987,4593,5,1024,4,4.8,1551.76
2118,Lenovo,1,Good,2011,1330,13,256,32,2.9,1919.2
2119,Acer,4,Excellent,1296,1233,1,128,8,3.5,667.75
2120,Apple,0,Fair,1862,7707,3,1024,16,2.9,1473.82
2121,Dell,6,Good,677,1401,10,256,4,4.1,213.13
2122,Dell,6,Good,951,2010,14,256,8,4.3,333.99
2123,Dell,6,Good,2036,8182,17,512,32,4.8,1399.53
2124,Dell,2,Excellent,1160,8207,0,1024,8,3.2,815.3
2125,Dell,1,Good,1849,9797,2,256,32,4.9,1429.6
2126,HP,6,Excellent,804,8070,2,512,4,2.7,177.34
2127,Apple,3,Fair,1758,2016,6,256,8,4.0,880.44
2128,Acer,5,Good,1632,7096,0,1024,16,2.6,911.48
2129,Lenovo,3,Excellent,421,2857,24,128,4,4.7,390.87
2130,Lenovo,6,Good,1077,6564,10,1024,8,3.8,264.86
2131,Apple,5,Excellent,2428,278,5,1024,8,4.2,1532.2
2132,Apple,4,Good,1631,9188,19,256,32,4.6,1254.88
2133,Lenovo,3,Fair,2455,6462,2,256,4,2.9,1165.0
2134,Lenovo,1,Excellent,2208,9843,18,1024,4,2.6,1530.25
2135,HP,1,Fair,928,8783,1,512,4,4.7,364.02
2136,Asus,3,Excellent,2437,160,17,512,4,3.3,1817.81
2137,Acer,6,Good,2076,9369,11,512,32,2.8,1066.04
2138,Dell,1,Fair,1056,6781,9,256,16,3.7,610.19
2139,Asus,4,Good,565,2995,4,256,4,4.0,383.98
2140,Apple,0,Excellent,1248,685,8,1024,32,2.6,1539.94
2141,Lenovo,6,Good,895,5923,1,128,16,3.2,175.61
2142,Asus,4,Good,989,634,1,256,16,2.6,562.76
2143,Acer,5,Fair,828,3562,5,1024,32,3.6,434.93
2144,Apple,4,Good,562,4111,9,1024,4,4.7,320.58
2145,Dell,6,Fair,1662,3498,17,128,16,5.0,875.9
2146,Dell,5,Fair,471,2255,11,512,4,4.1,100.0
2147,Acer,6,Good,1054,6066,3,1024,4,2.9,121.72
2148,Acer,1,Poor,668,7429,21,1024,8,4.8,517.84
2149,Lenovo,0,Good,2176,7057,20,1024,4,3.8,1694.36
2150,Dell,6,Poor,1668,9296,16,512,8,2.9,547.79
2151,Apple,6,Excellent,1415,5425,14,512,16,4.8,650.53
2152,Asus,1,Fair,1483,8618,5,128,32,4.4,1140.28
2153,Apple,2,Good,405,4803,15,256,8,4.3,557.52
2154,HP,1,Good,1381,2806,16,512,32,4.3,1431.13
2155,HP,5,Good,806,101,2,256,16,3.0,387.31
2156,Acer,1,Fair,2353,9325,9,256,4,3.0,1376.36
2157,Lenovo,1,Excellent,2473,8416,4,512,16,4.2,1840.13
2158,HP,0,Excellent,1385,1204,13,1024,32,3.0,1718.86
2159,Dell,1,Fair,789,1961,20,128,16,3.6,714.28
2160,Apple,6,Fair,1109,5369,12,256,4,4.5,128.36
2161,Apple,0,Poor,1871,7043,5,1024,16,4.5,1366.88
2162,Acer,3,Fair,1153,8420,11,512,4,3.6,484.02
2163,Asus,2,Poor,1811,537,7,256,8,4.5,1051.27
2164,Acer,0,Fair,1672,4946,4,256,32,4.6,1522.49
2165,Asus,5,Good,925,3229,14,256,4,4.1,356.57
2166,Acer,3,Excellent,1885,9513,15,1024,4,3.1,1171.92
2167,Acer,0,Fair,2460,8181,0,1024,16,3.2,1622.13
2168,Acer,0,Good,955,1001,15,1024,8,3.3,1059.82
2169,Asus,2,Excellent,418,5498,4,256,4,2.8,234.81
2170,Asus,6,Good,974,6778,2,256,8,3.2,110.1
2171,Acer,5,Poor,1403,5629,19,128,8,3.0,337.85
2172,HP,4,Good,2338,6704,14,128,16,3.6,1650.8
2173,Lenovo,4,Good,2339,4018,12,1024,4,4.8,1164.44
2174,Lenovo,0,Good,2035,1167,23,1024,16,2.8,1889.53
2175,Lenovo,1,Good,2098,126,15,512,32,4.3,2164.08
2176,Asus,5,Good,831,7037,22,1024,32,4.2,702.33
2177,Asus,3,Good,2491,7364,10,128,4,2.7,1502.63
2178,HP,1,Excellent,2295,7218,20,128,8,4.8,1833.52
2179,Lenovo,1,Fair,2343,647,1,128,4,3.9,1434.28
2180,Lenovo,5,Good,1740,8858,21,256,4,3.4,589.84
2181,Acer,6,Fair,544,8995,5,256,32,4.4,100.0
2182,Asus,0,Fair,1473,5438,5,1024,32,3.1,1261.86
2183,Lenovo,0,Good,1488,3240,13,512,8,4.2,1231.13
2184,Apple,0,Fair,1199,8096,24,512,8,2.6,858.01
2185,HP,0,Good,1551,1690,10,512,4,4.6,1501.35
2186,Apple,4,Fair,2356,7876,7,256,16,3.6,1465.46
2187,Apple,0,Good,862,5043,7,128,4,4.1,752.19
2188,HP,4,Fair,2174,9097,0,128,8,3.1,857.44
2189,Apple,4,Good,2445,7898,20,256,16,4.2,1430.56
2190,Lenovo,6,Good,1207,3891,6,512,32,4.4,795.09
2191,Asus,0,Excellent,586,1457,5,512,8,3.7,1023.73
2192,HP,2,Fair,2143,8192,20,1024,8,4.0,1331.34
2193,Acer,3,Fair,1131,3325,7,1024,16,3.6,466.05
2194,Apple,1,Good,2335,2560,18,512,8,4.7,1895.71
2195,HP,4,Good,1613,8837,21,256,8,3.7,984.54
2196,Dell,5,Good,1811,2828,20,512,8,4.6,936.83
2197,Dell,5,Fair,828,6826,23,1024,8,4.5,287.12
2198,Asus,3,Excellent,1707,7581,19,512,8,3.5,1274.11
2199,Lenovo,5,Fair,1617,6530,7,256,8,3.1,564.97
2200,Asus,2,Good,1710,3214,13,128,8,3.5,1132.31
