Age,Annual_Income,Num_Purchases,Avg_Order_Value,Website_Visits,Loyalty_Score,Gender,Education,Total_Spending
56,25287,18,91.11,24,58,Male,Master,2570.38
46,54387,21,28.71,4,49,Male,Master,1863.51
32,28512,15,227.0,28,23,Male,High School,4096.81
60,21342,33,49.78,15,89,Male,Master,2566.48
25,83076,35,108.18,1,34,Male,High School,4945.96
38,39216,26,21.07,3,26,Male,Bachelor,1620.0
56,113070,8,210.87,14,47,Female,PhD,3590.56
36,99767,36,66.8,38,5,Female,PhD,3722.56
40,117829,30,203.48,1,90,Female,Bachelor,8613.41
28,46614,23,297.69,38,20,Male,PhD,7525.8
28,56258,14,40.35,38,6,Male,PhD,1412.05
41,113789,14,41.58,21,70,Female,Master,2973.28
53,62078,2,115.31,48,59,Male,Bachelor,1995.69
57,103524,37,262.59,29,64,Female,Master,11896.82
41,116573,5,80.35,5,18,Male,Master,2238.47
20,32219,38,120.91,49,4,Female,PhD,5200.15
39,20235,14,39.18,10,17,Female,PhD,736.76
19,62929,39,233.68,28,14,Female,Bachelor,10157.84
41,87444,25,134.33,21,78,Male,PhD,5268.44
61,28567,20,232.59,7,13,Female,PhD,5221.3
47,90792,2,273.01,3,7,Male,Bachelor,2261.23
55,85441,39,85.17,45,44,Male,PhD,4754.73
19,104555,6,246.07,47,15,Male,Master,3197.59
38,93698,17,36.55,20,19,Male,Bachelor,1943.79
50,25415,25,271.68,19,63,Male,PhD,7639.72
29,56159,28,202.22,35,35,Male,High School,6724.85
39,63925,2,264.78,4,81,Male,Bachelor,1920.28
61,25951,35,20.05,5,35,Female,Bachelor,1517.98
42,107388,37,67.34,1,19,Female,High School,4294.75
44,28007,5,129.13,4,20,Female,PhD,1353.13
59,61832,1,126.26,12,100,Male,PhD,1797.99
45,78596,12,83.48,27,35,Male,Bachelor,2504.09
33,50523,36,126.85,42,32,Male,Bachelor,5903.64
32,108861,23,56.08,23,48,Male,PhD,3352.35
64,106740,31,135.57,25,44,Female,PhD,6326.96
61,35524,11,244.66,21,24,Male,Master,3365.5
20,39282,10,154.14,24,61,Female,Bachelor,2774.03
54,43930,3,25.04,25,17,Male,Bachelor,837.73
24,20077,14,138.0,45,71,Female,High School,2606.69
38,40611,16,27.61,46,50,Male,Master,1541.79
26,36984,10,290.55,32,65,Female,PhD,3973.71
56,34060,29,55.69,32,99,Male,Master,2738.19
35,102985,10,218.15,5,32,Female,PhD,4021.0
21,104056,12,292.38,36,36,Male,PhD,5295.37
42,63303,30,251.29,46,13,Female,Master,9148.14
31,79207,1,215.81,42,70,Female,Bachelor,1828.25
26,95046,5,255.05,49,58,Male,PhD,3081.0
43,49287,20,294.9,42,14,Female,Master,6963.74
19,113709,8,193.98,39,37,Male,High School,3611.52
37,59711,12,176.57,16,79,Male,Master,3805.89
45,31954,1,195.91,33,68,Male,High School,1342.28
64,93340,20,169.15,49,40,Female,PhD,5113.75
24,92101,28,197.82,21,59,Female,Master,7227.61
61,91520,37,145.96,9,80,Male,Master,7591.98
25,107062,37,81.16,6,92,Male,High School,5163.58
64,38574,12,53.67,45,16,Female,Master,1524.49
52,29184,37,39.14,35,62,Female,Master,2589.79
31,39096,28,93.73,39,4,Female,PhD,3301.84
34,87728,15,32.91,22,45,Male,Master,2167.95
53,54016,6,178.81,41,90,Male,Bachelor,2537.54
57,31246,20,99.47,5,28,Male,High School,2761.5
21,65558,14,250.87,42,96,Male,Master,4890.66
19,38381,2,40.79,23,66,Male,High School,1338.65
23,56455,9,83.38,17,31,Female,High School,1897.17
59,112263,37,224.47,12,3,Male,High School,10003.91
21,24018,20,187.67,23,8,Female,Master,4260.02
46,31302,26,38.06,16,24,Female,Master,1477.06
35,87506,29,265.63,3,15,Male,High School,8779.91
43,61157,1,265.63,30,43,Female,Bachelor,1657.27
61,74917,35,112.51,22,31,Male,High School,5551.09
51,112738,6,115.31,9,73,Female,Bachelor,2724.02
27,116646,37,296.93,29,45,Male,High School,12996.23
53,103122,5,195.33,47,66,Male,PhD,3258.33
31,44519,33,168.77,37,8,Female,High School,6429.03
48,116809,14,254.68,23,71,Male,High School,6376.12
32,107487,12,99.88,13,57,Female,Master,3454.21
25,76819,20,140.17,32,80,Male,Bachelor,4785.0
31,100910,24,94.98,46,99,Male,PhD,4562.6
40,91324,34,240.97,47,30,Male,Bachelor,9975.56
57,25408,25,180.54,48,74,Female,PhD,5806.93
38,79379,29,204.47,23,18,Female,High School,7285.66
33,45053,39,90.65,45,69,Male,Master,4835.56
62,29446,31,81.66,17,93,Female,Master,3772.35
35,20922,23,156.74,40,39,Male,Bachelor,4211.18
64,118723,38,226.52,21,60,Female,Master,10950.95
41,71356,20,167.07,2,98,Female,Bachelor,5236.34
43,30789,23,29.14,37,43,Male,Bachelor,1772.05
42,117720,16,263.19,6,45,Male,PhD,6320.43
62,86656,8,38.11,44,23,Male,Bachelor,1977.93
58,64028,21,287.63,18,69,Male,PhD,7564.72
46,84484,1,27.04,30,94,Male,Master,2202.26
32,52154,8,214.45,22,6,Female,Bachelor,2552.4
62,102870,29,43.02,33,56,Female,Bachelor,3390.65
18,22336,32,274.99,30,4,Male,High School,9335.96
42,87779,38,150.04,17,93,Male,Bachelor,7636.21
24,39029,5,58.51,43,23,Male,Bachelor,1313.34
26,79201,22,115.43,32,6,Female,High School,3814.5
41,52265,34,66.15,42,32,Male,High School,3302.61
18,63872,1,67.76,14,18,Male,Master,1091.34
61,66197,26,285.47,10,15,Female,Bachelor,8599.91
25,75180,10,144.67,47,40,Female,Master,2987.71
41,43710,30,240.86,36,96,Female,Master,8777.07
28,49486,18,199.09,34,73,Female,High School,5036.44
34,91907,17,209.4,9,74,Male,PhD,5639.69
25,91895,26,56.87,42,84,Female,Master,4029.49
52,84435,8,85.57,28,6,Female,PhD,2061.04
52,60631,12,240.29,11,63,Male,Bachelor,4208.76
50,40103,27,291.81,14,67,Male,High School,8741.44
22,84772,8,93.55,39,11,Male,Bachelor,2006.68
59,34382,25,96.04,47,43,Female,Bachelor,3540.03
56,104291,4,152.41,19,17,Male,High School,2455.99
58,23756,33,295.48,15,96,Female,Bachelor,10702.68
45,40609,1,95.31,28,4,Female,High School,1162.08
24,36478,19,133.95,24,63,Female,PhD,3693.23
26,59666,31,269.61,8,68,Male,Bachelor,9881.95
25,95683,16,20.82,43,81,Female,High School,2839.0
29,119097,14,31.13,9,41,Male,Master,2829.19
51,91315,5,189.14,47,83,Male,Bachelor,3190.6
50,97834,26,274.07,33,5,Male,PhD,8823.71
40,34153,28,86.88,33,32,Female,High School,3405.35
41,96325,2,151.5,19,86,Female,Bachelor,2437.73
54,32999,6,146.13,3,70,Female,Bachelor,1980.78
52,75318,9,152.43,10,35,Male,Bachelor,2887.79
61,20814,33,194.31,40,22,Female,PhD,6961.42
57,96077,25,151.53,47,65,Female,High School,5698.59
39,110474,13,145.29,42,84,Female,Master,4261.96
44,22443,9,152.8,1,22,Female,Master,1741.66
52,95993,13,185.44,29,11,Female,Master,4006.27
18,95916,31,170.36,34,77,Male,High School,7136.83
52,93319,11,259.16,13,3,Male,Master,4351.7
54,37368,4,33.86,1,9,Male,PhD,525.27
64,35328,34,253.33,34,60,Male,High School,9630.62
31,76942,38,256.3,29,76,Female,Bachelor,11635.15
20,111751,4,99.77,48,87,Male,PhD,2986.02
18,119131,38,149.6,47,14,Female,Bachelor,7778.62
22,47306,19,142.79,13,97,Male,Master,4272.56
43,105451,6,81.18,48,18,Male,PhD,2140.95
31,59915,34,131.1,49,73,Male,High School,6185.22
56,57219,18,32.43,29,23,Female,PhD,1519.56
44,100879,13,97.79,39,74,Female,Bachelor,3618.64
26,84644,23,248.67,24,83,Male,High School,7795.23
32,80279,19,99.68,26,47,Female,PhD,3729.94
32,73028,11,249.1,17,69,Male,PhD,4425.25
43,20126,1,168.85,7,47,Male,PhD,737.93
59,72329,24,266.36,13,87,Male,PhD,8005.68
30,47632,7,180.94,5,30,Female,High School,2053.82
49,85310,25,28.31,26,25,Male,Bachelor,1993.88
56,75176,21,209.12,49,28,Male,PhD,5982.46
49,106066,15,32.56,3,98,Male,High School,3029.5
21,64327,1,146.17,7,25,Female,Bachelor,1408.13
47,88904,12,280.24,49,74,Male,PhD,5381.48
54,23797,7,66.26,39,78,Female,Bachelor,1831.92
40,67882,15,129.16,1,58,Male,Bachelor,3406.91
56,33718,21,224.36,49,94,Female,High School,6100.47
62,54560,19,267.03,17,41,Male,Bachelor,6246.79
32,96589,29,207.86,43,25,Male,High School,7712.03
60,42116,25,92.29,25,78,Female,PhD,3707.64
46,56244,33,208.89,3,99,Female,Bachelor,8440.01
53,21645,32,103.08,15,48,Male,Bachelor,3932.15
30,67523,35,221.16,29,98,Female,Master,9697.67
49,39256,38,287.13,43,10,Male,PhD,11591.14
24,73173,26,221.99,32,99,Male,PhD,7745.36
39,57430,11,261.61,26,75,Male,Master,4339.96
45,59282,35,20.59,16,11,Female,Master,1728.15
19,83374,8,220.92,25,85,Male,High School,3646.98
59,88244,14,252.28,28,21,Female,High School,4983.49
62,31694,10,31.36,9,86,Male,Bachelor,1372.05
23,76264,2,264.05,1,45,Female,Bachelor,2160.56
45,95060,9,91.87,29,7,Female,Bachelor,2392.51
45,117416,3,206.28,22,81,Male,Bachelor,3209.86
61,77545,21,244.1,16,64,Female,High School,6987.08
61,59224,26,205.55,41,64,Male,PhD,6757.67
37,117945,8,45.84,44,2,Male,Bachelor,2372.13
47,33224,2,186.97,41,76,Male,PhD,1560.18
28,60738,6,173.88,7,42,Male,Bachelor,2280.55
45,45150,28,272.09,14,82,Male,Master,9167.63
42,83731,29,133.19,29,54,Female,Bachelor,5691.54
56,69688,26,109.9,19,75,Male,Bachelor,4487.86
50,119929,25,229.96,19,16,Female,Bachelor,7787.25
18,93509,12,135.55,2,18,Female,High School,2987.38
44,28577,5,200.91,41,99,Male,Master,2344.3
30,28070,34,201.01,45,59,Female,Bachelor,7592.45
58,28666,37,268.65,15,90,Male,Bachelor,10972.38
20,77761,15,187.63,3,16,Female,PhD,4202.56
56,56368,36,160.6,11,6,Female,Master,6296.58
23,26783,15,58.88,46,57,Female,Bachelor,2103.32
25,61914,23,52.41,30,47,Male,PhD,2695.31
44,90507,6,63.21,40,48,Female,PhD,1925.09
26,99026,21,68.12,18,42,Male,High School,3647.68
54,87526,23,198.61,48,76,Female,PhD,6986.04
50,90835,16,227.47,2,60,Female,Bachelor,5458.97
59,65765,15,168.4,32,77,Female,High School,4053.5
61,39956,25,252.12,8,4,Female,High School,7203.29
41,107895,36,297.55,22,2,Male,Bachelor,12338.66
32,66240,11,249.6,6,90,Male,Master,4495.36
49,57148,15,214.57,12,59,Female,PhD,4754.36
49,114270,4,169.1,47,27,Female,High School,2677.42
41,24757,21,145.68,40,27,Male,Master,3690.48
58,39097,13,43.63,36,79,Male,Bachelor,1666.79
29,30395,22,131.82,15,72,Male,PhD,3867.38
56,36241,19,274.84,28,7,Male,PhD,5838.46
19,47696,34,246.25,49,63,Female,High School,9504.16
20,90480,14,80.49,45,46,Female,PhD,2769.87
54,66163,4,150.65,18,63,Male,PhD,2140.09
34,39816,27,248.68,2,12,Male,PhD,7134.14
19,69840,29,38.87,13,13,Male,PhD,2172.96
19,72853,28,128.47,45,43,Male,Bachelor,5415.64
45,44917,35,258.52,15,17,Male,Master,9836.13
40,116731,8,133.09,20,63,Male,Bachelor,3289.08
54,41566,16,41.73,29,81,Female,Bachelor,1944.68
49,95452,36,171.91,42,36,Female,High School,7942.42
50,82823,30,261.29,29,85,Female,PhD,9905.28
18,40806,18,185.28,3,8,Male,Bachelor,4092.86
36,95520,2,83.36,19,69,Male,PhD,2130.91
19,21759,13,127.59,3,90,Male,Bachelor,2678.98
61,61949,4,146.03,14,80,Female,Bachelor,2378.27
43,112374,26,182.19,40,36,Male,High School,6564.0
49,22482,25,232.62,4,28,Male,Master,6376.09
23,44442,30,47.68,11,93,Female,Master,2883.32
49,53719,11,269.1,31,47,Male,Bachelor,4087.38
21,78066,7,23.45,43,76,Female,High School,2011.87
28,113501,31,123.61,32,30,Female,PhD,5701.67
34,22079,10,27.68,27,23,Male,PhD,941.56
55,22717,39,130.03,30,16,Female,Bachelor,5399.19
41,79676,13,167.23,43,14,Male,Master,3726.48
22,47952,31,163.27,2,74,Female,High School,6365.65
51,106444,7,66.38,49,71,Male,Master,2660.11
23,62460,36,200.81,9,52,Female,PhD,8449.36
39,110397,20,32.54,28,37,Male,Master,2813.35
28,92847,4,233.33,31,29,Female,PhD,2522.25
33,113607,7,285.06,34,67,Female,High School,4128.44
50,109106,1,115.14,15,15,Female,High School,2059.45
26,38449,13,164.83,48,100,Male,Bachelor,3479.88
23,53536,22,126.09,25,47,Male,Bachelor,3988.85
33,84077,21,21.88,36,46,Female,Master,2283.46
46,58258,22,128.04,8,52,Male,High School,4146.44
20,68302,28,241.68,9,19,Female,High School,8221.2
37,48865,9,186.88,37,77,Male,Bachelor,2979.65
53,26645,26,48.35,48,21,Female,PhD,1889.2
36,58000,9,257.2,45,64,Male,Master,3766.82
43,46737,15,168.7,39,37,Female,Master,3698.74
20,31485,10,255.68,32,27,Female,Bachelor,3502.37
36,58565,24,182.46,17,55,Female,High School,5742.56
37,45522,8,176.71,35,29,Female,Bachelor,2377.86
49,85155,24,49.47,37,20,Male,Bachelor,2476.16
24,75168,16,66.86,19,25,Female,Bachelor,2452.14
58,72487,26,292.17,44,70,Male,Bachelor,9234.18
50,32342,27,83.98,29,63,Male,PhD,3407.36
57,60806,37,293.69,7,36,Female,PhD,12019.17
56,68770,4,168.94,28,2,Male,High School,1743.21
35,98623,24,58.02,9,22,Male,Bachelor,2846.78
57,119785,19,47.8,28,96,Male,PhD,3257.26
18,95629,36,78.48,6,16,Female,High School,4678.86
28,72603,39,279.18,29,18,Male,Bachelor,12198.52
45,101974,10,135.96,17,69,Male,Master,3535.86
42,46399,25,130.72,16,54,Female,PhD,4291.14
40,105382,18,107.7,23,100,Female,High School,4496.66
48,101244,19,61.18,31,30,Male,Master,3087.35
47,96534,36,156.6,3,45,Female,Bachelor,7331.25
59,75106,10,56.41,21,19,Male,Bachelor,1725.76
52,50678,33,253.93,26,87,Male,Bachelor,9777.98
24,96218,5,123.71,36,34,Male,PhD,2401.58
33,83230,35,124.94,42,13,Female,High School,5834.42
43,94055,34,152.72,37,43,Male,Master,7027.06
19,76373,33,144.36,22,62,Female,High School,6644.28
18,51480,21,298.56,42,93,Female,PhD,7762.72
29,105230,17,172.71,12,100,Male,High School,5175.52
22,88836,22,44.7,42,22,Female,PhD,2575.95
54,92258,37,189.93,13,52,Female,Bachelor,8599.32
49,59986,15,62.44,11,52,Female,Master,2378.75
26,44160,35,28.66,16,36,Female,Bachelor,2000.19
58,105595,28,291.81,8,73,Female,High School,10303.9
52,99111,7,236.59,40,19,Male,Bachelor,3315.76
36,84929,32,294.43,40,38,Female,Master,11216.19
33,93506,11,153.81,45,70,Male,Bachelor,3876.22
20,54911,10,169.03,2,79,Male,Master,3113.01
37,107127,9,67.13,30,57,Male,Master,2815.84
41,51821,14,89.13,30,20,Male,Bachelor,2374.64
50,95039,13,254.79,12,9,Male,PhD,4884.18
41,80535,25,119.73,10,32,Male,High School,4446.46
28,104458,2,251.51,44,4,Female,PhD,2247.07
25,32175,35,218.52,11,50,Female,PhD,8396.96
53,74771,7,69.61,15,82,Female,Bachelor,2305.5
55,106925,21,162.08,16,5,Male,High School,5044.59
57,86358,18,209.67,17,20,Female,High School,5204.95
37,37327,3,85.81,26,87,Female,PhD,1306.36
52,67057,39,252.59,2,75,Female,Bachelor,11306.73
42,26150,11,172.55,12,37,Male,High School,2537.42
52,24425,39,66.27,26,22,Female,PhD,3313.16
42,36032,24,183.24,23,58,Male,High School,5491.11
46,22198,19,299.92,18,68,Female,Bachelor,6752.4
35,80500,4,62.15,32,93,Male,Bachelor,2450.54
63,73394,26,248.69,49,44,Male,Bachelor,8066.25
35,40079,38,78.05,38,34,Male,High School,3936.13
19,56220,32,239.07,47,77,Female,Master,9057.59
52,61874,39,225.68,3,42,Female,High School,10369.63
33,33859,36,104.14,38,9,Male,Master,4192.25
58,70460,37,111.23,3,95,Female,Bachelor,5956.22
53,51419,33,241.91,30,7,Male,PhD,8995.23
50,28705,36,149.2,1,68,Male,Master,6474.79
21,62880,3,224.63,30,19,Female,Bachelor,1655.83
50,43236,9,61.44,45,94,Female,Bachelor,1980.51
31,107955,8,258.72,32,31,Female,Master,3881.24
38,105514,33,219.05,28,35,Male,PhD,8850.29
37,35358,6,273.94,21,57,Male,Bachelor,2691.56
25,119713,39,57.06,46,85,Female,Master,4685.39
24,114914,4,186.04,13,61,Male,PhD,3207.69
20,96918,13,187.75,27,31,Female,PhD,4288.8
34,34596,2,118.97,36,83,Male,Bachelor,1499.09
50,53572,5,148.37,7,95,Female,High School,2248.53
29,98757,27,30.63,22,53,Female,High School,2793.63
39,21279,32,228.84,10,32,Male,Bachelor,7879.68
39,83197,21,173.81,39,66,Female,PhD,5514.4
63,82516,8,36.17,15,59,Female,Bachelor,2314.35
47,27083,38,210.61,15,10,Male,Master,8359.71
55,37771,8,150.7,4,2,Female,High School,1770.87
55,49975,3,29.65,32,66,Male,Master,1536.53
62,65648,3,291.49,23,60,Female,Bachelor,2325.17
25,68285,22,285.75,6,88,Male,Bachelor,8263.86
44,39063,6,163.61,24,17,Female,PhD,1853.37
44,87642,2,46.23,20,96,Female,PhD,2107.26
51,110093,23,231.29,37,16,Female,PhD,7203.68
38,106143,2,157.74,20,16,Female,Master,1969.93
47,57599,38,104.69,12,46,Male,PhD,5114.71
50,71920,17,157.6,33,39,Male,Bachelor,4114.97
45,48529,35,166.28,28,31,Male,PhD,7041.3
64,55954,34,177.56,8,88,Male,High School,7708.17
50,47856,23,143.54,1,1,Male,PhD,4025.87
22,22573,30,189.61,37,11,Male,Master,6306.07
36,98344,8,277.25,22,85,Male,High School,4457.45
21,55367,22,121.44,6,4,Female,High School,3370.7
52,119608,36,223.2,21,71,Female,High School,10417.55
34,80774,5,270.45,32,26,Female,Master,2824.89
61,43752,13,147.67,35,50,Female,Bachelor,3160.24
45,75029,29,144.17,15,12,Male,PhD,5347.39
47,37685,31,188.59,5,95,Male,High School,7044.67
46,71693,16,185.59,46,81,Male,High School,4778.0
63,75961,30,245.85,48,97,Female,High School,9290.1
23,96908,16,153.42,6,75,Male,Bachelor,4471.81
52,94532,12,298.91,25,92,Female,Bachelor,5778.77
58,101994,17,36.65,46,96,Male,Master,2955.5
54,76133,16,20.89,40,65,Male,Bachelor,2220.71
41,117425,12,199.26,29,47,Male,PhD,4798.64
46,81268,8,103.56,7,92,Male,Master,2926.94
63,112201,20,87.31,40,53,Female,Master,3667.54
48,58243,3,107.33,13,71,Female,PhD,1693.34
52,77384,16,91.69,38,2,Male,PhD,2693.0
50,51653,30,28.62,18,24,Female,PhD,1584.45
38,46657,23,292.03,2,4,Male,Master,7321.16
49,59952,28,81.81,8,19,Male,Master,3329.25
40,42180,5,225.53,11,26,Male,Master,1923.0
50,117432,20,233.53,33,75,Male,PhD,7099.38
20,98411,1,280.19,38,40,Female,PhD,1945.23
35,21622,30,28.55,48,50,Male,High School,1607.79
42,68756,21,264.17,27,43,Male,Bachelor,6999.7
59,60809,20,167.62,20,75,Female,High School,4906.07
48,36725,6,197.11,12,67,Male,PhD,2360.57
20,81396,22,200.45,43,12,Female,Master,5871.13
57,71226,18,249.54,31,67,Male,PhD,6097.04
63,101182,8,113.35,27,27,Male,Bachelor,2712.55
41,102565,39,225.25,32,54,Male,High School,10699.23
49,49402,32,168.0,10,66,Male,High School,6624.5
64,24263,33,242.15,3,49,Male,Master,8594.55
39,116523,16,297.35,45,16,Male,High School,6883.26
40,66828,12,76.18,27,2,Female,High School,1945.56
19,67924,38,298.5,35,60,Male,PhD,13071.45
44,94182,34,45.15,31,54,Female,High School,3488.55
59,113065,14,20.65,15,30,Female,High School,2122.23
19,79052,36,32.37,16,84,Male,High School,3092.77
43,31664,33,115.7,13,38,Female,Master,4744.52
34,55737,23,197.21,49,28,Male,Master,5682.25
57,109563,2,39.33,35,25,Female,PhD,2003.21
50,49373,21,21.59,11,96,Male,High School,1901.27
26,56397,2,282.39,21,10,Female,Master,1536.35
60,106145,27,250.14,11,60,Female,Master,8883.64
56,58709,9,246.57,30,42,Male,PhD,3408.94
46,81120,1,267.64,48,40,Female,Bachelor,1738.55
59,39250,11,216.01,35,97,Male,High School,4004.06
43,41172,3,49.23,22,77,Male,Master,1515.89
52,31555,23,131.75,38,42,Male,PhD,3833.43
42,107410,26,222.48,31,47,Male,PhD,7866.58
41,98617,4,98.49,14,37,Male,PhD,1975.43
30,73276,18,212.47,24,80,Female,Master,5315.04
24,77492,6,26.86,49,22,Female,High School,1760.16
53,73002,35,105.72,32,57,Female,Bachelor,5349.66
62,109599,22,173.76,36,84,Male,High School,6203.55
37,92355,15,196.99,32,27,Female,PhD,4655.07
18,111248,22,181.57,15,41,Female,PhD,6505.18
25,44762,37,215.37,43,80,Female,Bachelor,9496.48
63,31046,12,21.7,35,34,Female,High School,911.27
33,116999,38,48.26,3,32,Female,PhD,3598.81
31,48769,18,263.3,16,90,Male,PhD,6381.12
29,73302,35,210.89,5,89,Male,High School,9331.09
40,43150,30,51.62,21,66,Female,PhD,2852.11
32,88247,24,255.78,10,12,Male,High School,7456.49
45,24853,30,87.82,19,40,Male,PhD,3419.89
51,114613,14,153.91,25,73,Female,High School,4399.43
19,109399,6,60.66,4,76,Female,Bachelor,2720.36
49,41792,3,218.83,29,90,Male,PhD,2208.77
40,79129,16,206.72,19,73,Female,Bachelor,5034.93
39,94478,7,79.11,43,10,Male,PhD,2306.71
42,87298,14,261.75,2,96,Male,PhD,5763.2
39,51987,9,132.37,10,98,Female,Master,2848.92
39,35850,15,101.9,43,48,Male,High School,2339.8
59,32112,21,62.65,25,20,Male,Bachelor,2042.16
23,44058,35,94.53,20,39,Male,Bachelor,4220.08
32,65420,2,26.17,48,60,Female,Bachelor,1680.84
60,58890,27,183.31,19,66,Female,High School,6618.79
54,86017,2,255.82,23,65,Female,Master,2411.32
50,67304,35,173.71,24,51,Female,Bachelor,7410.28
25,52921,18,81.4,11,36,Male,High School,2662.98
61,21524,14,29.43,46,24,Female,PhD,1079.15
61,35048,20,80.1,34,27,Female,Bachelor,2720.51
22,55111,18,136.51,28,2,Female,Bachelor,3393.94
56,57904,10,232.69,5,31,Female,Master,3365.64
21,74912,25,72.6,5,57,Male,Bachelor,3520.28
23,54008,2,221.54,21,78,Male,Bachelor,1900.05
62,20060,25,262.74,12,66,Male,PhD,7433.44
49,94666,33,147.11,4,29,Female,High School,6375.35
47,103559,36,250.0,49,15,Female,High School,10753.02
64,75337,31,175.3,42,12,Male,Master,6748.98
52,33350,14,198.39,20,28,Female,PhD,3522.46
57,44354,1,167.36,38,84,Female,High School,1492.04
33,65186,16,149.69,25,24,Male,PhD,3658.06
30,48145,3,85.7,14,21,Male,High School,1036.75
59,54020,35,104.89,11,10,Female,PhD,4409.6
47,106123,6,101.19,32,78,Female,Master,2993.42
36,95186,25,177.72,11,18,Female,Bachelor,6129.45
34,105469,13,53.59,18,88,Male,Master,2822.56
36,40581,34,276.7,27,14,Male,High School,9908.08
45,108929,8,221.78,18,34,Male,Master,3564.86
43,43051,21,132.4,23,58,Male,Bachelor,3916.92
54,71474,34,64.41,11,76,Female,Master,4065.2
43,111748,4,266.96,21,22,Male,High School,2939.15
40,89626,25,250.66,44,70,Male,High School,8143.49
26,26960,15,222.08,5,36,Female,Master,4055.89
29,55772,4,96.03,23,45,Female,Bachelor,1609.6
18,41520,12,132.69,41,36,Female,Master,2377.93
18,69481,32,48.77,25,22,Male,Bachelor,2622.6
64,56408,32,72.93,41,78,Female,PhD,3683.65
51,114006,28,239.24,10,80,Female,Bachelor,9440.79
49,77134,13,220.21,22,61,Male,PhD,4680.74
42,40491,31,186.18,19,100,Male,Master,7127.89
57,21341,14,270.8,1,56,Female,Bachelor,4727.56
62,64623,20,183.31,7,89,Male,PhD,5276.34
18,110327,18,150.75,4,96,Female,PhD,5305.68
33,20338,29,115.3,1,33,Female,PhD,3926.82
56,91431,6,283.33,15,45,Male,High School,3362.62
22,32254,32,43.16,40,36,Female,Master,2334.9
39,71860,29,280.65,12,20,Male,PhD,9421.38
46,31344,2,251.48,22,18,Male,Bachelor,1220.86
20,21750,23,56.38,22,38,Male,PhD,2003.32
29,74756,19,178.2,47,67,Female,High School,5167.89
43,87957,31,262.63,17,23,Male,Master,9798.97
33,78053,5,180.11,29,96,Male,High School,3284.92
54,90855,19,274.02,46,16,Female,High School,6976.52
39,35896,34,284.04,14,59,Female,High School,10728.75
46,75761,10,138.27,20,69,Female,Bachelor,3064.52
31,82552,25,125.65,48,68,Female,Master,4989.42
45,97454,2,282.17,33,21,Male,Master,2071.73
22,110600,11,209.04,43,78,Male,Bachelor,4768.12
64,47935,31,52.49,15,95,Male,Master,2983.98
47,57641,15,31.84,12,78,Female,High School,1934.35
63,49711,9,178.1,40,70,Female,Master,3089.12
22,90342,23,280.45,20,12,Male,Bachelor,7905.88
29,32182,19,256.39,30,16,Female,High School,5468.3
33,107833,9,209.24,38,81,Female,Bachelor,4045.03
43,76276,35,58.95,3,87,Male,PhD,4090.19
43,39541,21,91.18,28,14,Male,High School,2550.91
38,114457,9,265.14,26,61,Female,High School,4555.23
56,102310,28,71.19,30,71,Female,Master,3887.21
53,64813,7,97.96,13,46,Female,High School,2048.94
50,57198,16,56.29,13,32,Male,Bachelor,1990.62
47,28820,16,209.31,2,15,Male,Master,3932.54
54,44070,33,284.32,37,44,Male,PhD,10293.42
40,89768,4,95.31,49,17,Male,Bachelor,2071.89
27,31122,4,153.11,38,41,Male,PhD,1207.39
22,100559,39,197.62,2,54,Female,PhD,9637.74
53,93543,17,299.85,36,44,Female,PhD,6941.92
51,103441,37,49.35,26,98,Female,High School,4222.23
48,61786,39,159.6,11,5,Male,Bachelor,7236.85
27,114934,29,127.83,8,27,Male,Bachelor,5781.38
36,119804,36,262.43,44,87,Male,High School,12227.24
49,26737,38,153.27,40,78,Female,Master,6905.97
18,56062,39,51.07,43,79,Male,PhD,3405.48
22,74237,37,197.64,22,43,Male,Bachelor,8898.34
62,71571,35,235.82,20,97,Female,High School,10101.23
21,45510,7,20.81,8,31,Male,PhD,1282.01
33,39426,27,260.51,29,99,Female,Master,8384.87
41,57265,28,72.09,40,17,Male,Master,2964.79
33,37850,22,174.58,26,92,Male,PhD,5218.08
19,86150,14,136.42,30,83,Female,Master,3665.07
45,107312,7,221.5,17,54,Female,Bachelor,3556.07
49,109613,37,123.93,20,62,Female,Bachelor,6716.13
44,94910,22,263.53,16,87,Female,Bachelor,7982.38
37,72375,5,224.54,46,32,Female,Master,2406.88
41,55435,2,201.36,43,40,Female,Bachelor,1508.32
29,116443,27,242.95,7,13,Male,High School,8597.83
52,77132,21,231.13,16,84,Male,Bachelor,6712.69
50,98945,38,30.06,45,35,Female,Bachelor,3126.15
50,102050,15,130.53,47,5,Male,Master,3541.43
60,115402,21,280.63,48,73,Female,Bachelor,8296.09
54,22983,10,55.2,27,29,Male,PhD,1214.93
29,117241,23,226.39,23,70,Female,High School,7833.72
20,40662,39,292.89,24,25,Male,Master,12248.0
18,43510,5,34.62,9,95,Male,High School,1578.81
50,98187,1,211.01,35,22,Male,PhD,2094.54
57,60998,13,151.08,20,66,Male,Master,3390.04
27,76846,21,182.17,37,45,Male,Master,5454.95
60,114071,26,43.9,42,69,Female,Bachelor,3640.11
61,26640,21,32.04,17,91,Female,High School,1748.06
46,64547,18,206.72,47,89,Female,PhD,5546.23
30,74620,37,250.53,31,72,Male,PhD,11288.74
29,35317,32,238.96,8,1,Female,Master,8338.67
48,27564,36,172.27,15,84,Male,Bachelor,7359.92
63,47345,17,47.96,31,44,Male,Master,1905.85
19,114223,35,212.65,30,87,Male,Master,9821.45
52,99273,11,87.73,46,96,Female,Master,3165.9
40,94859,21,275.1,20,75,Male,Master,8066.43
34,100765,26,254.71,39,39,Female,PhD,8721.26
43,94038,4,218.63,12,54,Female,PhD,2642.52
25,72393,34,285.68,49,88,Male,Master,11651.67
46,86081,18,28.8,17,75,Male,Master,2460.31
43,49430,35,226.14,42,29,Female,Bachelor,9150.01
27,95532,29,112.47,30,54,Female,Master,5244.03
43,47788,29,273.7,29,90,Female,PhD,9428.7
51,115505,38,94.67,19,16,Female,High School,5414.78
58,68543,21,222.96,46,99,Female,PhD,6645.44
24,33919,13,265.74,11,20,Female,Bachelor,4093.18
21,89346,17,31.66,34,46,Male,PhD,2347.51
62,116122,9,131.34,7,67,Female,High School,3462.49
28,59974,1,233.45,44,65,Female,Master,1685.19
46,36371,2,147.38,34,58,Female,High School,1226.41
53,65084,29,94.83,20,53,Female,Master,4267.46
42,49629,33,81.55,38,1,Male,Master,3525.97
38,71184,10,56.83,24,81,Male,PhD,2600.17
53,81916,21,260.0,10,66,Female,PhD,7081.89
27,93972,28,181.1,32,29,Female,PhD,6870.17
54,82187,11,41.39,15,84,Female,Bachelor,2377.7
26,32984,34,127.12,37,70,Male,PhD,5765.8
41,53039,8,122.97,20,8,Male,Bachelor,1965.69
52,105431,22,70.89,3,29,Male,PhD,3427.75
52,103691,8,141.94,37,51,Male,Master,3160.87
53,78606,15,112.99,40,33,Male,Bachelor,3112.47
35,30616,17,115.71,8,3,Male,High School,2513.02
56,70072,23,226.93,40,60,Female,Bachelor,6623.12
49,44574,24,82.51,44,35,Male,Bachelor,2816.41
41,23430,19,199.72,23,69,Male,High School,4896.0
40,32676,5,179.78,40,91,Female,Bachelor,1932.72
49,30816,32,179.07,11,76,Male,Master,6774.54
54,52733,1,205.64,46,84,Female,PhD,1603.27
29,105680,23,173.55,8,20,Male,High School,5692.48
30,22050,37,266.19,29,73,Female,PhD,10849.46
40,53933,8,209.16,30,39,Female,Master,3001.96
42,44951,13,173.15,10,4,Female,High School,3159.86
52,52413,8,252.33,39,19,Female,PhD,2896.99
58,54801,23,189.72,28,91,Female,PhD,5899.68
47,75619,1,101.52,49,45,Male,Master,2301.69
34,52913,24,77.99,36,43,Male,PhD,3043.95
37,60600,35,62.65,13,13,Female,Master,3099.42
42,77775,24,271.85,32,13,Female,Bachelor,7751.65
39,110816,17,218.84,36,60,Female,Master,5897.9
30,110093,5,282.47,37,57,Male,Bachelor,3534.83
36,55400,20,188.92,26,86,Female,High School,5314.24
53,24494,21,152.55,22,92,Female,PhD,4347.75
29,100688,31,36.72,4,52,Female,Master,3068.38
58,109431,36,208.06,31,53,Female,Master,9474.3
36,94691,11,183.02,18,86,Male,PhD,4212.98
29,117419,15,297.26,38,43,Female,PhD,6658.34
26,63001,19,86.96,24,83,Female,High School,3383.74
24,87364,7,168.61,23,72,Male,High School,2855.56
45,65028,28,202.27,22,72,Female,Master,7282.51
31,117659,5,200.49,2,42,Female,High School,2809.5
48,57573,5,177.16,31,90,Male,Bachelor,2505.06
36,20806,30,237.54,11,26,Male,High School,7766.98
64,76638,32,77.39,28,23,Male,High School,4022.92
33,49757,8,223.18,46,43,Female,Master,3017.96
22,54636,10,193.53,32,77,Female,Bachelor,3536.15
52,100097,38,270.9,5,28,Male,High School,11984.8
29,68280,32,257.21,38,9,Male,Bachelor,9326.54
42,44262,28,108.24,10,20,Male,Bachelor,4278.56
38,100435,17,97.35,40,56,Female,Bachelor,3813.55
53,82211,31,294.86,46,83,Female,PhD,10953.88
40,74842,8,167.63,24,39,Male,PhD,2563.47
33,76979,25,273.8,35,51,Female,PhD,8407.92
56,101470,9,65.89,44,12,Male,PhD,2477.84
62,58197,2,199.99,48,79,Female,Master,2008.25
59,61844,15,246.76,23,95,Female,High School,5101.46
56,84754,3,285.27,17,55,Female,PhD,2574.53
31,54157,36,114.46,1,78,Female,Master,5558.55
48,97129,4,222.99,31,11,Male,High School,2136.54
22,60042,14,170.87,31,26,Female,PhD,3566.43
52,81665,25,36.98,42,42,Female,High School,2417.47
40,102856,10,213.2,42,27,Male,PhD,3699.51
46,47376,21,213.23,34,11,Female,Master,5585.15
60,75554,36,280.57,9,38,Male,Bachelor,11397.19
28,34199,12,159.25,22,98,Male,Bachelor,3151.89
35,101412,27,84.47,13,43,Female,High School,4069.78
64,70948,2,32.48,25,19,Female,Master,1331.52
29,93781,13,136.38,48,64,Male,Bachelor,4052.6
26,92750,32,104.54,18,6,Male,PhD,4641.1
27,86262,31,233.1,12,46,Male,Bachelor,8866.01
61,66600,16,119.19,40,42,Female,High School,3340.17
34,96898,32,285.74,17,92,Male,High School,11236.83
55,82483,32,289.45,15,65,Male,Master,11001.21
24,38297,34,193.85,42,99,Male,High School,8130.53
63,50448,11,280.02,15,72,Female,Bachelor,4329.58
30,46172,10,233.04,15,59,Male,Bachelor,3474.18
57,62874,15,173.12,39,52,Female,Bachelor,3969.21
59,27657,17,70.49,13,47,Female,Bachelor,1999.61
26,104386,18,148.41,17,7,Male,Master,4363.64
44,45425,9,177.04,32,11,Female,PhD,2514.72
19,46685,25,261.91,9,61,Male,PhD,8044.66
22,44578,14,154.77,40,68,Female,Master,3060.68
46,48831,25,271.35,20,25,Female,High School,7731.11
54,27906,22,208.82,26,12,Male,PhD,4955.96
55,81413,30,58.36,27,26,Male,High School,3176.19
36,74028,20,298.59,21,12,Male,PhD,7352.35
25,27287,21,167.63,18,43,Female,High School,4489.2
62,53660,32,129.72,13,51,Female,Master,5576.65
18,95758,21,204.55,16,37,Male,Bachelor,6245.21
39,80504,35,50.49,9,46,Male,High School,3334.62
34,79720,32,198.23,12,53,Female,Bachelor,8196.94
24,54701,30,159.51,44,88,Female,High School,6637.34
42,103300,39,133.87,38,80,Female,High School,7507.25
62,37674,12,286.85,19,13,Male,High School,4325.9
21,103560,18,166.31,7,89,Female,High School,5279.17
53,43874,21,81.35,35,54,Male,High School,3079.99
23,63642,13,148.51,48,57,Female,Bachelor,3413.01
48,117820,21,277.43,18,4,Female,High School,7569.9
36,85160,8,69.31,16,75,Male,Bachelor,2295.88
61,37602,7,79.91,39,96,Male,Master,1943.36
56,108801,23,23.65,4,49,Male,PhD,2588.62
44,45931,32,23.97,25,7,Female,High School,1420.13
27,114377,11,252.23,32,11,Female,PhD,4604.67
43,49192,22,224.99,40,92,Female,Bachelor,6424.68
36,66542,22,119.41,13,54,Male,Master,3921.6
56,62520,25,215.53,45,87,Female,Master,7267.43
20,84772,22,130.66,17,45,Male,Master,4721.89
62,78762,28,286.81,49,23,Male,PhD,9648.82
30,70106,29,290.77,37,28,Male,Bachelor,9769.3
45,101121,13,129.98,6,57,Female,High School,3671.2
37,45559,18,259.18,19,26,Female,High School,5435.15
45,53742,2,236.46,13,25,Male,Bachelor,1567.24
25,89669,29,106.8,26,54,Female,PhD,4951.68
58,100199,21,84.97,14,29,Male,High School,3973.95
56,41754,15,148.31,31,83,Male,Bachelor,3740.03
18,23972,27,238.78,4,97,Female,High School,7637.93
20,90831,31,288.85,39,36,Male,Master,10676.57
30,61873,15,233.8,8,14,Male,High School,4713.29
45,114661,23,259.46,25,78,Female,PhD,8224.13
42,29903,24,188.86,13,35,Male,Bachelor,5458.13
50,23020,13,253.91,32,30,Male,PhD,3787.06
55,61755,22,239.64,38,92,Male,Bachelor,6926.18
23,105956,37,125.56,38,17,Male,Master,6171.33
61,106988,33,174.56,28,67,Male,Bachelor,8049.41
62,65648,3,245.33,30,80,Male,High School,2458.2
49,29516,19,32.9,3,30,Male,High School,1229.62
62,22396,23,246.26,28,93,Female,Master,6660.55
64,104082,29,69.81,3,45,Female,Bachelor,4158.53
38,39129,30,164.11,45,79,Male,Master,6212.19
33,21591,39,246.32,34,89,Male,High School,10595.25
38,31303,25,91.07,16,51,Female,PhD,3474.58
28,50561,37,88.83,22,47,Female,Master,4366.57
54,91719,8,132.77,32,53,Female,PhD,3096.74
53,112108,16,270.5,38,64,Female,PhD,6424.97
52,119616,8,20.12,8,38,Female,Bachelor,2221.96
36,106231,1,272.39,8,64,Male,Master,2469.2
37,27314,5,63.07,6,87,Female,PhD,1424.38
35,39623,3,297.22,14,89,Female,PhD,2262.57
64,87675,1,287.36,32,7,Female,Bachelor,1641.66
58,116826,4,158.51,35,22,Male,Bachelor,2392.76
31,85082,35,163.56,10,81,Male,High School,7888.67
32,103624,32,154.83,3,82,Male,PhD,7099.25
48,53130,34,197.92,12,41,Male,High School,7921.58
18,71756,25,45.4,49,74,Male,PhD,3006.63
20,117624,10,29.13,31,10,Male,High School,2243.97
33,46292,21,36.16,29,57,Female,Bachelor,1861.45
40,106206,39,144.42,5,7,Male,Master,7465.43
28,89274,27,97.15,25,50,Male,Bachelor,4489.21
29,22469,27,194.17,41,91,Female,High School,6419.44
27,73947,2,297.88,31,52,Male,High School,2209.3
49,42534,13,128.17,21,33,Female,Master,2862.56
33,83620,9,180.68,20,1,Female,PhD,2818.91
25,68874,36,136.37,39,53,Male,High School,6506.72
55,69708,22,257.24,22,60,Female,High School,7149.61
29,94553,26,272.63,4,34,Female,High School,8496.23
41,88344,12,265.66,13,4,Female,Master,4276.67
45,69138,17,292.82,45,17,Female,Bachelor,6088.81
25,74302,14,27.71,42,4,Male,High School,1519.7
45,67638,14,255.15,49,43,Female,Master,5354.61
53,98249,34,230.5,20,90,Male,High School,10175.49
43,22719,20,84.03,13,4,Female,PhD,2197.64
25,42890,11,287.77,17,1,Female,Master,3755.26
45,97236,16,61.49,36,71,Female,High School,3091.58
45,56509,31,210.27,33,94,Male,Master,8529.93
54,62534,6,82.97,1,50,Male,High School,1655.67
58,112241,19,140.79,15,73,Male,Bachelor,5041.06
53,38787,37,221.36,13,61,Female,High School,9527.82
44,68845,4,177.73,17,35,Female,Master,2202.49
34,77932,4,139.7,24,8,Female,PhD,2110.01
26,112124,20,111.37,8,24,Female,PhD,4149.19
50,111659,10,255.1,27,83,Male,PhD,5034.4
37,53062,24,60.27,45,36,Female,High School,2636.88
30,95713,35,140.43,23,50,Male,Bachelor,6876.75
45,107263,26,273.05,46,43,Female,High School,9006.96
46,115756,37,256.84,8,27,Male,PhD,11590.27
30,80461,38,132.26,8,32,Male,Master,6548.93
63,95418,21,233.67,26,78,Female,PhD,7023.74
52,86672,39,250.49,47,18,Female,Master,11569.15
23,54832,21,268.89,13,28,Male,Bachelor,6679.36
35,51966,10,172.46,39,29,Female,Master,2995.26
22,92545,38,77.25,37,16,Female,High School,4721.77
64,32987,4,91.49,49,99,Male,High School,1879.1
42,57311,20,102.79,28,47,Male,High School,3202.7
19,51575,17,186.26,25,59,Male,Master,4515.91
27,83852,7,29.19,16,31,Male,High School,2035.88
47,21007,4,198.09,2,4,Female,High School,870.68
62,90981,29,122.02,18,37,Male,High School,5207.15
22,96242,14,102.67,17,17,Male,Bachelor,3225.36
50,67517,3,266.26,30,39,Male,Master,2166.24
18,49257,24,148.8,39,48,Female,Master,4893.54
35,107272,37,46.61,13,46,Male,PhD,3939.03
49,62207,16,251.49,32,90,Female,Master,5775.75
64,33281,4,33.34,29,48,Male,Bachelor,1150.92
28,81246,24,223.49,46,39,Male,Master,7000.23
38,21435,34,236.69,30,4,Female,Bachelor,8505.66
43,118875,30,118.73,18,30,Male,Bachelor,5936.42
42,111357,18,250.94,13,30,Male,Master,6443.68
39,46660,19,164.38,43,22,Female,PhD,4032.15
44,25084,31,149.72,21,75,Male,High School,5815.84
30,102197,19,32.71,30,66,Male,High School,2616.01
50,33507,19,101.21,21,12,Male,Master,2471.39
51,92595,22,280.68,48,94,Male,Master,8320.63
58,103807,24,129.71,17,36,Female,Bachelor,4953.76
52,65539,12,173.08,40,18,Male,Master,3252.22
18,27491,30,168.97,19,90,Female,Bachelor,6344.33
38,70192,38,185.32,15,53,Male,PhD,8497.69
23,100395,31,37.17,9,71,Female,Master,3355.11
45,83888,36,121.41,10,1,Male,High School,5786.71
34,93609,19,222.48,44,58,Female,High School,6085.23
22,29077,36,76.16,31,90,Male,Master,4086.32
48,40953,30,77.0,23,87,Female,Bachelor,3806.31
22,96919,33,22.83,30,90,Female,High School,2723.03
55,87889,18,142.49,33,6,Male,Bachelor,4041.18
20,43821,28,267.17,9,70,Female,Master,8640.11
40,57567,11,34.53,47,44,Male,Master,1884.79
54,44860,33,73.51,1,72,Male,High School,3599.24
54,41195,17,106.82,44,24,Male,Master,2512.94
27,97475,6,224.88,35,86,Male,PhD,3564.93
27,110874,4,199.38,11,19,Male,PhD,2500.08
36,107266,20,136.46,34,18,Female,High School,4677.63
34,41427,27,232.54,16,95,Male,PhD,7570.69
38,47083,15,190.7,9,30,Male,Bachelor,3822.12
31,107046,6,270.89,32,42,Male,High School,3862.9
26,77372,14,249.05,15,33,Male,High School,5106.06
63,64064,11,90.79,12,74,Male,Bachelor,2647.33
18,27813,39,96.0,33,12,Male,PhD,4304.06
62,51598,9,55.1,45,94,Female,PhD,2169.3
30,113106,26,114.35,14,27,Female,PhD,5017.04
21,47082,16,299.87,8,39,Male,High School,5684.16
18,49241,5,133.61,8,9,Female,High School,1622.37
57,116214,10,81.74,27,21,Male,PhD,2617.36
49,64569,3,233.5,12,76,Male,Master,2386.9
51,31745,13,171.89,1,29,Male,PhD,2778.71
45,46029,30,61.89,43,33,Male,Bachelor,3191.55
48,33025,6,126.59,40,62,Male,High School,1945.42
25,34288,17,136.05,42,15,Female,Bachelor,2797.77
56,109186,19,231.07,11,2,Female,Bachelor,6065.98
43,26540,35,25.79,39,52,Female,High School,1716.54
51,117768,26,95.33,43,44,Female,Master,4587.14
20,101958,5,164.93,31,54,Male,PhD,2870.09
29,88878,29,95.28,17,18,Female,Bachelor,4135.09
18,61846,37,195.96,33,3,Male,High School,8382.43
61,95932,20,154.92,32,7,Female,Bachelor,4763.08
22,37482,21,121.28,29,43,Female,PhD,3563.82
47,43411,10,285.78,21,82,Female,Master,4204.04
47,70975,5,197.0,21,38,Female,Master,2494.6
34,80545,36,56.38,40,37,Male,Master,3732.56
64,98797,6,176.83,23,58,Female,High School,3121.17
40,72307,26,238.6,6,33,Female,High School,7367.42
32,23093,4,218.38,22,59,Male,Master,1617.66
54,97258,39,68.18,38,95,Male,PhD,4913.68
38,42042,39,292.28,37,11,Female,PhD,11970.18
31,72930,35,145.67,45,68,Male,High School,6860.0
19,64413,1,64.53,8,82,Male,Master,1914.38
28,113623,24,70.45,41,68,Male,PhD,4208.9
56,117883,36,47.51,49,98,Female,PhD,4471.55
55,53756,6,244.99,35,93,Male,PhD,3199.44
51,73268,31,54.17,11,88,Female,High School,3836.58
55,59214,20,55.04,24,22,Female,Master,2339.59
51,101871,24,258.13,49,66,Female,Bachelor,8488.03
35,48602,25,116.49,21,44,Female,Master,3819.44
47,73331,36,28.64,2,6,Male,Master,2382.93
32,68901,21,34.53,40,42,Female,High School,2234.42
44,119986,30,59.81,19,25,Male,PhD,3820.12
51,83416,24,79.75,39,57,Female,PhD,3650.09
55,52196,30,206.24,28,85,Male,High School,7623.85
50,25626,22,64.05,17,55,Female,High School,2456.01
41,27424,28,53.28,6,16,Male,High School,2038.95
32,32857,7,234.12,19,95,Female,High School,2852.94
47,39982,35,207.9,38,14,Female,High School,7948.5
59,96961,28,141.89,28,39,Male,Bachelor,5820.92
34,21980,14,173.81,2,28,Female,Master,2937.1
22,68290,10,107.36,38,96,Female,Master,2853.79
46,46431,16,155.1,37,92,Female,Master,3780.74
21,104976,16,161.87,4,51,Male,PhD,4724.46
27,102711,31,128.43,22,49,Female,Bachelor,5937.29
34,46385,25,273.84,26,9,Female,Master,7502.99
27,58158,13,24.5,49,58,Male,PhD,1712.18
34,43019,6,239.01,43,45,Male,Bachelor,2607.71
37,38639,9,54.83,36,22,Male,Bachelor,1325.38
41,105530,36,243.31,13,32,Male,PhD,10652.76
22,119911,20,192.46,32,69,Male,Bachelor,6270.25
51,41563,18,256.12,17,87,Female,PhD,5772.08
23,59341,21,47.3,41,69,Female,Master,2659.69
19,25776,4,176.51,36,42,Female,PhD,1244.44
30,56444,33,160.3,46,53,Male,Bachelor,6721.79
60,88916,27,217.73,19,96,Female,Master,8110.79
60,28711,7,169.6,35,59,Male,Master,2126.89
28,94318,6,171.41,46,74,Male,High School,3180.24
64,102970,15,140.29,40,39,Female,High School,3999.33
40,105553,18,106.47,28,15,Male,Bachelor,3730.58
33,50707,32,155.03,1,71,Male,PhD,6440.5
48,59110,11,53.18,42,29,Female,PhD,1668.81
28,81788,20,289.22,18,3,Male,Bachelor,7172.31
33,102879,24,220.04,48,83,Male,Master,7838.0
25,58827,15,286.69,40,10,Female,Bachelor,5382.44
21,25655,7,83.48,33,92,Male,Bachelor,1695.72
57,64859,21,266.22,12,29,Male,Master,7158.99
21,73625,26,246.46,8,79,Female,PhD,8173.64
42,72098,14,209.6,24,35,Female,Bachelor,4378.6
20,35251,37,195.01,16,6,Female,PhD,7861.99
49,20526,21,108.63,4,12,Female,Bachelor,2760.3
20,88760,18,248.6,38,38,Male,Master,6135.37
44,67837,5,160.42,44,77,Male,Master,2552.15
46,31536,3,39.85,27,93,Female,High School,1533.42
49,48541,23,107.6,9,19,Male,Master,3316.9
36,99083,26,281.88,47,67,Male,High School,9382.13
38,71027,37,258.19,16,8,Female,Bachelor,10670.62
22,54531,24,294.93,12,8,Female,PhD,7819.62
35,28712,19,195.84,31,84,Male,Master,4783.21
45,85455,25,89.3,24,47,Female,Master,3829.79
59,94744,21,65.59,14,4,Female,Master,2858.47
39,25109,12,72.34,45,51,Female,Bachelor,1868.14
38,69268,33,25.54,25,85,Male,High School,2829.9
23,74615,4,129.39,34,67,Female,Bachelor,2249.36
18,102503,7,73.6,3,45,Male,PhD,2487.22
22,49759,22,135.26,24,8,Male,Bachelor,3870.61
58,105708,33,281.8,42,87,Male,PhD,11351.0
29,80112,17,140.55,9,16,Female,Master,3564.85
43,46589,24,265.84,26,77,Female,PhD,7861.18
63,50015,34,189.54,20,67,Female,PhD,7899.36
51,49009,28,89.2,40,9,Female,High School,3510.08
31,103309,39,119.64,10,60,Female,PhD,6688.92
43,82046,22,43.5,19,78,Male,PhD,2550.46
62,46143,17,113.37,3,77,Male,Bachelor,3087.16
44,26154,34,209.71,24,71,Male,Master,8007.12
26,41804,6,40.19,5,15,Female,Bachelor,1092.52
43,61688,6,77.51,3,71,Male,Bachelor,1910.77
64,84288,34,126.8,27,98,Male,Master,6667.08
39,71195,1,294.97,16,41,Female,Master,1943.04
64,40581,10,239.76,49,22,Female,PhD,3531.37
47,72648,21,225.38,15,24,Male,PhD,5907.22
60,50087,5,52.53,35,44,Male,High School,1509.59
34,69930,2,238.68,12,1,Female,Bachelor,1486.68
43,52981,22,239.88,41,10,Female,Master,6283.26
53,89298,2,188.31,44,80,Female,PhD,2323.25
18,66167,10,297.3,26,72,Female,Master,4777.43
25,95304,34,111.07,47,56,Male,PhD,5629.9
52,63408,16,283.56,34,89,Male,High School,5975.99
32,59499,39,276.12,23,50,Female,High School,12412.23
64,72269,22,23.21,31,12,Male,Master,1819.03
39,58559,12,146.03,20,89,Male,High School,3222.38
31,94319,24,293.59,12,81,Female,Master,9108.6
43,115317,38,48.87,23,60,Male,PhD,4026.29
45,116347,10,173.38,4,26,Male,Bachelor,3695.87
40,68787,35,294.11,23,78,Male,High School,12116.07
31,55488,32,175.54,48,41,Female,PhD,6970.47
41,94441,7,73.15,48,36,Female,Bachelor,2350.72
19,94663,21,183.01,1,23,Male,Bachelor,5449.94
62,42431,20,77.24,25,43,Female,Bachelor,2737.07
43,81681,26,165.52,2,6,Female,PhD,5291.92
31,83483,4,40.73,30,69,Female,PhD,1914.83
24,69153,22,189.54,3,43,Male,Master,5410.38
20,26368,15,164.7,21,25,Male,Bachelor,3258.96
64,47424,21,227.25,25,18,Female,Bachelor,5566.75
40,65004,15,196.6,20,62,Male,Bachelor,4267.17
63,103869,22,173.89,49,13,Male,Master,5668.01
60,108652,28,213.14,22,43,Male,Bachelor,7849.39
64,76985,14,60.3,21,78,Male,PhD,2612.37
62,70069,27,186.7,33,28,Male,Bachelor,6739.11
35,72326,28,68.19,38,18,Female,High School,3332.28
55,101061,26,279.15,15,59,Male,PhD,9244.16
52,43398,2,39.13,46,60,Male,Master,1283.06
32,118393,25,140.5,15,63,Male,Bachelor,5958.52
42,70861,3,214.82,46,57,Female,High School,2354.81
54,95897,8,148.25,25,92,Female,Master,3421.79
45,101905,33,45.79,21,51,Female,Master,3505.18
27,88577,35,174.95,24,56,Male,PhD,7725.93
56,85641,6,199.66,5,27,Female,Master,2455.07
34,29078,39,217.06,6,32,Female,Master,9142.99
56,45003,23,124.51,49,9,Female,Master,3613.78
39,82768,25,177.82,43,96,Female,Master,6628.93
43,71047,19,146.19,48,84,Male,Bachelor,4640.89
61,91626,5,208.18,44,92,Female,Bachelor,3123.37
42,77660,11,183.4,47,97,Female,Bachelor,4076.78
34,69786,12,167.21,23,68,Male,Bachelor,3580.58
30,21925,10,89.87,4,46,Male,High School,1913.57
37,103976,8,20.57,27,98,Female,Bachelor,2620.14
42,46015,24,68.74,18,67,Male,Master,2677.89
21,53320,28,52.78,21,26,Female,Bachelor,2800.72
27,84881,36,145.74,28,8,Male,Bachelor,6544.88
20,110827,37,191.43,35,6,Male,PhD,8717.1
58,46289,21,79.66,22,80,Female,Master,3372.75
62,23389,8,282.94,40,24,Male,Bachelor,2938.23
35,45683,9,21.87,23,48,Female,Bachelor,1417.19
64,33629,15,236.24,3,94,Male,Bachelor,4915.99
53,81550,18,195.06,40,45,Female,High School,5143.43
64,44826,20,124.6,10,13,Male,Bachelor,3202.53
39,46630,6,34.14,25,69,Male,PhD,1444.9
51,118762,12,195.7,49,25,Male,Master,4669.16
64,66163,2,127.97,8,20,Male,Master,1454.95
25,118511,7,282.15,11,82,Male,Bachelor,4627.65
57,86435,16,171.76,5,82,Female,Bachelor,4699.22
61,31653,3,283.1,45,66,Male,Bachelor,1828.79
36,47961,3,81.74,37,74,Female,Master,1414.3
59,101941,27,223.2,45,45,Female,Master,8102.72
58,94137,38,192.83,38,47,Female,High School,9445.71
54,53662,33,227.03,29,63,Male,PhD,8726.02
23,118818,28,80.11,5,76,Female,High School,4720.36
43,76446,1,206.2,9,77,Male,PhD,1780.55
51,41288,8,159.45,48,55,Female,High School,2347.57
62,115081,37,227.99,2,75,Female,Master,10806.04
23,56877,32,111.57,1,19,Female,High School,4318.15
54,35313,37,269.22,40,35,Female,PhD,10848.13
50,100885,4,43.6,30,53,Female,Bachelor,2046.17
39,92715,30,246.01,11,26,Male,PhD,9091.74
38,30326,6,261.17,28,14,Female,Bachelor,2165.1
23,21560,19,248.83,44,45,Female,Master,5640.09
23,99148,32,163.56,12,44,Male,PhD,7055.2
21,103186,9,142.75,39,88,Male,High School,3410.18
47,46745,12,298.95,26,65,Male,PhD,4637.53
28,51890,11,84.17,13,51,Female,Bachelor,1851.87
47,40022,16,173.13,8,43,Female,Master,3825.35
48,72579,1,207.79,28,86,Female,High School,2424.13
41,90316,21,216.24,30,23,Female,PhD,6205.07
26,103847,30,77.13,9,56,Female,Bachelor,4588.41
20,48380,13,203.12,39,19,Female,High School,3766.3
48,22356,34,249.14,31,82,Male,Master,9446.35
57,90326,4,34.01,21,76,Male,High School,2330.73
54,112447,28,275.23,47,55,Female,Master,9855.36
53,109899,38,28.26,34,92,Female,High School,3457.56
41,40049,31,119.67,31,92,Female,PhD,5077.22
48,95717,27,24.43,25,60,Female,Bachelor,2601.19
23,36082,5,41.6,12,59,Female,PhD,1344.44
19,20661,25,275.13,1,33,Male,PhD,7353.53
37,57412,3,119.36,22,19,Male,Master,1548.63
45,22920,33,138.94,40,28,Female,Master,5364.03
28,111194,4,80.3,37,52,Male,Master,2530.55
21,80315,25,187.19,47,49,Female,PhD,6661.42
32,99561,20,186.54,1,37,Female,High School,5715.32
23,28946,34,124.22,1,26,Female,High School,5028.13
47,114242,26,113.25,42,99,Male,PhD,5544.05
55,65500,5,267.79,42,98,Male,PhD,3242.21
19,36309,35,127.32,21,99,Female,Bachelor,5913.41
32,75230,28,158.18,15,40,Male,Master,5909.48
28,118656,29,99.33,17,80,Male,Master,5278.07
25,50027,9,240.3,22,38,Female,PhD,2900.25
43,92541,38,131.29,38,77,Male,PhD,7176.8
62,79321,6,163.81,35,87,Male,High School,3094.89
61,20956,19,90.94,45,54,Female,PhD,2390.03
22,94131,11,296.54,16,22,Female,High School,4972.68
23,67908,2,101.62,8,16,Male,PhD,1277.13
43,98339,9,235.81,47,28,Female,Bachelor,3860.4
21,45963,21,139.7,17,35,Male,Bachelor,4133.76
36,59443,24,77.74,17,60,Female,High School,3122.81
37,119259,34,243.92,26,45,Female,Master,10345.34
50,59063,22,113.41,13,46,Female,Bachelor,4045.69
37,100818,3,262.25,17,72,Female,High School,2887.19
29,24703,12,276.27,38,55,Male,PhD,4388.77
64,85128,28,260.75,17,86,Female,PhD,9060.11
18,92099,30,29.8,48,85,Female,High School,2823.69
43,45849,26,240.46,14,26,Female,Master,7038.75
31,51860,21,135.18,45,85,Male,High School,4314.46
55,51585,28,264.64,6,25,Male,High School,8185.2
54,42015,26,198.63,35,65,Female,Bachelor,6440.0
28,97539,33,253.42,46,6,Female,High School,10031.13
53,63585,21,159.84,14,23,Female,High School,4387.69
30,46958,35,169.81,47,64,Female,PhD,7130.93
60,46017,34,60.43,8,87,Female,Bachelor,3353.86
20,96707,18,239.52,15,43,Female,PhD,5961.23
50,65350,11,137.43,27,23,Male,PhD,2295.65
23,32201,23,160.02,13,96,Female,Master,4944.72
27,49426,22,239.83,49,30,Female,Master,6291.08
22,37778,17,187.68,31,77,Female,Bachelor,4386.01
40,65241,5,76.31,35,18,Female,Bachelor,1422.39
27,62229,11,185.27,6,87,Female,Master,3800.98
61,106652,30,134.14,5,79,Female,Master,6629.79
19,68364,15,151.47,22,97,Male,Master,3992.4
